indicativo,nombre,island,year,n_days,n_temp,n_prec,pct_temp,pct_prec,tmed_annual,tmin_annual,tmax_annual,prec_annual,tropical_nights_annual,equatorial_nights_annual,torrid_nights_annual,warm_days_30,warm_days_35,use_for_annual,baseline_tmed,baseline_tmin,baseline_tmax,anom_tmed,anom_tmin,anom_tmax
C018J,TÍAS,Lanzarote,2015,365,358,360,0.9808219178082191,0.9863013698630136,18.49413407821229,15.1268156424581,21.85977653631285,165.5,13,0,0,14,3,TRUE,19.020044870874305,15.332535340290049,22.706307008863625,-0.5259107926620139,-0.20571969783194888,-0.846530472550775
C018J,TÍAS,Lanzarote,2016,366,365,365,0.9972677595628415,0.9972677595628415,18.375342465753423,15.06931506849315,21.68082191780822,199,9,0,0,11,2,TRUE,19.020044870874305,15.332535340290049,22.706307008863625,-0.6447024051208814,-0.26322027179689833,-1.0254850910554048
C018J,TÍAS,Lanzarote,2017,364,362,364,0.9945054945054945,1,19.08950276243094,15.518508287292818,22.656629834254144,51.8,15,3,0,20,3,TRUE,19.020044870874305,15.332535340290049,22.706307008863625,0.06945789155663462,0.18597294700276912,-0.04967717460948151
C018J,TÍAS,Lanzarote,2018,363,363,362,1,0.9972451790633609,17.85840220385675,14.720110192837465,20.99944903581267,214,2,0,0,7,0,TRUE,19.020044870874305,15.332535340290049,22.706307008863625,-1.1616426670175564,-0.6124251474525835,-1.7068579730509548
C018J,TÍAS,Lanzarote,2019,362,361,362,0.9972375690607734,1,18.58365650969529,14.920498614958449,22.253185595567867,85.7,3,0,0,10,0,TRUE,19.020044870874305,15.332535340290049,22.706307008863625,-0.4363883611790129,-0.41203672533159974,-0.45312141329575795
C018J,TÍAS,Lanzarote,2020,366,365,365,0.9972677595628415,0.9972677595628415,19.464931506849315,15.424931506849315,23.504383561643834,89.4,9,1,0,27,2,TRUE,19.020044870874305,15.332535340290049,22.706307008863625,0.4448866359750099,0.09239616655926675,0.7980765527802092
C018J,TÍAS,Lanzarote,2021,365,364,364,0.9972602739726028,0.9972602739726028,18.775549450549452,14.902472527472527,22.641758241758243,130.6,5,1,0,19,4,TRUE,19.020044870874305,15.332535340290049,22.706307008863625,-0.24449542032485283,-0.43006281281752123,-0.06454876710538215
C018J,TÍAS,Lanzarote,2022,365,365,365,1,1,19.447123287671232,15.61917808219178,23.273150684931508,245.79999999999998,15,0,0,17,3,TRUE,19.020044870874305,15.332535340290049,22.706307008863625,0.4270784167969275,0.28664274190173167,0.566843676067883
C018J,TÍAS,Lanzarote,2023,364,363,344,0.9972527472527473,0.945054945054945,20.215977961432507,16.041322314049587,24.388429752066116,85.4,32,3,0,39,8,TRUE,19.020044870874305,15.332535340290049,22.706307008863625,1.1959330905582028,0.7087869737595387,1.6821227432024912
C018J,TÍAS,Lanzarote,2024,366,364,364,0.994535519125683,0.994535519125683,19.726923076923075,15.932692307692308,23.51565934065934,92,9,0,0,16,0,TRUE,19.020044870874305,15.332535340290049,22.706307008863625,0.7068782060487706,0.6001569674022598,0.809352331795715
C018J,TÍAS,Lanzarote,2025,365,362,363,0.9917808219178083,0.9945205479452055,19.188950276243094,15.382044198895027,22.996132596685083,189.8,11,1,0,16,7,TRUE,19.020044870874305,15.332535340290049,22.706307008863625,0.16890540536878973,0.049508858604978556,0.28982558782145773
C019V,YAIZA PLAYA BLANCA,Lanzarote,2015,363,313,304,0.8622589531680441,0.837465564738292,21.51405750798722,18.74888178913738,24.284664536741214,113.3,126,0,0,13,1,TRUE,21.19445879412735,18.333869158157032,24.057254342365912,0.3195987138598717,0.41501263098034613,0.2274101943753024
C019V,YAIZA PLAYA BLANCA,Lanzarote,2016,366,365,365,0.9972677595628415,0.9972677595628415,20.766849315068495,18.013150684931507,23.51698630136986,122,106,0,0,8,1,TRUE,21.19445879412735,18.333869158157032,24.057254342365912,-0.42760947905885516,-0.3207184732255257,-0.5402680409960503
C019V,YAIZA PLAYA BLANCA,Lanzarote,2017,365,364,362,0.9972602739726028,0.9917808219178083,21.244230769230768,18.370604395604396,24.120054945054946,27.8,135,0,0,16,0,TRUE,21.19445879412735,18.333869158157032,24.057254342365912,0.04977197510341824,0.03673523744736329,0.06280060268903398
C019V,YAIZA PLAYA BLANCA,Lanzarote,2018,365,365,365,1,1,20.266849315068495,17.525205479452055,23.011780821917807,49.199999999999996,94,0,0,1,0,TRUE,21.19445879412735,18.333869158157032,24.057254342365912,-0.9276094790588552,-0.8086636787049777,-1.0454735204481054
C019V,YAIZA PLAYA BLANCA,Lanzarote,2019,362,362,362,1,1,20.73646408839779,17.87790055248619,23.603591160220994,15.200000000000001,106,0,0,4,0,TRUE,21.19445879412735,18.333869158157032,24.057254342365912,-0.45799470572956125,-0.45596860567084363,-0.4536631821449184
C019V,YAIZA PLAYA BLANCA,Lanzarote,2020,366,366,366,1,1,21.346448087431693,18.43032786885246,24.266120218579236,23.2,134,0,0,11,0,TRUE,21.19445879412735,18.333869158157032,24.057254342365912,0.15198929330434297,0.09645871069542622,0.20886587621332353
C019V,YAIZA PLAYA BLANCA,Lanzarote,2021,355,351,351,0.9887323943661972,0.9887323943661972,20.811680911680913,17.900284900284902,23.72022792022792,67.8,94,1,0,6,1,TRUE,21.19445879412735,18.333869158157032,24.057254342365912,-0.38277788244643673,-0.4335842578721305,-0.33702642213799194
C019V,YAIZA PLAYA BLANCA,Lanzarote,2022,365,365,361,1,0.989041095890411,21.476438356164383,18.55041095890411,24.40219178082192,65.8,133,0,0,13,1,TRUE,21.19445879412735,18.333869158157032,24.057254342365912,0.28197956203703356,0.21654180074707696,0.34493743845600733
C019V,YAIZA PLAYA BLANCA,Lanzarote,2023,365,364,364,0.9972602739726028,0.9972602739726028,22.065934065934066,18.967582417582417,25.158516483516483,35.6,158,3,0,33,3,TRUE,21.19445879412735,18.333869158157032,24.057254342365912,0.871475271806716,0.6337132594253845,1.1012621411505705
C019V,YAIZA PLAYA BLANCA,Lanzarote,2024,366,366,366,1,1,21.715573770491805,18.90273224043716,24.5327868852459,27.6,134,1,0,6,0,TRUE,21.19445879412735,18.333869158157032,24.057254342365912,0.5211149763644549,0.5688630822801279,0.47553254287998925
C019V,YAIZA PLAYA BLANCA,Lanzarote,2025,365,365,364,1,0.9972602739726028,21.194520547945206,18.385479452054796,24.01287671232877,84.2,132,0,0,11,3,TRUE,21.19445879412735,18.333869158157032,24.057254342365912,6.1753817856669e-5,0.05161029389776317,-0.044377630037143234
C029O,LANZAROTE AEROPUERTO,Lanzarote,2015,365,365,365,1,1,21.93178082191781,17.78109589041096,26.076712328767123,63.8,112,1,0,59,8,TRUE,21.84935532137765,17.648300982261752,26.048336896056107,0.08242550054015751,0.1327949081492079,0.028375432711015947
C029O,LANZAROTE AEROPUERTO,Lanzarote,2016,366,362,366,0.9890710382513661,1,21.646408839779006,17.522099447513813,25.76795580110497,127.8,99,1,0,48,7,TRUE,21.84935532137765,17.648300982261752,26.048336896056107,-0.20294648159864437,-0.12620153474793838,-0.28038109495113517
C029O,LANZAROTE AEROPUERTO,Lanzarote,2017,365,365,365,1,1,21.96876712328767,17.702739726027396,26.23095890410959,49.5,116,2,0,52,9,TRUE,21.84935532137765,17.648300982261752,26.048336896056107,0.11941180191001877,0.05443874376564395,0.18262200805348172
C029O,LANZAROTE AEROPUERTO,Lanzarote,2018,365,363,365,0.9945205479452055,1,20.866666666666667,16.87823691460055,24.85123966942149,143,85,0,0,22,2,TRUE,21.84935532137765,17.648300982261752,26.048336896056107,-0.9826886547109837,-0.7700640676612025,-1.197097226634618
C029O,LANZAROTE AEROPUERTO,Lanzarote,2019,365,364,365,0.9972602739726028,1,21.317857142857143,17.12087912087912,25.51868131868132,52.3,87,0,0,32,4,TRUE,21.84935532137765,17.648300982261752,26.048336896056107,-0.5314981785205077,-0.5274218613826314,-0.5296555773747862
C029O,LANZAROTE AEROPUERTO,Lanzarote,2020,366,362,366,0.9890710382513661,1,21.950828729281767,17.63342541436464,26.26767955801105,67.2,114,0,0,49,4,TRUE,21.84935532137765,17.648300982261752,26.048336896056107,0.10147340790411619,-0.014875567897110642,0.21934266195494345
C029O,LANZAROTE AEROPUERTO,Lanzarote,2021,365,363,365,0.9945205479452055,1,21.492011019283748,17.066391184573003,25.91129476584022,80.2,77,1,0,42,8,TRUE,21.84935532137765,17.648300982261752,26.048336896056107,-0.3573443020939031,-0.5819097976887484,-0.1370421302158853
C029O,LANZAROTE AEROPUERTO,Lanzarote,2022,365,361,365,0.989041095890411,1,22.169252077562327,17.83656509695291,26.500831024930747,115.8,100,0,0,57,4,TRUE,21.84935532137765,17.648300982261752,26.048336896056107,0.3198967561846757,0.1882641146911581,0.45249412887464047
C029O,LANZAROTE AEROPUERTO,Lanzarote,2023,365,364,365,0.9972602739726028,1,22.70576923076923,18.40164835164835,27.014285714285716,39.5,141,3,0,87,13,TRUE,21.84935532137765,17.648300982261752,26.048336896056107,0.8564139093915806,0.7533473693865993,0.9659488182296094
C029O,LANZAROTE AEROPUERTO,Lanzarote,2024,366,366,366,1,1,22.34808743169399,18.29617486338798,26.395628415300546,44.7,102,0,0,35,1,TRUE,21.84935532137765,17.648300982261752,26.048336896056107,0.49873211031633957,0.6478738811262268,0.3472915192444397
C029O,LANZAROTE AEROPUERTO,Lanzarote,2025,365,365,365,1,1,21.945479452054794,17.892054794520547,25.996438356164383,82.5,116,5,0,44,6,TRUE,21.84935532137765,17.648300982261752,26.048336896056107,0.09612413067714343,0.24375381225879522,-0.05189853989172377
C038N,HARÍA,Lanzarote,2015,365,357,353,0.9780821917808219,0.9671232876712329,19.035014005602243,15.770028011204483,22.298319327731093,51.6,26,0,0,16,2,TRUE,19.22119078529327,16.09511173712448,22.34673725689247,-0.18617677969102786,-0.32508372591999724,-0.04841792916137777
C038N,HARÍA,Lanzarote,2016,363,363,363,1,1,18.84793388429752,15.761157024793388,21.932231404958678,138.4,14,0,0,8,0,TRUE,19.22119078529327,16.09511173712448,22.34673725689247,-0.3732569009957487,-0.3339547123310922,-0.41450585193379297
C038N,HARÍA,Lanzarote,2017,363,358,361,0.9862258953168044,0.9944903581267218,19.422067039106146,16.09022346368715,22.750558659217877,61.800000000000004,19,3,0,22,4,TRUE,19.22119078529327,16.09511173712448,22.34673725689247,0.20087625381287566,-0.004888273437330781,0.40382140232540564
C038N,HARÍA,Lanzarote,2018,365,364,364,0.9972602739726028,0.9972602739726028,18.282967032967033,15.40467032967033,21.16043956043956,92.8,12,0,0,4,0,TRUE,19.22119078529327,16.09511173712448,22.34673725689247,-0.9382237523262376,-0.6904414074541503,-1.186297696452911
C038N,HARÍA,Lanzarote,2019,365,363,363,0.9945205479452055,0.9945205479452055,18.74573002754821,15.668870523415977,21.822038567493113,65.3,8,0,0,7,0,TRUE,19.22119078529327,16.09511173712448,22.34673725689247,-0.47546075774506136,-0.42624121370850254,-0.5246986893993579
C038N,HARÍA,Lanzarote,2020,366,364,364,0.994535519125683,0.994535519125683,19.440384615384616,16.270879120879123,22.606043956043955,113.2,26,2,0,15,3,TRUE,19.22119078529327,16.09511173712448,22.34673725689247,0.21919383009134563,0.17576738375464274,0.25930669915148385
C038N,HARÍA,Lanzarote,2021,365,364,364,0.9972602739726028,0.9972602739726028,18.89835164835165,15.818406593406593,21.976923076923075,121.6,19,1,0,9,1,TRUE,19.22119078529327,16.09511173712448,22.34673725689247,-0.3228391369416208,-0.2767051437178871,-0.3698141799693957
C038N,HARÍA,Lanzarote,2022,365,363,363,0.9945205479452055,0.9945205479452055,19.524517906336087,16.433608815426997,22.61900826446281,191.4,25,2,0,8,3,TRUE,19.22119078529327,16.09511173712448,22.34673725689247,0.3033271210428161,0.33849707830251674,0.27227100757033895
C038N,HARÍA,Lanzarote,2023,365,364,364,0.9972602739726028,0.9972602739726028,20.126648351648353,16.80576923076923,23.449725274725274,138.2,58,1,0,24,3,TRUE,19.22119078529327,16.09511173712448,22.34673725689247,0.9054575663550821,0.7106574936447494,1.1029880178328035
C038N,HARÍA,Lanzarote,2024,365,360,364,0.9863013698630136,0.9972602739726028,19.813055555555554,16.733055555555556,22.892777777777777,46.800000000000004,24,0,0,9,0,TRUE,19.22119078529327,16.09511173712448,22.34673725689247,0.5918647702622835,0.6379438184310757,0.5460405208853061
C038N,HARÍA,Lanzarote,2025,365,364,363,0.9972602739726028,0.9945205479452055,19.29642857142857,16.28956043956044,22.306043956043958,202.4,36,2,0,14,5,TRUE,19.22119078529327,16.09511173712448,22.34673725689247,0.07523778613530041,0.19444870243595958,-0.0406933008485133
C048W,TINAJO,Lanzarote,2015,350,330,331,0.9428571428571428,0.9457142857142857,18.706060606060607,15.89151515151515,21.521818181818183,107.4,24,0,0,11,3,TRUE,18.973121816580793,16.10546168454795,21.839915930051546,-0.26706121052018617,-0.2139465330328001,-0.3180977482333631
C048W,TINAJO,Lanzarote,2016,363,360,359,0.9917355371900827,0.9889807162534435,18.58388888888889,15.787222222222223,21.383055555555554,158.6,10,0,0,5,0,TRUE,18.973121816580793,16.10546168454795,21.839915930051546,-0.38923292769190354,-0.3182394623257281,-0.45686037449599226
C048W,TINAJO,Lanzarote,2017,364,364,363,1,0.9972527472527473,19.27335164835165,16.22142857142857,22.32032967032967,67.8,17,2,0,18,5,TRUE,18.973121816580793,16.10546168454795,21.839915930051546,0.3002298317708565,0.11596688688062073,0.48041374027812367
C048W,TINAJO,Lanzarote,2018,365,364,365,0.9972602739726028,1,18.091758241758242,15.450824175824176,20.728846153846153,155.2,8,0,0,2,0,TRUE,18.973121816580793,16.10546168454795,21.839915930051546,-0.8813635748225508,-0.6546375087237752,-1.1110697762053938
C048W,TINAJO,Lanzarote,2019,364,356,355,0.978021978021978,0.9752747252747253,18.554775280898877,15.769101123595506,21.337078651685392,37.4,4,0,0,1,0,TRUE,18.973121816580793,16.10546168454795,21.839915930051546,-0.41834653568191627,-0.3363605609524445,-0.5028372783661545
C048W,TINAJO,Lanzarote,2020,365,364,364,0.9972602739726028,0.9972602739726028,19.226373626373626,16.20769230769231,22.246978021978023,69.6,23,0,0,5,1,TRUE,18.973121816580793,16.10546168454795,21.839915930051546,0.25325180979283246,0.10223062314435793,0.4070620919264769
C048W,TINAJO,Lanzarote,2021,363,363,363,1,1,18.561707988980718,15.795316804407713,21.325619834710743,99,13,0,0,5,1,TRUE,18.973121816580793,16.10546168454795,21.839915930051546,-0.41141382760007517,-0.31014488014023733,-0.5142960953408036
C048W,TINAJO,Lanzarote,2022,357,357,353,1,0.988795518207283,19.261344537815127,16.438095238095237,22.08655462184874,48.2,17,0,0,7,0,TRUE,18.973121816580793,16.10546168454795,21.839915930051546,0.2882227212343338,0.33263355354728574,0.24663869179719455
C048W,TINAJO,Lanzarote,2023,365,364,364,0.9972602739726028,0.9972602739726028,19.934615384615384,16.822252747252747,23.043956043956044,39.2,55,2,0,21,2,TRUE,18.973121816580793,16.10546168454795,21.839915930051546,0.9614935680345909,0.7167910627047966,1.2040401139044974
C048W,TINAJO,Lanzarote,2024,364,363,363,0.9972527472527473,0.9972527472527473,19.508815426997245,16.693388429752066,22.32121212121212,84.6,16,0,0,8,1,TRUE,18.973121816580793,16.10546168454795,21.839915930051546,0.5356936104164518,0.5879267452041148,0.481296191160574
C048W,TINAJO,Lanzarote,2025,365,364,362,0.9972602739726028,0.9917808219178083,19.001648351648353,16.08324175824176,21.923626373626373,128.6,22,0,0,10,5,TRUE,18.973121816580793,16.10546168454795,21.839915930051546,0.028526535067559422,-0.022219926306192406,0.0837104435748266
C117A,PUNTAGORDA,La Palma,2015,365,364,365,0.9972602739726028,1,17.20412087912088,13.213461538461539,21.19478021978022,284.4,20,2,0,21,6,TRUE,17.42425838677247,13.582509123684348,21.265238048930737,-0.22013750765158946,-0.369047585222809,-0.07045782915051646
C117A,PUNTAGORDA,La Palma,2016,366,365,366,0.9972677595628415,1,17.07178082191781,13.235616438356164,20.90821917808219,503.2,20,4,0,25,7,TRUE,17.42425838677247,13.582509123684348,21.265238048930737,-0.3524775648546594,-0.34689268532818396,-0.35701887084854533
C117A,PUNTAGORDA,La Palma,2017,365,363,365,0.9945205479452055,1,17.65426997245179,13.788980716253443,21.517906336088153,254.4,31,4,0,23,2,TRUE,17.42425838677247,13.582509123684348,21.265238048930737,0.23001158567932123,0.20647159256909475,0.25266828715741596
C117A,PUNTAGORDA,La Palma,2018,365,365,365,1,1,16.27123287671233,12.594246575342465,19.938082191780822,409.8,12,0,0,13,2,TRUE,17.42425838677247,13.582509123684348,21.265238048930737,-1.1530255100601394,-0.9882625483418828,-1.327155857149915
C117A,PUNTAGORDA,La Palma,2019,364,363,363,0.9972527472527473,0.9972527472527473,17.004683195592285,13.03305785123967,20.977961432506888,173.5,17,3,0,16,5,TRUE,17.42425838677247,13.582509123684348,21.265238048930737,-0.4195751911801828,-0.5494512724446778,-0.28727661642384916
C117A,PUNTAGORDA,La Palma,2020,366,366,366,1,1,18.10983606557377,14.242349726775956,21.979234972677595,288.9,30,9,1,31,5,TRUE,17.42425838677247,13.582509123684348,21.265238048930737,0.6855776788013017,0.6598406030916077,0.7139969237468584
C117A,PUNTAGORDA,La Palma,2021,365,365,365,1,1,17.13123287671233,13.395890410958904,20.87123287671233,353.8,26,5,1,24,7,TRUE,17.42425838677247,13.582509123684348,21.265238048930737,-0.29302551006014,-0.18661871272544417,-0.3940051722184066
C117A,PUNTAGORDA,La Palma,2022,365,364,365,0.9972602739726028,1,17.46181318681319,13.64065934065934,21.284065934065936,413.8,24,4,0,25,4,TRUE,17.42425838677247,13.582509123684348,21.265238048930737,0.03755480004071998,0.05815021697499212,0.01882788513519884
C117A,PUNTAGORDA,La Palma,2023,365,365,365,1,1,18.788493150684932,14.933698630136986,22.64301369863014,278,45,12,3,38,7,TRUE,17.42425838677247,13.582509123684348,21.265238048930737,1.3642347639124637,1.3511895064526378,1.3777756496994016
C117A,PUNTAGORDA,La Palma,2024,366,366,366,1,1,18.050819672131148,14.180054644808743,21.917486338797815,457,22,1,0,21,0,TRUE,17.42425838677247,13.582509123684348,21.265238048930737,0.6265612853586795,0.5975455211243954,0.6522482898670781
C117A,PUNTAGORDA,La Palma,2025,362,361,361,0.9972375690607734,0.9972375690607734,16.918559556786704,13.149584487534627,20.685635359116024,504,16,5,0,25,2,TRUE,17.42425838677247,13.582509123684348,21.265238048930737,-0.5056988299857643,-0.4329246361497212,-0.5796026898147133
C126A,EL PASO,La Palma,2016,366,364,366,0.994535519125683,1,16.38379120879121,11.902472527472527,20.867032967032966,422.6,37,9,0,34,9,TRUE,16.78120810773021,12.009995428691795,21.552030067160647,-0.397416898939003,-0.10752290121926755,-0.6849971001276813
C126A,EL PASO,La Palma,2017,365,364,364,0.9972602739726028,0.9972602739726028,17.020604395604394,12.50164835164835,21.53131868131868,429.5,32,7,0,41,9,TRUE,16.78120810773021,12.009995428691795,21.552030067160647,0.23939628787418243,0.4916529229565558,-0.020711385841966745
C126A,EL PASO,La Palma,2018,365,365,365,1,1,15.402191780821918,10.940821917808218,19.865753424657534,534.2,11,2,0,17,1,TRUE,16.78120810773021,12.009995428691795,21.552030067160647,-1.3790163269082942,-1.0691735108835765,-1.6862766425031133
C126A,EL PASO,La Palma,2019,365,365,365,1,1,16.311232876712328,11.681369863013698,20.94767123287671,161.8,20,4,0,24,7,TRUE,16.78120810773021,12.009995428691795,21.552030067160647,-0.46997523101788374,-0.328625565678097,-0.6043588342839357
C126A,EL PASO,La Palma,2020,366,366,365,1,0.9972677595628415,17.412295081967212,13.002185792349726,21.825683060109288,369,41,11,0,45,11,TRUE,16.78120810773021,12.009995428691795,21.552030067160647,0.6310869742370002,0.9921903636579312,0.27365299294864087
C126A,EL PASO,La Palma,2021,365,365,365,1,1,16.2213698630137,12.053424657534247,20.387123287671233,415.8,30,8,0,35,9,TRUE,16.78120810773021,12.009995428691795,21.552030067160647,-0.5598382447165129,0.04342922884245226,-1.1649067794894137
C126A,EL PASO,La Palma,2022,365,364,365,0.9972602739726028,1,16.85,11.79945054945055,21.892857142857142,685.4,25,9,0,33,14,TRUE,16.78120810773021,12.009995428691795,21.552030067160647,0.06879189226978966,-0.21054487924124565,0.3408270756964953
C126A,EL PASO,La Palma,2023,365,365,365,1,1,17.882739726027395,12.572602739726028,23.190684931506848,450.40000000000003,36,7,0,53,13,TRUE,16.78120810773021,12.009995428691795,21.552030067160647,1.1015316182971837,0.5626073110342329,1.6386548643462007
C126A,EL PASO,La Palma,2024,366,366,366,1,1,17.687158469945356,12.34016393442623,23.03688524590164,365.8,27,5,0,43,7,TRUE,16.78120810773021,12.009995428691795,21.552030067160647,0.9059503622151439,0.33016850573443435,1.4848551787409932
C126A,EL PASO,La Palma,2025,344,344,344,1,1,16.640697674418604,11.305813953488371,21.975290697674417,517.4,23,3,0,42,16,TRUE,16.78120810773021,12.009995428691795,21.552030067160647,-0.14051043331160784,-0.7041814752034234,0.42326063051377005
C129V,FUENCALIENTE,La Palma,2015,365,361,364,0.989041095890411,0.9972602739726028,21.541828254847644,18.89556786703601,24.191135734072024,173.2,137,2,0,0,0,TRUE,21.91132447343968,19.226701566434436,24.596071702533308,-0.36949621859203674,-0.33113369939842485,-0.40493596846128455
C129V,FUENCALIENTE,La Palma,2016,366,357,366,0.9754098360655737,1,21.450420168067225,18.8296918767507,24.073669467787116,206,132,0,0,2,0,TRUE,21.91132447343968,19.226701566434436,24.596071702533308,-0.4609043053724555,-0.39700968968373473,-0.5224022347461919
C129V,FUENCALIENTE,La Palma,2017,365,351,341,0.9616438356164384,0.9342465753424658,21.874074074074073,19.27749287749288,24.472079772079773,66.1,158,0,0,3,0,TRUE,21.91132447343968,19.226701566434436,24.596071702533308,-0.03725039936560748,0.050791311058443256,-0.12399193045353485
C129V,FUENCALIENTE,La Palma,2018,365,365,365,1,1,21.144109589041097,18.603835616438356,23.686027397260276,142.4,118,0,0,0,0,TRUE,21.91132447343968,19.226701566434436,24.596071702533308,-0.7672148843985838,-0.6228659499960791,-0.9100443052730327
C129V,FUENCALIENTE,La Palma,2019,365,364,365,0.9972602739726028,1,21.63434065934066,19.0010989010989,24.26153846153846,99,133,0,0,1,0,TRUE,21.91132447343968,19.226701566434436,24.596071702533308,-0.2769838140990224,-0.2256026653355363,-0.3345332409948476
C129V,FUENCALIENTE,La Palma,2020,366,366,366,1,1,22.273497267759563,19.32431693989071,25.227868852459018,133.6,162,0,0,9,0,TRUE,21.91132447343968,19.226701566434436,24.596071702533308,0.36217279431988203,0.09761537345627502,0.6317971499257098
C129V,FUENCALIENTE,La Palma,2021,365,362,365,0.9917808219178083,1,21.828729281767956,19.19668508287293,24.460220994475137,124.6,142,2,0,3,0,TRUE,21.91132447343968,19.226701566434436,24.596071702533308,-0.08259519167172513,-0.0300164835615071,-0.13585070805817168
C129V,FUENCALIENTE,La Palma,2022,365,363,365,0.9945205479452055,1,21.939944903581267,19.248760330578513,24.63085399449036,264.6,156,0,0,1,0,TRUE,21.91132447343968,19.226701566434436,24.596071702533308,0.02862043014158644,0.02205876414407726,0.034782291957050404
C129V,FUENCALIENTE,La Palma,2023,365,365,365,1,1,22.845753424657534,20.002191780821917,25.68931506849315,165.4,186,1,0,20,1,TRUE,21.91132447343968,19.226701566434436,24.596071702533308,0.9344289512178534,0.7754902143874816,1.093243365959843
C129V,FUENCALIENTE,La Palma,2024,366,366,366,1,1,22.454371584699455,19.743715846994537,25.17349726775956,121.6,165,0,0,2,0,TRUE,21.91132447343968,19.226701566434436,24.596071702533308,0.5430471112597743,0.517014280560101,0.5774255652262532
C129V,FUENCALIENTE,La Palma,2025,362,360,360,0.994475138121547,0.994475138121547,22.0375,19.370360110803325,24.690581717451522,195.6,154,0,0,4,0,TRUE,21.91132447343968,19.226701566434436,24.596071702533308,0.1261755265603206,0.1436585443688898,0.09451001491821387
C139E,LA PALMA AEROPUERTO,La Palma,2015,365,364,365,0.9972602739726028,1,21.203296703296704,18.66730769230769,23.745054945054946,260,135,0,0,2,0,TRUE,21.271844500477822,18.813058792293536,23.7302723652078,-0.06854779718111814,-0.14575109998584423,0.014782579847146593
C139E,LA PALMA AEROPUERTO,La Palma,2016,366,343,366,0.9371584699453552,1,21.415743440233236,18.88110465116279,23.957391304347826,220.3,134,0,0,4,0,TRUE,21.271844500477822,18.813058792293536,23.7302723652078,0.14389893975541312,0.06804585886925452,0.227118939140027
C139E,LA PALMA AEROPUERTO,La Palma,2017,365,323,365,0.8849315068493151,1,21.774922600619195,19.354179566563467,24.191666666666666,194.1,154,0,0,5,0,TRUE,21.271844500477822,18.813058792293536,23.7302723652078,0.5030781001413729,0.5411207742699311,0.46139430145886706
C139E,LA PALMA AEROPUERTO,La Palma,2018,365,362,365,0.9917808219178083,1,20.633977900552487,18.155801104972376,23.102203856749313,323.8,107,0,0,2,0,TRUE,21.271844500477822,18.813058792293536,23.7302723652078,-0.637866599925335,-0.6572576873211595,-0.6280685084584867
C139E,LA PALMA AEROPUERTO,La Palma,2019,365,362,365,0.9917808219178083,1,20.96160220994475,18.403305785123965,23.51740331491713,147.6,117,0,0,1,0,TRUE,21.271844500477822,18.813058792293536,23.7302723652078,-0.31024229053307195,-0.4097530071695701,-0.21286905029067071
C139E,LA PALMA AEROPUERTO,La Palma,2020,366,365,366,0.9972677595628415,1,21.373150684931506,18.707671232876713,24.041095890410958,189.2,141,0,0,4,0,TRUE,21.271844500477822,18.813058792293536,23.7302723652078,0.10130618445368356,-0.10538755941682254,0.31082352520315837
C139E,LA PALMA AEROPUERTO,La Palma,2021,365,364,365,0.9972602739726028,1,21.072527472527472,18.610989010989012,23.535714285714285,240.1,121,1,0,4,1,TRUE,21.271844500477822,18.813058792293536,23.7302723652078,-0.19931702795035022,-0.20206978130452313,-0.19455807949351467
C139E,LA PALMA AEROPUERTO,La Palma,2022,365,365,365,1,1,21.345205479452055,18.812876712328766,23.874246575342465,438.5,134,0,0,2,0,TRUE,21.271844500477822,18.813058792293536,23.7302723652078,0.07336097897423244,-1.820799647695992e-4,0.14397421013466527
C139E,LA PALMA AEROPUERTO,La Palma,2023,365,365,365,1,1,21.912054794520547,19.476986301369863,24.346849315068493,291.7,167,0,0,12,0,TRUE,21.271844500477822,18.813058792293536,23.7302723652078,0.6402102940427241,0.663927509076327,0.6165769498606934
C139E,LA PALMA AEROPUERTO,La Palma,2024,366,365,366,0.9972677595628415,1,21.322739726027397,19.076164383561643,23.568493150684933,113.8,127,0,0,1,0,TRUE,21.271844500477822,18.813058792293536,23.7302723652078,0.05089522554957426,0.26310559126810773,-0.16177921452286625
C139E,LA PALMA AEROPUERTO,La Palma,2025,365,365,365,1,1,20.975068493150683,18.797260273972604,23.152876712328766,250.3,144,0,0,2,0,TRUE,21.271844500477822,18.813058792293536,23.7302723652078,-0.29677600732713927,-0.015798518320931265,-0.5773956528790336
C148F,SAN ANDRÉS Y SAUCES,La Palma,2015,365,364,365,0.9972602739726028,1,18.30934065934066,15.519505494505495,21.09532967032967,857.5,20,0,0,0,0,TRUE,18.772159124529438,15.697889849876152,21.84580348102131,-0.46281846518877856,-0.17838435537065678,-0.7504738106916413
C148F,SAN ANDRÉS Y SAUCES,La Palma,2016,366,366,273,1,0.7459016393442623,18.42950819672131,15.465300546448088,21.394262295081965,235,4,0,0,4,0,TRUE,18.772159124529438,15.697889849876152,21.84580348102131,-0.3426509278081262,-0.23258930342806394,-0.45154118593934456
C148F,SAN ANDRÉS Y SAUCES,La Palma,2017,365,364,320,0.9972602739726028,0.8767123287671232,18.915659340659342,15.965384615384615,21.864285714285714,386.4,4,0,0,5,0,TRUE,18.772159124529438,15.697889849876152,21.84580348102131,0.1435002161299046,0.26749476550846296,0.018482233264403902
C148F,SAN ANDRÉS Y SAUCES,La Palma,2018,365,365,365,1,1,18.036712328767123,15.12931506849315,20.942739726027398,775,1,0,0,0,0,TRUE,18.772159124529438,15.697889849876152,21.84580348102131,-0.7354467957623143,-0.5685747813830009,-0.9030637549939122
C148F,SAN ANDRÉS Y SAUCES,La Palma,2019,315,315,314,1,0.9968253968253968,18.825396825396826,15.796190476190477,21.854603174603174,558,2,0,0,2,0,TRUE,18.772159124529438,15.697889849876152,21.84580348102131,0.05323770086738833,0.0983006263143249,0.008799693581863721
C148F,SAN ANDRÉS Y SAUCES,La Palma,2020,366,366,366,1,1,18.94945355191257,15.815300546448087,22.08606557377049,570,7,0,0,2,0,TRUE,18.772159124529438,15.697889849876152,21.84580348102131,0.1772944273831314,0.1174106965719357,0.2402620927491803
C148F,SAN ANDRÉS Y SAUCES,La Palma,2021,365,365,348,1,0.9534246575342465,18.66986301369863,15.494520547945205,21.846849315068493,594.6,11,2,0,5,0,TRUE,18.772159124529438,15.697889849876152,21.84580348102131,-0.1022961108308067,-0.20336930193094638,0.0010458340471828365
C148F,SAN ANDRÉS Y SAUCES,La Palma,2022,365,365,365,1,1,18.558082191780823,15.548493150684932,21.566575342465754,910,2,0,0,2,0,TRUE,18.772159124529438,15.697889849876152,21.84580348102131,-0.21407693274861472,-0.1493966991912199,-0.27922813855555617
C148F,SAN ANDRÉS Y SAUCES,La Palma,2023,365,365,365,1,1,19.794520547945204,16.36931506849315,23.213424657534247,819.8,28,1,0,22,0,TRUE,18.772159124529438,15.697889849876152,21.84580348102131,1.0223614234157665,0.6714252186169993,1.3676211765129374
C148F,SAN ANDRÉS Y SAUCES,La Palma,2024,366,366,366,1,1,19.396994535519127,15.986065573770492,22.808469945355192,457.4,2,0,0,3,0,TRUE,18.772159124529438,15.697889849876152,21.84580348102131,0.6248354109896894,0.28817572389434076,0.962666464333882
C148F,SAN ANDRÉS Y SAUCES,La Palma,2025,365,365,365,1,1,18.60821917808219,15.587397260273972,21.63123287671233,875.8,4,0,0,4,1,TRUE,18.772159124529438,15.697889849876152,21.84580348102131,-0.16393994644724685,-0.11049258960217934,-0.21457060430898167
C229J,PÁJARA,Fuerteventura,2015,324,312,308,0.9629629629629629,0.9506172839506173,21.09198717948718,17.840064102564103,24.35224358974359,27.2,91,0,0,19,4,TRUE,22.259503963427303,19.150009918025244,25.369457795240027,-1.1675167839401226,-1.3099458154611412,-1.0172142054964368
C229J,PÁJARA,Fuerteventura,2016,366,358,365,0.9781420765027322,0.9972677595628415,20.893296089385476,17.656983240223465,24.131284916201118,69.8,87,0,0,12,2,TRUE,22.259503963427303,19.150009918025244,25.369457795240027,-1.3662078740418266,-1.4930266778017796,-1.2381728790389097
C229J,PÁJARA,Fuerteventura,2017,339,330,334,0.9734513274336283,0.9852507374631269,23.407272727272726,19.94090909090909,26.874545454545455,24.2,176,13,0,86,6,TRUE,22.259503963427303,19.150009918025244,25.369457795240027,1.1477687638454235,0.7908991728838473,1.5050876593054276
C229J,PÁJARA,Fuerteventura,2018,339,330,336,0.9734513274336283,0.9911504424778761,21.336666666666666,17.811818181818182,24.865454545454547,58.300000000000004,99,0,0,33,2,TRUE,22.259503963427303,19.150009918025244,25.369457795240027,-0.9228372967606369,-1.3381917362070617,-0.5040032497854803
C229J,PÁJARA,Fuerteventura,2019,365,355,363,0.9726027397260274,0.9945205479452055,22.213521126760565,18.650985915492956,25.778028169014085,42.3,137,1,0,46,2,TRUE,22.259503963427303,19.150009918025244,25.369457795240027,-0.04598283666673808,-0.4990240025322876,0.408570373774058
C229J,PÁJARA,Fuerteventura,2020,366,364,364,0.994535519125683,0.994535519125683,22.526923076923076,19.48131868131868,25.57032967032967,22.3,168,6,0,38,4,TRUE,22.259503963427303,19.150009918025244,25.369457795240027,0.2674191134957731,0.3313087632934355,0.20087187508964277
C229J,PÁJARA,Fuerteventura,2021,364,349,355,0.9587912087912088,0.9752747252747253,21.91919770773639,19.01002865329513,24.824928366762176,25.5,137,2,0,16,5,TRUE,22.259503963427303,19.150009918025244,25.369457795240027,-0.340306255690912,-0.13998126473011396,-0.5445294284778512
C229J,PÁJARA,Fuerteventura,2022,363,353,356,0.9724517906336089,0.9807162534435262,22.723512747875354,19.679036827195468,25.7685552407932,110.2,180,3,0,31,7,TRUE,22.259503963427303,19.150009918025244,25.369457795240027,0.46400878444805116,0.5290269091702235,0.39909744555317417
C229J,PÁJARA,Fuerteventura,2023,356,332,352,0.9325842696629213,0.9887640449438202,23.325602409638556,20.429518072289156,26.21867469879518,89.4,179,13,1,46,13,TRUE,22.259503963427303,19.150009918025244,25.369457795240027,1.066098446211253,1.2795081542639117,0.8492169035551527
C229J,PÁJARA,Fuerteventura,2024,366,355,362,0.9699453551912568,0.9890710382513661,22.962253521126762,20.313239436619718,25.60901408450704,60.8,192,3,0,20,3,TRUE,22.259503963427303,19.150009918025244,25.369457795240027,0.7027495576994589,1.1632295185944734,0.23955628926701422
C229J,PÁJARA,Fuerteventura,2025,356,348,350,0.9775280898876404,0.9831460674157303,22.454310344827586,19.836206896551722,25.070977011494254,55.9,163,5,0,21,6,TRUE,22.259503963427303,19.150009918025244,25.369457795240027,0.1948063814002836,0.6861969785264783,-0.2984807837457737
C239N,"TUINEJE,PUERTO GRAN TARAJAL",Fuerteventura,2015,336,313,314,0.9315476190476191,0.9345238095238095,22.2814696485623,18.65367412140575,25.913099041533545,58.2,121,6,0,41,8,TRUE,21.92010946377949,18.369653354141395,25.47018966698008,0.36136018478281073,0.2840207672643551,0.4429093745534658
C239N,"TUINEJE,PUERTO GRAN TARAJAL",Fuerteventura,2016,364,361,361,0.9917582417582418,0.9917582417582418,22.02880886426593,18.463157894736842,25.593351800554018,88.2,124,3,0,42,4,TRUE,21.92010946377949,18.369653354141395,25.47018966698008,0.10869940048644011,0.09350454059544688,0.12316213357393835
C239N,"TUINEJE,PUERTO GRAN TARAJAL",Fuerteventura,2017,365,364,364,0.9972602739726028,0.9972602739726028,22.35247252747253,18.716758241758242,25.987912087912086,36,148,5,0,43,6,TRUE,21.92010946377949,18.369653354141395,25.47018966698008,0.4323630636930389,0.34710488761684744,0.5177224209320066
C239N,"TUINEJE,PUERTO GRAN TARAJAL",Fuerteventura,2018,364,363,347,0.9972527472527473,0.9532967032967034,21.301652892561982,17.839669421487603,24.757024793388428,22.2,112,0,0,16,0,TRUE,21.92010946377949,18.369653354141395,25.47018966698008,-0.6184565712175072,-0.5299839326537921,-0.7131648735916514
C239N,"TUINEJE,PUERTO GRAN TARAJAL",Fuerteventura,2019,364,363,363,0.9972527472527473,0.9972527472527473,21.36198347107438,17.873002754820938,24.850964187327822,21.8,106,3,0,23,2,TRUE,21.92010946377949,18.369653354141395,25.47018966698008,-0.5581259927051079,-0.4966505993204571,-0.6192254796522576
C239N,"TUINEJE,PUERTO GRAN TARAJAL",Fuerteventura,2020,366,366,366,1,1,21.99945355191257,18.40601092896175,25.589071038251365,24.2,138,6,0,44,5,TRUE,21.92010946377949,18.369653354141395,25.47018966698008,0.07934408813308025,0.03635757482035373,0.11888137127128573
C239N,"TUINEJE,PUERTO GRAN TARAJAL",Fuerteventura,2021,365,364,363,0.9972602739726028,0.9945205479452055,21.378296703296705,17.843131868131866,24.912087912087912,10.200000000000001,103,4,0,34,5,TRUE,21.92010946377949,18.369653354141395,25.47018966698008,-0.5418127604827845,-0.5265214860095284,-0.5581017548921672
C239N,"TUINEJE,PUERTO GRAN TARAJAL",Fuerteventura,2022,365,365,364,1,0.9972602739726028,21.95945205479452,18.475342465753425,25.442465753424656,113.4,136,3,0,31,6,TRUE,21.92010946377949,18.369653354141395,25.47018966698008,0.039342591015032014,0.10568911161202976,-0.027723913555423252
C239N,"TUINEJE,PUERTO GRAN TARAJAL",Fuerteventura,2023,365,365,365,1,1,22.58082191780822,19.008219178082193,26.158356164383562,45.4,152,14,0,57,10,TRUE,21.92010946377949,18.369653354141395,25.47018966698008,0.6607124540287295,0.6385658239407981,0.6881664974034827
C239N,"TUINEJE,PUERTO GRAN TARAJAL",Fuerteventura,2024,366,366,366,1,1,22.22377049180328,18.675956284153006,25.768852459016394,21.8,130,1,0,33,2,TRUE,21.92010946377949,18.369653354141395,25.47018966698008,0.30366102802378947,0.30630293001161135,0.2986627920363141
C239N,"TUINEJE,PUERTO GRAN TARAJAL",Fuerteventura,2025,365,364,363,0.9972602739726028,0.9945205479452055,21.65302197802198,18.111263736263737,25.1989010989011,76.4,124,7,0,33,8,TRUE,21.92010946377949,18.369653354141395,25.47018966698008,-0.26708748575751073,-0.2583896178776577,-0.2712885680789796
C248E,ANTIGUA,Fuerteventura,2015,324,312,306,0.9629629629629629,0.9444444444444444,19.031089743589742,14.951282051282051,23.1125,34.4,20,0,0,17,4,TRUE,19.756366012556587,15.593531221501959,23.918967612873402,-0.7252762689668444,-0.6422491702199071,-0.8064676128734014
C248E,ANTIGUA,Fuerteventura,2016,364,357,356,0.9807692307692307,0.978021978021978,19.425770308123248,15.301120448179272,23.550420168067227,104.6,16,0,0,23,4,TRUE,19.756366012556587,15.593531221501959,23.918967612873402,-0.33059570443333897,-0.29241077332268617,-0.3685474448061754
C248E,ANTIGUA,Fuerteventura,2017,357,295,296,0.8263305322128851,0.8291316526610645,19.83864406779661,15.460677966101695,24.21627118644068,122.4,17,1,0,27,5,TRUE,19.756366012556587,15.593531221501959,23.918967612873402,0.08227805524002463,-0.1328532554002635,0.29730357356727666
C248E,ANTIGUA,Fuerteventura,2018,365,348,353,0.9534246575342465,0.9671232876712329,19.012356321839082,15.075287356321839,22.954597701149424,137,8,0,0,18,0,TRUE,19.756366012556587,15.593531221501959,23.918967612873402,-0.7440096907175047,-0.5182438651801196,-0.9643699117239777
C248E,ANTIGUA,Fuerteventura,2019,356,351,352,0.9859550561797753,0.9887640449438202,19.41994301994302,15.23019943019943,23.61082621082621,88.8,10,2,0,15,2,TRUE,19.756366012556587,15.593531221501959,23.918967612873402,-0.3364229926135671,-0.363331791302528,-0.3081414020471911
C248E,ANTIGUA,Fuerteventura,2020,358,349,350,0.9748603351955307,0.9776536312849162,20.009169054441262,15.797134670487106,24.22779369627507,46.4,18,2,0,30,3,TRUE,19.756366012556587,15.593531221501959,23.918967612873402,0.2528030418846754,0.20360344898514704,0.3088260834016694
C248E,ANTIGUA,Fuerteventura,2021,365,357,364,0.9780821917808219,0.9972602739726028,19.469747899159664,15.384593837535014,23.55826330532213,21.6,14,2,0,25,3,TRUE,19.756366012556587,15.593531221501959,23.918967612873402,-0.2866181133969228,-0.20893738396694417,-0.3607043075512735
C248E,ANTIGUA,Fuerteventura,2022,364,363,363,0.9972527472527473,0.9972527472527473,20.045454545454547,15.877961432506886,24.20495867768595,130.4,22,1,0,22,2,TRUE,19.756366012556587,15.593531221501959,23.918967612873402,0.28908853289796,0.2844302110049277,0.2859910648125492
C248E,ANTIGUA,Fuerteventura,2023,365,364,365,0.9972602739726028,1,20.863186813186815,16.46785714285714,25.25631868131868,47,49,3,0,48,8,TRUE,19.756366012556587,15.593531221501959,23.918967612873402,1.1068208006302278,0.87432592135518306,1.3373510684452796
C248E,ANTIGUA,Fuerteventura,2024,366,365,365,0.9972677595628415,0.9972677595628415,20.429041095890412,16.233698630136985,24.618356164383563,50.4,17,0,0,19,0,TRUE,19.756366012556587,15.593531221501959,23.918967612873402,0.6726750833338251,0.6401674086350262,0.699388551510161
C248E,ANTIGUA,Fuerteventura,2025,365,361,362,0.989041095890411,0.9917808219178083,19.775623268698062,15.749030470914127,23.798337950138503,137.2,28,1,0,23,4,TRUE,19.756366012556587,15.593531221501959,23.918967612873402,0.019257256141475665,0.15549924941216808,-0.12062966273489906
C249I,FUERTEVENTURA AEROPUERTO,Fuerteventura,2015,365,362,365,0.9917808219178083,1,21.971823204419888,18.989502762430938,24.956906077348066,76.6,142,6,0,30,2,TRUE,21.620603036099606,18.565566142953127,24.676122586156215,0.3512201683202818,0.4239366194778107,0.2807834911918512
C249I,FUERTEVENTURA AEROPUERTO,Fuerteventura,2016,366,364,366,0.994535519125683,1,21.764835164835166,18.67445054945055,24.85934065934066,111.4,129,0,0,22,0,TRUE,21.620603036099606,18.565566142953127,24.676122586156215,0.14423212873555968,0.10888440649742392,0.18321807318444527
C249I,FUERTEVENTURA AEROPUERTO,Fuerteventura,2017,365,361,365,0.989041095890411,1,22.085595567867035,18.970360110803323,25.209418282548476,30.6,158,2,0,24,4,TRUE,21.620603036099606,18.565566142953127,24.676122586156215,0.46499253176742883,0.40479396785019617,0.5332956963922619
C249I,FUERTEVENTURA AEROPUERTO,Fuerteventura,2018,365,360,365,0.9863013698630136,1,20.858055555555556,17.878670360110803,23.82138888888889,82.3,104,0,0,4,0,TRUE,21.620603036099606,18.565566142953127,24.676122586156215,-0.7625474805440504,-0.6868957828423241,-0.8547336972673243
C249I,FUERTEVENTURA AEROPUERTO,Fuerteventura,2019,365,362,365,0.9917808219178083,1,21.144198895027625,18.13756906077348,24.15564738292011,24.6,116,0,0,5,0,TRUE,21.620603036099606,18.565566142953127,24.676122586156215,-0.47640414107198126,-0.4279970821796475,-0.5204752032361029
C249I,FUERTEVENTURA AEROPUERTO,Fuerteventura,2020,366,365,366,0.9972677595628415,1,21.69041095890411,18.641369863013697,24.746027397260274,42,142,3,0,19,2,TRUE,21.620603036099606,18.565566142953127,24.676122586156215,0.06980792280450387,0.0758037200605699,0.06990481110405966
C249I,FUERTEVENTURA AEROPUERTO,Fuerteventura,2021,365,360,365,0.9863013698630136,1,21.27611111111111,18.30472222222222,24.244722222222222,16.8,118,1,0,8,0,TRUE,21.620603036099606,18.565566142953127,24.676122586156215,-0.3444919249884961,-0.2608439207309061,-0.4314003639339923
C249I,FUERTEVENTURA AEROPUERTO,Fuerteventura,2022,365,365,365,1,1,21.717534246575344,18.66246575342466,24.76904109589041,121.5,150,2,0,15,4,TRUE,21.620603036099606,18.565566142953127,24.676122586156215,0.09693121047573783,0.09689961047153162,0.09291850973419713
C249I,FUERTEVENTURA AEROPUERTO,Fuerteventura,2023,365,358,365,0.9808219178082191,1,22.2231843575419,19.09078212290503,25.357262569832404,78.3,153,4,0,28,3,TRUE,21.620603036099606,18.565566142953127,24.676122586156215,0.6025813214422939,0.5252159799519021,0.6811399836761893
C249I,FUERTEVENTURA AEROPUERTO,Fuerteventura,2024,366,363,366,0.9918032786885246,1,21.666391184573,18.568595041322315,24.760881542699725,22.3,116,0,0,8,2,TRUE,21.620603036099606,18.565566142953127,24.676122586156215,0.045788148473395296,0.003028898369187516,0.08475895654351007
C249I,FUERTEVENTURA AEROPUERTO,Fuerteventura,2025,365,365,365,1,1,21.428493150684933,18.302739726027397,24.556712328767123,78.8,129,4,0,21,3,TRUE,21.620603036099606,18.565566142953127,24.676122586156215,-0.19210988541467344,-0.26282641692572994,-0.11941025738909161
C258K,LA OLIVA,Fuerteventura,2015,359,344,339,0.958217270194986,0.9442896935933147,19.377906976744185,15.86453488372093,22.89651162790698,59.6,36,0,0,17,2,TRUE,19.818483776173412,16.092790766698098,23.54472399091146,-0.4405767994292269,-0.2282558829771677,-0.6482123630044825
C258K,LA OLIVA,Fuerteventura,2016,366,366,366,1,1,19.384972677595627,15.83224043715847,22.937704918032786,159,23,0,0,16,1,TRUE,19.818483776173412,16.092790766698098,23.54472399091146,-0.43351109857778525,-0.26055032953962787,-0.6070190728786748
C258K,LA OLIVA,Fuerteventura,2017,365,364,365,0.9972602739726028,1,20.011263736263736,16.248076923076923,23.771153846153847,94.60000000000001,36,1,0,26,6,TRUE,19.818483776173412,16.092790766698098,23.54472399091146,0.1927799600903235,0.1552861563788248,0.22642985524238668
C258K,LA OLIVA,Fuerteventura,2018,365,364,365,0.9972602739726028,1,18.91043956043956,15.50989010989011,22.30989010989011,171.8,20,0,0,8,0,TRUE,19.818483776173412,16.092790766698098,23.54472399091146,-0.9080442157338524,-0.582900656807988,-1.234833881021352
C258K,LA OLIVA,Fuerteventura,2019,363,361,362,0.9944903581267218,0.9972451790633609,19.31274238227147,15.690304709141275,22.936565096952908,68.2,11,0,0,7,0,TRUE,19.818483776173412,16.092790766698098,23.54472399091146,-0.5057413939019426,-0.402486057556823,-0.6081588939585529
C258K,LA OLIVA,Fuerteventura,2020,366,366,366,1,1,20.039890710382515,16.14918032786885,23.93415300546448,46.4,34,1,0,21,2,TRUE,19.818483776173412,16.092790766698098,23.54472399091146,0.22140693420910296,0.056389561170753666,0.3894290145530199
C258K,LA OLIVA,Fuerteventura,2021,365,363,364,0.9945205479452055,0.9972602739726028,19.500275482093663,15.774380165289257,23.222314049586778,23.4,19,1,0,14,2,TRUE,19.818483776173412,16.092790766698098,23.54472399091146,-0.31820829407974927,-0.31841060140884103,-0.3224099413246826
C258K,LA OLIVA,Fuerteventura,2022,365,364,364,0.9972602739726028,0.9972602739726028,20.103846153846153,16.318956043956042,23.88598901098901,112,27,0,0,12,2,TRUE,19.818483776173412,16.092790766698098,23.54472399091146,0.2853623776727403,0.22616527725794455,0.3412650200775502
C258K,LA OLIVA,Fuerteventura,2023,365,364,364,0.9972602739726028,0.9972602739726028,20.861813186813187,16.791208791208792,24.93489010989011,55.4,66,1,0,40,4,TRUE,19.818483776173412,16.092790766698098,23.54472399091146,1.0433294106397746,0.6984180245106941,1.390166118978648
C258K,LA OLIVA,Fuerteventura,2024,366,366,366,1,1,20.537704918032787,16.696994535519124,24.38087431693989,38.4,30,0,0,14,0,TRUE,19.818483776173412,16.092790766698098,23.54472399091146,0.719221141859375,0.6042037688210264,0.8361503260284309
C258K,LA OLIVA,Fuerteventura,2025,365,365,363,1,0.9945205479452055,19.962465753424656,16.144931506849314,23.781917808219177,154.4,43,0,0,17,5,TRUE,19.818483776173412,16.092790766698098,23.54472399091146,0.14398197725124362,0.05214074015121639,0.23719381730771616
C314Z,"VALLEHERMOSO, ALTO IGUALERO",La Gomera,2015,298,296,297,0.9932885906040269,0.9966442953020134,13.680067567567567,10.389189189189189,16.96858108108108,378.5,12,0,0,10,0,TRUE,14.063235562635835,10.426506225551421,17.705312264635737,-0.38316799506826804,-0.03731703636223216,-0.7367311835546566
C314Z,"VALLEHERMOSO, ALTO IGUALERO",La Gomera,2016,366,365,366,0.9972677595628415,1,13.456712328767123,9.978082191780821,16.935616438356163,565.2,22,2,0,21,3,TRUE,14.063235562635835,10.426506225551421,17.705312264635737,-0.6065232338687121,-0.4484240337705998,-0.7696958262795732
C314Z,"VALLEHERMOSO, ALTO IGUALERO",La Gomera,2017,352,351,351,0.9971590909090909,0.9971590909090909,14.635327635327636,10.990313390313391,18.28034188034188,257.2,40,7,0,33,2,TRUE,14.063235562635835,10.426506225551421,17.705312264635737,0.5720920726918006,0.56380716476197,0.5750296157061427
C314Z,"VALLEHERMOSO, ALTO IGUALERO",La Gomera,2018,344,344,343,1,0.997093023255814,12.075581395348838,8.92732558139535,15.21889534883721,488.2,12,0,0,9,0,TRUE,14.063235562635835,10.426506225551421,17.705312264635737,-1.9876541672869976,-1.4991806441560716,-2.486416915798527
C314Z,"VALLEHERMOSO, ALTO IGUALERO",La Gomera,2019,365,364,365,0.9972602739726028,1,13.37967032967033,9.877472527472527,16.880494505494507,390.2,18,1,0,14,1,TRUE,14.063235562635835,10.426506225551421,17.705312264635737,-0.6835652329655062,-0.5490336980788939,-0.8248177591412293
C314Z,"VALLEHERMOSO, ALTO IGUALERO",La Gomera,2020,366,322,366,0.8797814207650273,1,14.982919254658386,11.083540372670807,18.87888198757764,410.8,33,4,0,31,5,TRUE,14.063235562635835,10.426506225551421,17.705312264635737,0.9196836920225504,0.6570341471193863,1.1735697229419024
C314Z,"VALLEHERMOSO, ALTO IGUALERO",La Gomera,2021,365,365,364,1,0.9972602739726028,13.8786301369863,10.125753424657534,17.629863013698632,329.2,27,4,0,28,4,TRUE,14.063235562635835,10.426506225551421,17.705312264635737,-0.18460542564953464,-0.30075280089388734,-0.07544925093710475
C314Z,"VALLEHERMOSO, ALTO IGUALERO",La Gomera,2022,365,365,365,1,1,14.336438356164384,10.66958904109589,18.002739726027396,666.2,28,0,0,22,5,TRUE,14.063235562635835,10.426506225551421,17.705312264635737,0.27320279352854904,0.24308281554446864,0.2974274613916599
C314Z,"VALLEHERMOSO, ALTO IGUALERO",La Gomera,2023,365,363,337,0.9945205479452055,0.9232876712328767,15.158126721763086,11.324242424242424,19.05780821917808,337.2,37,4,0,29,6,TRUE,14.063235562635835,10.426506225551421,17.705312264635737,1.0948911591272505,0.8977361986910033,1.352495954542345
C314Z,"VALLEHERMOSO, ALTO IGUALERO",La Gomera,2024,343,341,339,0.9941690962099126,0.9883381924198251,15.175953079178885,11.24633431085044,19.112609970674487,315.2,25,4,0,31,8,TRUE,14.063235562635835,10.426506225551421,17.705312264635737,1.11271751654305,0.8198280852990187,1.4072977060387508
C314Z,"VALLEHERMOSO, ALTO IGUALERO",La Gomera,2025,365,365,365,1,1,13.936164383561644,10.07972602739726,17.79260273972603,617.6,26,5,0,34,6,TRUE,14.063235562635835,10.426506225551421,17.705312264635737,-0.12707117907419097,-0.3467801981541605,0.08729047509029186
C317B,AGULO,La Gomera,2015,365,365,364,1,0.9972602739726028,16.196438356164382,12.987123287671233,19.403287671232878,524.3,6,0,0,11,1,TRUE,16.819080130173255,13.29869728622525,20.340465182804042,-0.6226417740088728,-0.31157399855401735,-0.9371775115711642
C317B,AGULO,La Gomera,2016,366,364,304,0.994535519125683,0.8306010928961749,16.00054945054945,12.864835164835165,19.14065934065934,261.5,6,0,0,9,2,TRUE,16.819080130173255,13.29869728622525,20.340465182804042,-0.8185306796238052,-0.43386212139008506,-1.199805842144702
C317B,AGULO,La Gomera,2017,365,362,365,0.9917808219178083,1,17.062983425414366,13.726243093922651,20.402486187845305,234.20000000000002,20,2,0,16,5,TRUE,16.819080130173255,13.29869728622525,20.340465182804042,0.2439032952411111,0.4275458076974008,0.062021005041263066
C317B,AGULO,La Gomera,2018,365,365,365,1,1,15.58027397260274,12.591506849315069,18.578082191780823,435.6,6,0,0,4,0,TRUE,16.819080130173255,13.29869728622525,20.340465182804042,-1.2388061575705152,-0.7071904369101816,-1.7623829910232196
C317B,AGULO,La Gomera,2019,365,365,365,1,1,16.144931506849314,12.935068493150684,19.357808219178082,439.40000000000003,2,0,0,10,2,TRUE,16.819080130173255,13.29869728622525,20.340465182804042,-0.6741486233239407,-0.3636287930745663,-0.9826569636259599
C317B,AGULO,La Gomera,2020,366,353,366,0.9644808743169399,1,17.420963172804534,13.696883852691219,21.14900849858357,368.2,10,1,0,23,4,TRUE,16.819080130173255,13.29869728622525,20.340465182804042,0.6018830426312789,0.3981865664659683,0.8085433157795272
C317B,AGULO,La Gomera,2021,365,365,356,1,0.9753424657534246,16.802739726027397,12.964109589041096,20.64027397260274,408.4,13,0,0,18,5,TRUE,16.819080130173255,13.29869728622525,20.340465182804042,-0.01634040414585769,-0.3345876971841548,0.2998087897986963
C317B,AGULO,La Gomera,2022,360,360,360,1,1,16.95888888888889,13.20888888888889,20.70611111111111,559.6,7,0,0,8,1,TRUE,16.819080130173255,13.29869728622525,20.340465182804042,0.1398087587156347,-0.08980839733636081,0.36564592830706744
C317B,AGULO,La Gomera,2023,365,360,365,0.9863013698630136,1,18.253055555555555,14.134166666666667,22.366944444444446,351,25,0,0,36,5,TRUE,16.819080130173255,13.29869728622525,20.340465182804042,1.4339754253823003,0.8354693804414168,2.0264792616404037
C317B,AGULO,La Gomera,2024,366,366,366,1,1,17.773224043715846,13.922677595628416,21.622677595628414,294.4,12,0,0,11,0,TRUE,16.819080130173255,13.29869728622525,20.340465182804042,0.9541439135425911,0.6239803094031657,1.2822124128243715
C317B,AGULO,La Gomera,2025,360,360,359,1,0.9972222222222222,16.815833333333334,13.254166666666666,20.377777777777776,419.4,14,0,0,18,5,TRUE,16.819080130173255,13.29869728622525,20.340465182804042,-0.003246796839921018,-0.04453061955858395,0.03731259497373429
C319W,"VALLEHERMOSO, DAMA",La Gomera,2015,363,352,359,0.9696969696969697,0.9889807162534435,20.823579545454546,16.317329545454545,25.324147727272727,36.4,53,1,0,22,2,TRUE,21.358872896582888,16.63225247220616,26.083206564672828,-0.5352933511283418,-0.3149229267516169,-0.7590588374001008
C319W,"VALLEHERMOSO, DAMA",La Gomera,2016,366,366,366,1,1,20.747814207650272,16.25655737704918,25.23934426229508,161.8,27,0,0,19,5,TRUE,21.358872896582888,16.63225247220616,26.083206564672828,-0.6110586889326157,-0.3756950951569813,-0.8438623023777474
C319W,"VALLEHERMOSO, DAMA",La Gomera,2017,365,363,365,0.9945205479452055,1,21.373553719008264,16.67190082644628,26.069972451790633,58,46,0,0,37,3,TRUE,21.358872896582888,16.63225247220616,26.083206564672828,0.01468082242537605,0.03964835424011781,-0.013234112882194893
C319W,"VALLEHERMOSO, DAMA",La Gomera,2018,365,365,365,1,1,20.454794520547946,15.924931506849315,24.981369863013697,130.6,24,0,0,8,0,TRUE,21.358872896582888,16.63225247220616,26.083206564672828,-0.904078376034942,-0.7073209653568462,-1.1018367016591313
C319W,"VALLEHERMOSO, DAMA",La Gomera,2019,365,365,365,1,1,20.785205479452056,16.016712328767124,25.551506849315068,68.6,20,0,0,12,1,TRUE,21.358872896582888,16.63225247220616,26.083206564672828,-0.5736674171308316,-0.6155401434390377,-0.5316997153577603
C319W,"VALLEHERMOSO, DAMA",La Gomera,2020,366,365,366,0.9972677595628415,1,21.554246575342464,16.826849315068493,26.283013698630135,55.4,48,2,0,31,4,TRUE,21.358872896582888,16.63225247220616,26.083206564672828,0.19537367875957656,0.1945968428623317,0.19980713395730731
C319W,"VALLEHERMOSO, DAMA",La Gomera,2021,365,365,365,1,1,21.296986301369863,16.474794520547945,26.11972602739726,68.4,38,2,0,34,6,TRUE,21.358872896582888,16.63225247220616,26.083206564672828,-0.061886595213024975,-0.1574579516582162,0.036519462724431406
C319W,"VALLEHERMOSO, DAMA",La Gomera,2022,365,365,365,1,1,21.503561643835617,16.824657534246576,26.178356164383562,212.4,47,0,0,28,3,TRUE,21.358872896582888,16.63225247220616,26.083206564672828,0.1446887472527294,0.19240506204041452,0.09514959971073367
C319W,"VALLEHERMOSO, DAMA",La Gomera,2023,365,365,365,1,1,22.71123287671233,17.602465753424656,27.816712328767125,84,90,4,0,81,13,TRUE,21.358872896582888,16.63225247220616,26.083206564672828,1.3523599801294424,0.9702132812184949,1.7335057640942964
C319W,"VALLEHERMOSO, DAMA",La Gomera,2024,366,366,366,1,1,22.031147540983607,17.218852459016393,26.84016393442623,39.6,33,0,0,26,2,TRUE,21.358872896582888,16.63225247220616,26.083206564672828,0.6722746444007193,0.5865999868102314,0.7569573697534011
C319W,"VALLEHERMOSO, DAMA",La Gomera,2025,365,365,365,1,1,21.665479452054793,16.81972602739726,26.51095890410959,186.79999999999998,54,1,0,33,6,TRUE,21.358872896582888,16.63225247220616,26.083206564672828,0.3066065554719053,0.18747355519109732,0.4277523394367613
C329B,"LA GOMERA, AEROPUERTO",La Gomera,2015,365,365,365,1,1,20.713972602739727,17.653150684931507,23.773150684931508,142.6,99,3,0,22,5,TRUE,21.213009180256392,18.049463903548318,24.377061929997385,-0.49903657751666586,-0.396313218616811,-0.603911245065877
C329B,"LA GOMERA, AEROPUERTO",La Gomera,2016,366,366,366,1,1,20.712021857923496,17.564754098360655,23.85737704918033,118.60000000000001,71,0,0,14,5,TRUE,21.213009180256392,18.049463903548318,24.377061929997385,-0.5009873223328967,-0.4847098051876628,-0.5196848808170564
C329B,"LA GOMERA, AEROPUERTO",La Gomera,2017,365,364,365,0.9972602739726028,1,21.306043956043958,18.262637362637363,24.344383561643834,43.1,112,2,0,25,2,TRUE,21.213009180256392,18.049463903548318,24.377061929997385,0.09303477578756514,0.21317345908904528,-0.03267836835355098
C329B,"LA GOMERA, AEROPUERTO",La Gomera,2018,365,365,365,1,1,20.454246575342466,17.3413698630137,23.565753424657533,115.1,52,0,0,7,0,TRUE,21.213009180256392,18.049463903548318,24.377061929997385,-0.758762604913926,-0.7080940405346183,-0.8113085053398521
C329B,"LA GOMERA, AEROPUERTO",La Gomera,2019,365,365,365,1,1,20.724657534246575,17.575342465753426,23.873972602739727,61.4,59,1,0,5,1,TRUE,21.213009180256392,18.049463903548318,24.377061929997385,-0.48835164600981784,-0.47412143779489213,-0.5030893272576584
C329B,"LA GOMERA, AEROPUERTO",La Gomera,2020,285,285,284,1,0.9964912280701754,21.782456140350877,18.550526315789472,25.01543859649123,109.60000000000001,110,2,0,26,6,TRUE,21.213009180256392,18.049463903548318,24.377061929997385,0.5694469600944849,0.5010624122411542,0.6383766664938442
C329B,"LA GOMERA, AEROPUERTO",La Gomera,2021,365,365,365,1,1,21.02082191780822,17.7786301369863,24.26904109589041,42.4,83,2,0,19,5,TRUE,21.213009180256392,18.049463903548318,24.377061929997385,-0.1921872624481722,-0.2708337665620171,-0.1080208341069735
C329B,"LA GOMERA, AEROPUERTO",La Gomera,2022,365,365,365,1,1,21.344383561643834,18.176438356164383,24.513150684931507,179.1,96,0,0,19,4,TRUE,21.213009180256392,18.049463903548318,24.377061929997385,0.13137438138744173,0.12697445261606433,0.13608875493412143
C329B,"LA GOMERA, AEROPUERTO",La Gomera,2023,365,365,365,1,1,22.493424657534245,19.123013698630135,25.86794520547945,89.6,159,16,0,46,12,TRUE,21.213009180256392,18.049463903548318,24.377061929997385,1.2804154772778524,1.0735497950818171,1.4908832754820658
C329B,"LA GOMERA, AEROPUERTO",La Gomera,2024,366,366,366,1,1,21.724863387978143,18.53032786885246,24.920765027322403,46.6,85,0,0,13,1,TRUE,21.213009180256392,18.049463903548318,24.377061929997385,0.5118542077217505,0.48086396530414177,0.5437030973250181
C329B,"LA GOMERA, AEROPUERTO",La Gomera,2025,365,364,365,0.9972602739726028,1,21.06620879120879,17.987912087912086,24.146703296703297,89.6,98,4,0,18,3,TRUE,21.213009180256392,18.049463903548318,24.377061929997385,-0.14680038904760195,-0.06155181563623202,-0.23035863329408812
C329Z,SAN SEBASTIÁN DE LA GOMERA,La Gomera,2015,359,352,349,0.9805013927576601,0.9721448467966574,21.964772727272727,19.282670454545453,24.649147727272727,101,140,5,0,24,2,TRUE,22.205073341860153,19.501088106555766,24.90943459794444,-0.2403006145874258,-0.21841765201031293,-0.2602868706717132
C329Z,SAN SEBASTIÁN DE LA GOMERA,La Gomera,2016,366,362,365,0.9890710382513661,0.9972677595628415,21.885359116022098,19.141988950276243,24.62790055248619,52.2,152,0,0,20,2,TRUE,22.205073341860153,19.501088106555766,24.90943459794444,-0.3197142258380552,-0.35909915627952316,-0.2815340454582511
C329Z,SAN SEBASTIÁN DE LA GOMERA,La Gomera,2017,365,364,365,0.9972602739726028,1,22.353296703296703,19.67142857142857,25.033241758241758,61,179,4,0,25,2,TRUE,22.205073341860153,19.501088106555766,24.90943459794444,0.1482233614365498,0.17034046487280463,0.12380716029731786
C329Z,SAN SEBASTIÁN DE LA GOMERA,La Gomera,2018,365,364,311,0.9972602739726028,0.852054794520548,21.41923076923077,18.76620879120879,24.067857142857143,95.1,123,0,0,12,0,TRUE,22.205073341860153,19.501088106555766,24.90943459794444,-0.7858425726293845,-0.7348793153469764,-0.8415774550872968
C329Z,SAN SEBASTIÁN DE LA GOMERA,La Gomera,2019,365,363,355,0.9945205479452055,0.9726027397260274,21.752617079889806,19.06749311294766,24.437190082644626,68.7,151,0,0,8,1,TRUE,22.205073341860153,19.501088106555766,24.90943459794444,-0.4524562619703474,-0.43359499360810716,-0.47224451529981337
C329Z,SAN SEBASTIÁN DE LA GOMERA,La Gomera,2020,366,365,366,0.9972677595628415,1,22.43972602739726,19.636986301369863,25.244109589041095,128.3,173,4,0,28,4,TRUE,22.205073341860153,19.501088106555766,24.90943459794444,0.23465268553710672,0.13589819481409648,0.3346749910966551
C329Z,SAN SEBASTIÁN DE LA GOMERA,La Gomera,2021,365,363,365,0.9945205479452055,1,22.08374655647383,19.422865013774103,24.74628099173554,117.3,160,2,0,18,2,TRUE,22.205073341860153,19.501088106555766,24.90943459794444,-0.12132678538632291,-0.07822309278166273,-0.16315360620890118
C329Z,SAN SEBASTIÁN DE LA GOMERA,La Gomera,2022,365,365,365,1,1,22.378630136986303,19.646027397260273,25.10931506849315,164.5,171,1,0,22,5,TRUE,22.205073341860153,19.501088106555766,24.90943459794444,0.1735567951261494,0.14493929070450662,0.1998804705487096
C329Z,SAN SEBASTIÁN DE LA GOMERA,La Gomera,2023,365,331,365,0.9068493150684932,1,23.549244712990937,20.667267267267267,26.439577039274923,70.9,188,26,0,45,14,TRUE,22.205073341860153,19.501088106555766,24.90943459794444,1.344171371130784,1.1661791607115006,1.530142441330483
C329Z,SAN SEBASTIÁN DE LA GOMERA,La Gomera,2025,365,365,365,1,1,22.224109589041095,19.70794520547945,24.73972602739726,133.5,173,5,0,19,3,TRUE,22.205073341860153,19.501088106555766,24.90943459794444,0.019036247180942212,0.20685709892368465,-0.16970857054717925
C419X,ADEJE,Tenerife,2015,365,358,362,0.9808219178082191,0.9917808219178083,21.33100558659218,17.370391061452516,25.289944134078212,128.6,90,2,0,22,0,TRUE,21.5803201920633,17.538429949154033,25.62301156021748,-0.2493146054711204,-0.16803888770151687,-0.33306742613926943
C419X,ADEJE,Tenerife,2016,366,366,366,1,1,21.244535519125684,17.253005464480875,25.24398907103825,48.2,59,0,0,13,1,TRUE,21.5803201920633,17.538429949154033,25.62301156021748,-0.33578467293761705,-0.2854244846731575,-0.3790224891792313
C419X,ADEJE,Tenerife,2017,365,363,365,0.9945205479452055,1,21.70909090909091,17.6801652892562,25.737741046831957,26.8,90,0,0,34,3,TRUE,21.5803201920633,17.538429949154033,25.62301156021748,0.12877071702761,0.1417353401021657,0.11472948661447546
C419X,ADEJE,Tenerife,2018,365,365,365,1,1,20.82958904109589,16.948493150684932,24.716164383561644,49.2,60,0,0,11,0,TRUE,21.5803201920633,17.538429949154033,25.62301156021748,-0.750731150967411,-0.5899367984691004,-0.9068471766558375
C419X,ADEJE,Tenerife,2019,365,365,365,1,1,21.093424657534246,17.038082191780823,25.144109589041097,70.8,57,0,0,11,0,TRUE,21.5803201920633,17.538429949154033,25.62301156021748,-0.48689553452905443,-0.5003477573732091,-0.4789019711763842
C419X,ADEJE,Tenerife,2020,366,362,365,0.9890710382513661,0.9972677595628415,21.785911602209946,17.81850828729282,25.752762430939228,85.6,95,1,0,22,2,TRUE,21.5803201920633,17.538429949154033,25.62301156021748,0.20559141014664561,0.2800783381387859,0.12975087072174674
C419X,ADEJE,Tenerife,2021,365,365,365,1,1,21.19287671232877,17.253424657534246,25.132328767123287,46.4,57,0,0,12,0,TRUE,21.5803201920633,17.538429949154033,25.62301156021748,-0.3874434797345323,-0.28500529161978605,-0.4906827930941944
C419X,ADEJE,Tenerife,2022,365,365,365,1,1,21.686027397260276,17.71178082191781,25.660273972602738,274.4,81,0,0,19,0,TRUE,21.5803201920633,17.538429949154033,25.62301156021748,0.10570720519697474,0.17335087276377692,0.03726241238525674
C419X,ADEJE,Tenerife,2023,365,365,365,1,1,22.582465753424657,18.14904109589041,27.017260273972603,127,120,1,0,53,9,TRUE,21.5803201920633,17.538429949154033,25.62301156021748,1.0021455613613561,0.6106111467363782,1.3942487137551218
C419X,ADEJE,Tenerife,2024,366,366,366,1,1,22.287158469945354,18.01967213114754,26.548360655737707,17.6,78,2,0,28,1,TRUE,21.5803201920633,17.538429949154033,25.62301156021748,0.7068382778820528,0.4812421819935082,0.9253490955202253
C419X,ADEJE,Tenerife,2025,364,362,364,0.9945054945054945,1,21.641436464088397,17.6801652892562,25.610192837465565,92.8,94,1,0,17,1,TRUE,21.5803201920633,17.538429949154033,25.62301156021748,0.06111627202509595,0.1417353401021657,-0.012818722751916312
C430E,IZAÑA,Tenerife,2015,365,365,365,1,1,10.088219178082191,6.312876712328767,13.864383561643836,291.1,0,0,0,0,0,TRUE,10.945710484589892,7.00170970881054,14.889161818045716,-0.8574913065077006,-0.6888329964817732,-1.0247782564018806
C430E,IZAÑA,Tenerife,2016,366,366,366,1,1,10.615300546448088,6.663387978142077,14.57431693989071,283.9,0,0,0,0,0,TRUE,10.945710484589892,7.00170970881054,14.889161818045716,-0.33040993814180375,-0.33832173066846316,-0.3148448781550055
C430E,IZAÑA,Tenerife,2017,365,365,365,1,1,11.615616438356165,7.662465753424658,15.561643835616438,142.7,1,0,0,0,0,TRUE,10.945710484589892,7.00170970881054,14.889161818045716,0.669905953766273,0.6607560446141179,0.6724820175707222
C430E,IZAÑA,Tenerife,2018,365,365,365,1,1,9.583013698630136,5.702191780821917,13.464109589041096,359.5,0,0,0,0,0,TRUE,10.945710484589892,7.00170970881054,14.889161818045716,-1.3626967859597556,-1.2995179279886226,-1.4250522290046206
C430E,IZAÑA,Tenerife,2019,365,365,365,1,1,10.871780821917808,6.8364383561643836,14.902465753424657,265.1,0,0,0,0,0,TRUE,10.945710484589892,7.00170970881054,14.889161818045716,-0.073929662672084,-0.16527135264615644,0.013303935378941034
C430E,IZAÑA,Tenerife,2020,366,366,366,1,1,11.057650273224043,7.1546448087431695,14.960928961748634,217.7,0,0,0,0,0,TRUE,10.945710484589892,7.00170970881054,14.889161818045716,0.11193978863415133,0.15293509993262955,0.07176714370291748
C430E,IZAÑA,Tenerife,2021,365,365,365,1,1,10.924657534246576,6.918630136986302,14.933698630136986,208.1,0,0,0,0,0,TRUE,10.945710484589892,7.00170970881054,14.889161818045716,-0.021052950343316112,-0.08307957182423831,0.044536812091269695
C430E,IZAÑA,Tenerife,2022,365,365,365,1,1,11.078356164383562,7.193972602739726,14.964931506849315,387,0,0,0,0,0,TRUE,10.945710484589892,7.00170970881054,14.889161818045716,0.13264567979367037,0.19226289392918616,0.07576968880359836
C430E,IZAÑA,Tenerife,2023,365,365,365,1,1,11.290958904109589,7.406849315068493,15.168219178082191,117.4,3,0,0,0,0,TRUE,10.945710484589892,7.00170970881054,14.889161818045716,0.345248419519697,0.4051396062579533,0.2790573600364752
C430E,IZAÑA,Tenerife,2024,366,366,366,1,1,12.099453551912568,8.017486338797815,16.18005464480874,150,4,0,0,0,0,TRUE,10.945710484589892,7.00170970881054,14.889161818045716,1.1537430673226758,1.0157766299872746,1.2908928267630255
C430E,IZAÑA,Tenerife,2025,365,365,365,1,1,11.177808219178083,7.1498630136986305,15.206027397260273,239.3,0,0,0,0,0,TRUE,10.945710484589892,7.00170970881054,14.889161818045716,0.23209773458819072,0.14815330488809053,0.31686557921455716
C449Q,CITFAGRO_97_TAGANANA,Tenerife,2015,364,364,357,1,0.9807692307692307,18.415934065934067,16.567857142857143,20.25934065934066,597.3,47,0,0,3,0,TRUE,18.667369743716353,16.84848033341602,20.485444791068137,-0.25143567778228615,-0.2806231905588774,-0.22610413172747812
C449Q,CITFAGRO_97_TAGANANA,Tenerife,2016,345,343,340,0.9942028985507246,0.9855072463768116,18.172303206997086,16.472594752186588,19.869096209912538,393.8,11,0,0,3,0,TRUE,18.667369743716353,16.84848033341602,20.485444791068137,-0.4950665367192677,-0.37588558122943283,-0.6163485811555987
C449Q,CITFAGRO_97_TAGANANA,Tenerife,2017,356,351,350,0.9859550561797753,0.9831460674157303,18.76068376068376,16.903133903133902,20.623931623931625,226.8,26,1,0,4,0,TRUE,18.667369743716353,16.84848033341602,20.485444791068137,0.09331401696740826,0.05465356971788182,0.13848683286348873
C449Q,CITFAGRO_97_TAGANANA,Tenerife,2018,363,361,349,0.9944903581267218,0.9614325068870524,17.786703601108034,16.070914127423823,19.509141274238228,536,7,0,0,0,0,TRUE,18.667369743716353,16.84848033341602,20.485444791068137,-0.8806661426083195,-0.7775662059921977,-0.9763035168299083
C449Q,CITFAGRO_97_TAGANANA,Tenerife,2019,365,360,346,0.9863013698630136,0.947945205479452,18.32111111111111,16.538611111111113,20.101388888888888,301,10,0,0,0,0,TRUE,18.667369743716353,16.84848033341602,20.485444791068137,-0.3462586326052417,-0.30986922230490777,-0.3840559021792487
C449Q,CITFAGRO_97_TAGANANA,Tenerife,2020,363,362,362,0.9972451790633609,0.9972451790633609,18.959668508287294,17.007734806629834,20.909116022099447,285.4,26,0,0,5,0,TRUE,18.667369743716353,16.84848033341602,20.485444791068137,0.2922987645709405,0.1592544732138137,0.4236712310313102
C449Q,CITFAGRO_97_TAGANANA,Tenerife,2021,362,360,359,0.994475138121547,0.9917127071823204,18.352222222222224,16.614722222222223,20.09138888888889,286.7,25,0,0,3,0,TRUE,18.667369743716353,16.84848033341602,20.485444791068137,-0.3151475214941293,-0.2337581111937972,-0.3940559021792467
C449Q,CITFAGRO_97_TAGANANA,Tenerife,2022,365,365,365,1,1,18.794520547945204,16.983561643835618,20.596712328767122,388.3,25,0,0,3,0,TRUE,18.667369743716353,16.84848033341602,20.485444791068137,0.12715080422885094,0.13508131041959714,0.11126753769898556
C449Q,CITFAGRO_97_TAGANANA,Tenerife,2023,365,363,365,0.9945205479452055,1,19.69228650137741,17.721212121212123,21.663911845730027,352.8,79,6,0,13,0,TRUE,18.667369743716353,16.84848033341602,20.485444791068137,1.0249167576610567,0.872731787796102,1.1784670546618905
C449Q,CITFAGRO_97_TAGANANA,Tenerife,2024,366,366,360,1,0.9836065573770492,19.343715846994535,17.47622950819672,21.209289617486338,203.6,30,0,0,2,0,TRUE,18.667369743716353,16.84848033341602,20.485444791068137,0.6763461032781812,0.6277491747806998,0.7238448264182011
C449Q,CITFAGRO_97_TAGANANA,Tenerife,2025,365,365,364,1,0.9972602739726028,18.741917808219178,16.976712328767125,20.506575342465755,330.5,47,1,0,6,0,TRUE,18.667369743716353,16.84848033341602,20.485444791068137,0.07454806450282447,0.1282319953511042,0.021130551397618547
C458A,TACORONTE,Tenerife,2015,365,362,363,0.9917808219178083,0.9945205479452055,18.766574585635357,15.41988950276243,22.109668508287292,436.8,27,0,0,4,0,TRUE,19.230450582773695,15.813517207229083,22.646797616078565,-0.46387599713833794,-0.3936277044666525,-0.537129107791273
C458A,TACORONTE,Tenerife,2016,366,365,366,0.9972677595628415,1,18.721643835616437,15.301917808219178,22.14,432.6,3,0,0,5,2,TRUE,19.230450582773695,15.813517207229083,22.646797616078565,-0.5088067471572586,-0.5115993990099046,-0.5067976160785648
C458A,TACORONTE,Tenerife,2017,365,359,365,0.9835616438356164,1,19.45431754874652,15.948189415041783,22.961281337047353,227,16,0,0,12,1,TRUE,19.230450582773695,15.813517207229083,22.646797616078565,0.22386696597282452,0.1346722078127005,0.31448372096878785
C458A,TACORONTE,Tenerife,2018,358,358,358,1,1,18.46899441340782,15.164525139664804,21.76871508379888,372.4,3,0,0,0,0,TRUE,19.230450582773695,15.813517207229083,22.646797616078565,-0.761456169365875,-0.6489920675642793,-0.8780825322796844
C458A,TACORONTE,Tenerife,2019,360,360,317,1,0.8805555555555555,18.895,15.455277777777777,22.33388888888889,270.8,4,0,0,1,0,TRUE,19.230450582773695,15.813517207229083,22.646797616078565,-0.33545058277369577,-0.3582394294513058,-0.3129087271896758
C458A,TACORONTE,Tenerife,2020,366,366,366,1,1,19.566120218579236,15.951092896174863,23.176502732240436,273.8,16,0,0,10,0,TRUE,19.230450582773695,15.813517207229083,22.646797616078565,0.3356696358055409,0.13757568894578043,0.5297051161618711
C458A,TACORONTE,Tenerife,2021,365,365,365,1,1,19.04931506849315,15.472602739726028,22.626027397260273,314.59999999999997,10,0,0,6,1,TRUE,19.230450582773695,15.813517207229083,22.646797616078565,-0.18113551428054464,-0.34091446750305465,-0.020770218818292108
C458A,TACORONTE,Tenerife,2022,365,365,365,1,1,19.407671232876712,15.950958904109589,22.867671232876713,346.4,16,0,0,4,0,TRUE,19.230450582773695,15.813517207229083,22.646797616078565,0.1772206501030169,0.13744169688050611,0.22087361679814776
C458A,TACORONTE,Tenerife,2023,365,365,365,1,1,20.343013698630138,16.763561643835615,23.927945205479453,280.4,51,6,0,24,5,TRUE,19.230450582773695,15.813517207229083,22.646797616078565,1.1125631158564424,0.9500444366065324,1.281147589400888
C458A,TACORONTE,Tenerife,2024,358,358,358,1,1,19.877374301675978,16.56368715083799,23.188826815642457,230.8,18,0,0,6,1,TRUE,19.230450582773695,15.813517207229083,22.646797616078565,0.6469237189022827,0.7501699436089062,0.542029199563892
C458A,TACORONTE,Tenerife,2025,365,365,365,1,1,18.984931506849314,15.956986301369863,22.014246575342465,482.8,21,1,0,8,1,TRUE,19.230450582773695,15.813517207229083,22.646797616078565,-0.24551907592438127,0.14346909414078013,-0.6325510407361001
C468O,CITFAGRO_62_TRIGO,Tenerife,2015,365,365,360,1,0.9863013698630136,18.292328767123287,14.46109589041096,22.117808219178084,587.3,4,0,0,11,0,TRUE,18.01770171816832,14.772712549747819,21.26138857632802,0.2746270489549687,-0.31161665933685967,0.8564196428500637
C468O,CITFAGRO_62_TRIGO,Tenerife,2016,346,344,343,0.9942196531791907,0.9913294797687862,17.573546511627907,14.397093023255813,20.75581395348837,525.7,2,0,0,4,1,TRUE,18.01770171816832,14.772712549747819,21.26138857632802,-0.44415520654041174,-0.3756195264920059,-0.5055746228396494
C468O,CITFAGRO_62_TRIGO,Tenerife,2017,358,355,353,0.9916201117318436,0.9860335195530726,17.928169014084506,14.751267605633803,21.10788732394366,340.7,8,0,0,11,0,TRUE,18.01770171816832,14.772712549747819,21.26138857632802,-0.08953270408381186,-0.021444944114016096,-0.15350125238435908
C468O,CITFAGRO_62_TRIGO,Tenerife,2018,364,357,344,0.9807692307692307,0.945054945054945,17.047619047619047,14.045125348189416,20.03641456582633,603.8,1,0,0,2,0,TRUE,18.01770171816832,14.772712549747819,21.26138857632802,-0.9700826705492709,-0.7275872015584035,-1.2249740105016897
C468O,CITFAGRO_62_TRIGO,Tenerife,2019,360,347,356,0.9638888888888889,0.9888888888888889,17.596541786743515,14.49164265129683,20.697118155619595,433.2,2,0,0,4,0,TRUE,18.01770171816832,14.772712549747819,21.26138857632802,-0.42115993142480335,-0.28106989845098873,-0.564270420708425
C468O,CITFAGRO_62_TRIGO,Tenerife,2020,365,365,360,1,0.9863013698630136,18.342191780821917,14.910410958904109,21.772328767123287,457.7,11,1,0,15,1,TRUE,18.01770171816832,14.772712549747819,21.26138857632802,0.3244900626535987,0.13769840915628961,0.5109401907952673
C468O,CITFAGRO_62_TRIGO,Tenerife,2021,364,364,362,1,0.9945054945054945,17.70769230769231,14.522802197802198,20.896703296703297,386.2,7,0,0,12,2,TRUE,18.01770171816832,14.772712549747819,21.26138857632802,-0.3100094104760096,-0.24991035194562095,-0.3646852796247231
C468O,CITFAGRO_62_TRIGO,Tenerife,2022,364,364,361,1,0.9917582417582418,18.036263736263738,14.876923076923077,21.192857142857143,619.3,7,1,0,9,0,TRUE,18.01770171816832,14.772712549747819,21.26138857632802,0.018562018095419575,0.10421052717525825,-0.06853143347087709
C468O,CITFAGRO_62_TRIGO,Tenerife,2023,365,364,363,0.9972602739726028,0.9945205479452055,19.063736263736264,15.675824175824175,22.455494505494507,472.7,26,5,0,27,3,TRUE,18.01770171816832,14.772712549747819,21.26138857632802,1.0460345455679452,0.9031116260763561,1.1941059291664864
C468O,CITFAGRO_62_TRIGO,Tenerife,2024,365,365,361,1,0.989041095890411,18.696712328767124,15.470958904109589,21.923013698630136,303.9,9,0,0,8,0,TRUE,18.01770171816832,14.772712549747819,21.26138857632802,0.6790106105988052,0.6982463543617694,0.6616251223021159
C468O,CITFAGRO_62_TRIGO,Tenerife,2025,365,363,358,0.9945205479452055,0.9808219178082191,17.9099173553719,14.896694214876034,20.919834710743803,584.6,8,3,0,12,1,TRUE,18.01770171816832,14.772712549747819,21.26138857632802,-0.10778436279641923,0.1239816651282144,-0.34155386558421696
C611E,VEGA DE SAN MATEO,Gran Canaria,2015,355,337,334,0.9492957746478873,0.9408450704225352,12.88427299703264,8.650148367952522,17.121364985163204,408.1,8,0,0,8,0,TRUE,13.848678745105696,9.28718745297849,18.410022722711822,-0.9644057480730552,-0.6370390850259682,-1.2886577375486183
C611E,VEGA DE SAN MATEO,Gran Canaria,2016,363,358,358,0.9862258953168044,0.9862258953168044,13.40195530726257,8.929888268156425,17.870111731843576,404.6,12,0,0,18,0,TRUE,13.848678745105696,9.28718745297849,18.410022722711822,-0.44672343784312574,-0.3572991848220646,-0.5399109908682469
C611E,VEGA DE SAN MATEO,Gran Canaria,2017,365,365,363,1,0.9945205479452055,14.536986301369863,10.053150684931508,19.026575342465755,375,25,0,0,32,1,TRUE,13.848678745105696,9.28718745297849,18.410022722711822,0.6883075562641672,0.7659632319530179,0.6165526197539322
C611E,VEGA DE SAN MATEO,Gran Canaria,2018,358,357,357,0.9972067039106145,0.9972067039106145,12.584593837535014,8.267507002801121,16.896358543417367,894.8,4,0,0,7,0,TRUE,13.848678745105696,9.28718745297849,18.410022722711822,-1.2640849075706821,-1.0196804501773684,-1.5136641792944552
C611E,VEGA DE SAN MATEO,Gran Canaria,2019,353,342,336,0.9688385269121813,0.9518413597733711,13.74561403508772,9.176315789473684,18.316666666666666,353,12,0,0,12,0,TRUE,13.848678745105696,9.28718745297849,18.410022722711822,-0.10306471001797668,-0.11087166350480615,-0.09335605604515607
C611E,VEGA DE SAN MATEO,Gran Canaria,2020,362,355,355,0.9806629834254144,0.9806629834254144,14.349577464788732,9.918028169014084,18.779718309859156,362.2,16,0,0,21,0,TRUE,13.848678745105696,9.28718745297849,18.410022722711822,0.5008987196830361,0.6308407160355944,0.3696955871473335
C611E,VEGA DE SAN MATEO,Gran Canaria,2021,362,355,354,0.9806629834254144,0.9779005524861878,13.685070422535212,9.01605633802817,18.349577464788734,435.6,16,0,0,21,0,TRUE,13.848678745105696,9.28718745297849,18.410022722711822,-0.16360832257048408,-0.27113111495031994,-0.06044525792308875
C611E,VEGA DE SAN MATEO,Gran Canaria,2022,365,363,362,0.9945205479452055,0.9917808219178083,14.151515151515152,9.58732782369146,18.711294765840222,698.6,23,0,0,25,0,TRUE,13.848678745105696,9.28718745297849,18.410022722711822,0.3028364064094564,0.3001403707129704,0.3012720431283995
C611E,VEGA DE SAN MATEO,Gran Canaria,2023,365,363,363,0.9945205479452055,0.9945205479452055,14.182920110192837,9.402203856749312,18.971349862258954,431.6,12,1,0,25,1,TRUE,13.848678745105696,9.28718745297849,18.410022722711822,0.3342413650871414,0.1150164037708219,0.5613271395471315
C611E,VEGA DE SAN MATEO,Gran Canaria,2024,366,364,362,0.994535519125683,0.9890710382513661,14.924725274725274,10.01978021978022,19.828296703296704,269,13,0,0,30,1,TRUE,13.848678745105696,9.28718745297849,18.410022722711822,1.0760465296195783,0.73259276680173,1.4182739805848819
C611E,VEGA DE SAN MATEO,Gran Canaria,2025,359,357,353,0.9944289693593314,0.9832869080779945,13.888235294117647,9.138655462184873,18.63893557422969,759.4,18,0,0,32,0,TRUE,13.848678745105696,9.28718745297849,18.410022722711822,0.0395565490119516,-0.14853199079361623,0.2289128515178689
C619Y,LA ALDEA DE SAN NICOLÁS,Gran Canaria,2015,298,295,293,0.9899328859060402,0.9832214765100671,20.92135593220339,16.47491525423729,25.368135593220337,128.4,57,0,0,21,1,TRUE,21.50428336286057,17.12948164056216,25.878798523957574,-0.582927430657179,-0.6545663863248734,-0.5106629307372366
C619Y,LA ALDEA DE SAN NICOLÁS,Gran Canaria,2016,366,366,362,1,0.9890710382513661,20.904371584699454,16.57650273224044,25.229508196721312,33.2,91,0,0,12,3,TRUE,21.50428336286057,17.12948164056216,25.878798523957574,-0.5999117781611147,-0.5529789083217231,-0.6492903272362618
C619Y,LA ALDEA DE SAN NICOLÁS,Gran Canaria,2017,355,352,352,0.9915492957746479,0.9915492957746479,21.496306818181818,17.001988636363638,25.99375,87.60000000000001,109,0,0,30,2,TRUE,21.50428336286057,17.12948164056216,25.878798523957574,-0.007976544678751196,-0.1274930041985236,0.11495147604242462
C619Y,LA ALDEA DE SAN NICOLÁS,Gran Canaria,2018,365,365,363,1,0.9945205479452055,20.912602739726026,16.80712328767123,25.02,147.6,87,0,0,12,0,TRUE,21.50428336286057,17.12948164056216,25.878798523957574,-0.5916806231345433,-0.3223583528909302,-0.8587985239575744
C619Y,LA ALDEA DE SAN NICOLÁS,Gran Canaria,2019,362,362,358,1,0.988950276243094,21.094475138121545,16.73756906077348,25.452762430939227,43.2,91,0,0,9,0,TRUE,21.50428336286057,17.12948164056216,25.878798523957574,-0.4098082247390238,-0.39191257978868066,-0.42603609301834666
C619Y,LA ALDEA DE SAN NICOLÁS,Gran Canaria,2020,363,363,355,1,0.977961432506887,21.814600550964187,17.451239669421486,26.17245179063361,65,117,0,0,36,3,TRUE,21.50428336286057,17.12948164056216,25.878798523957574,0.3103171881036175,0.3217580288593247,0.293653266676035
C619Y,LA ALDEA DE SAN NICOLÁS,Gran Canaria,2021,365,363,362,0.9945205479452055,0.9917808219178083,21.28732782369146,16.960881542699724,25.60909090909091,51.4,88,1,0,25,4,TRUE,21.50428336286057,17.12948164056216,25.878798523957574,-0.2169555391691098,-0.1686000978624378,-0.2697076148666646
C619Y,LA ALDEA DE SAN NICOLÁS,Gran Canaria,2022,365,363,360,0.9945205479452055,0.9863013698630136,21.80550964187328,17.44242424242424,26.16611570247934,226.6,117,0,0,25,3,TRUE,21.50428336286057,17.12948164056216,25.878798523957574,0.3012262790127096,0.3129426018620798,0.2873171785217643
C619Y,LA ALDEA DE SAN NICOLÁS,Gran Canaria,2023,365,364,331,0.9972602739726028,0.9068493150684932,22.356868131868133,17.553571428571427,27.163736263736265,61.8,129,3,0,63,9,TRUE,21.50428336286057,17.12948164056216,25.878798523957574,0.8525847690075636,0.42408978800926533,1.284937739778691
C619Y,LA ALDEA DE SAN NICOLÁS,Gran Canaria,2024,366,365,360,0.9972677595628415,0.9836065573770492,22.216986301369865,17.7413698630137,26.688219178082193,46.8,119,0,0,28,3,TRUE,21.50428336286057,17.12948164056216,25.878798523957574,0.7127029385092953,0.6118882224515367,0.8094206541246187
C619Y,LA ALDEA DE SAN NICOLÁS,Gran Canaria,2025,365,365,355,1,0.9726027397260274,21.736712328767123,17.676712328767124,25.80301369863014,181.2,115,3,0,16,3,TRUE,21.50428336286057,17.12948164056216,25.878798523957574,0.2324289659065535,0.5472306882049622,-0.07578482532743536
C649I,GRAN CANARIA AEROPUERTO,Gran Canaria,2015,365,341,365,0.9342465753424658,1,21.845454545454544,18.92991202346041,24.75659824046921,162.8,130,3,0,12,0,TRUE,21.821920706286956,18.75662213230826,24.88829856726014,0.023533839167587445,0.17328989115215165,-0.1317003267909307
C649I,GRAN CANARIA AEROPUERTO,Gran Canaria,2016,366,354,366,0.9672131147540983,1,21.915819209039547,18.93728813559322,24.89406779661017,139.5,136,4,0,22,1,TRUE,21.821920706286956,18.75662213230826,24.88829856726014,0.09389850275259093,0.18066600328496207,0.005769229350029548
C649I,GRAN CANARIA AEROPUERTO,Gran Canaria,2017,365,359,365,0.9835616438356164,1,21.813370473537603,18.749303621169915,24.874094707520893,58.6,138,1,0,16,3,TRUE,21.821920706286956,18.75662213230826,24.88829856726014,-0.008550232749353626,-0.007318511138343808,-0.014203859739247093
C649I,GRAN CANARIA AEROPUERTO,Gran Canaria,2018,365,353,365,0.9671232876712329,1,20.852124645892353,17.8643059490085,23.839660056657223,157.6,104,0,0,6,0,TRUE,21.821920706286956,18.75662213230826,24.88829856726014,-0.9697960603946036,-0.8923161832997586,-1.0486385106029168
C649I,GRAN CANARIA AEROPUERTO,Gran Canaria,2019,365,350,365,0.958904109589041,1,21.237142857142857,18.22142857142857,24.259428571428572,77.6,124,0,0,8,0,TRUE,21.821920706286956,18.75662213230826,24.88829856726014,-0.5847778491440998,-0.5351935608796872,-0.6288699958315682
C649I,GRAN CANARIA AEROPUERTO,Gran Canaria,2020,366,362,366,0.9890710382513661,1,21.77596685082873,18.68950276243094,24.863812154696134,63.3,145,4,0,20,3,TRUE,21.821920706286956,18.75662213230826,24.88829856726014,-0.045953855458225945,-0.06711936987731804,-0.024486412564005633
C649I,GRAN CANARIA AEROPUERTO,Gran Canaria,2021,365,345,365,0.9452054794520548,1,21.40608695652174,18.41391304347826,24.394202898550724,56.699999999999996,117,3,0,12,2,TRUE,21.821920706286956,18.75662213230826,24.88829856726014,-0.41583374976521625,-0.3427090888299986,-0.49409566870941646
C649I,GRAN CANARIA AEROPUERTO,Gran Canaria,2022,365,361,365,0.989041095890411,1,21.71191135734072,18.631301939058172,24.800831024930748,207.4,128,1,0,17,1,TRUE,21.821920706286956,18.75662213230826,24.88829856726014,-0.11000934894623526,-0.12532019325008648,-0.08746754232939224
C649I,GRAN CANARIA AEROPUERTO,Gran Canaria,2023,365,354,365,0.9698630136986301,1,22.718079096045198,19.496892655367233,25.939265536723163,111.4,159,13,0,38,1,TRUE,21.821920706286956,18.75662213230826,24.88829856726014,0.8961583897582415,0.7402705230589746,1.0509669694630226
C649I,GRAN CANARIA AEROPUERTO,Gran Canaria,2024,366,356,366,0.9726775956284153,1,22.65393258426966,19.413202247191013,25.89831460674157,84,150,0,0,12,0,TRUE,21.821920706286956,18.75662213230826,24.88829856726014,0.8320118779827048,0.6565801148827539,1.0100160394814317
C649I,GRAN CANARIA AEROPUERTO,Gran Canaria,2025,365,347,365,0.9506849315068493,1,22.111239193083573,18.975792507204613,25.25100864553314,162.7,138,5,0,15,4,TRUE,21.821920706286956,18.75662213230826,24.88829856726014,0.289318486796617,0.21917037489635405,0.3627100782730004
C659M,"LAS PALMAS DE GRAN CANARIA, PL. DE LA FERIA",Gran Canaria,2015,353,343,334,0.9716713881019831,0.9461756373937678,21.634402332361518,19.560932944606414,23.708746355685133,183.6,151,3,0,8,0,TRUE,21.612151883802863,19.550151731911768,23.674499127370083,0.022250448558654767,0.010781212694645603,0.03424722831504923
C659M,"LAS PALMAS DE GRAN CANARIA, PL. DE LA FERIA",Gran Canaria,2016,343,335,336,0.9766763848396501,0.9795918367346939,21.236716417910447,19.28686567164179,23.18089552238806,155.1,135,0,0,1,0,TRUE,21.612151883802863,19.550151731911768,23.674499127370083,-0.3754354658924157,-0.2632860602699765,-0.4936036049820238
C659M,"LAS PALMAS DE GRAN CANARIA, PL. DE LA FERIA",Gran Canaria,2017,358,347,348,0.9692737430167597,0.9720670391061452,21.772046109510086,19.70806916426513,23.837463976945244,92.5,190,0,0,8,0,TRUE,21.612151883802863,19.550151731911768,23.674499127370083,0.15989422570722311,0.15791743235336142,0.162964849575161
C659M,"LAS PALMAS DE GRAN CANARIA, PL. DE LA FERIA",Gran Canaria,2018,365,365,362,1,0.9917808219178083,20.85890410958904,18.85835616438356,22.85698630136986,238.5,125,0,0,0,0,TRUE,21.612151883802863,19.550151731911768,23.674499127370083,-0.7532477742138219,-0.6917955675282066,-0.8175128260002218
C659M,"LAS PALMAS DE GRAN CANARIA, PL. DE LA FERIA",Gran Canaria,2019,361,351,355,0.9722991689750693,0.9833795013850416,21.296296296296298,19.2002849002849,23.385185185185186,142.3,143,0,0,0,0,TRUE,21.612151883802863,19.550151731911768,23.674499127370083,-0.31585558750656517,-0.34986683162686916,-0.28931394218489714
C659M,"LAS PALMAS DE GRAN CANARIA, PL. DE LA FERIA",Gran Canaria,2020,361,316,355,0.8753462603878116,0.9833795013850416,21.62405063291139,19.44367088607595,23.801898734177215,166.6,133,0,0,1,0,TRUE,21.612151883802863,19.550151731911768,23.674499127370083,0.011898749108528506,-0.10648084583581863,0.12739960680713125
C659M,"LAS PALMAS DE GRAN CANARIA, PL. DE LA FERIA",Gran Canaria,2021,359,355,352,0.9888579387186629,0.9805013927576601,21.333239436619717,19.293521126760563,23.377183098591548,137.7,142,0,0,0,0,TRUE,21.612151883802863,19.550151731911768,23.674499127370083,-0.2789124471831457,-0.25663060515120506,-0.29731602877853547
C659M,"LAS PALMAS DE GRAN CANARIA, PL. DE LA FERIA",Gran Canaria,2022,365,365,361,1,0.989041095890411,21.686027397260276,19.65945205479452,23.71945205479452,216.9,187,0,0,1,0,TRUE,21.612151883802863,19.550151731911768,23.674499127370083,0.07387551345741272,0.10930032288275271,0.04495292742443624
C659M,"LAS PALMAS DE GRAN CANARIA, PL. DE LA FERIA",Gran Canaria,2023,365,327,362,0.8958904109589041,0.9917808219178083,22.28868501529052,20.13302752293578,24.445871559633026,91.1,159,9,0,12,0,TRUE,21.612151883802863,19.550151731911768,23.674499127370083,0.6765331314876555,0.5828757910240121,0.7713724322629432
C659M,"LAS PALMAS DE GRAN CANARIA, PL. DE LA FERIA",Gran Canaria,2024,365,363,359,0.9945205479452055,0.9835616438356164,22.097520661157024,20.011570247933886,24.185399449035813,66.4,181,0,0,2,0,TRUE,21.612151883802863,19.550151731911768,23.674499127370083,0.48536877735416084,0.4614185160221176,0.51090032166573
C659M,"LAS PALMAS DE GRAN CANARIA, PL. DE LA FERIA",Gran Canaria,2025,362,294,359,0.8121546961325967,0.9917127071823204,21.90578231292517,19.89591836734694,23.920408163265307,147.7,161,1,0,4,1,TRUE,21.612151883802863,19.550151731911768,23.674499127370083,0.29363042912230597,0.3457666354351723,0.24590903589522384
C689E,MASPALOMAS,Gran Canaria,2015,356,346,344,0.9719101123595506,0.9662921348314607,21.06994219653179,17.758092485549135,24.376878612716762,56.3,92,0,0,14,2,TRUE,21.049923950615312,17.764396571006372,24.3340115233846,0.020018245916478605,-0.006304085457237818,0.04286708933216232
C689E,MASPALOMAS,Gran Canaria,2016,337,325,320,0.9643916913946587,0.9495548961424333,21.068,17.770153846153846,24.36123076923077,66.60000000000001,78,0,0,8,1,TRUE,21.049923950615312,17.764396571006372,24.3340115233846,0.018076049384688986,0.005757275147473706,0.02721924584616886
C689E,MASPALOMAS,Gran Canaria,2017,344,331,328,0.9622093023255814,0.9534883720930233,21.360422960725074,18.15226586102719,24.565558912386706,33.9,104,0,0,9,1,TRUE,21.049923950615312,17.764396571006372,24.3340115233846,0.310499010109762,0.3878692900208165,0.23154738900210603
C689E,MASPALOMAS,Gran Canaria,2018,363,361,358,0.9944903581267218,0.9862258953168044,20.60470914127424,17.40692520775623,23.801662049861495,60.2,69,0,0,3,0,TRUE,21.049923950615312,17.764396571006372,24.3340115233846,-0.44521480934107416,-0.3574713632501414,-0.5323494735231051
C689E,MASPALOMAS,Gran Canaria,2019,280,275,275,0.9821428571428571,0.9821428571428571,21.146545454545453,17.734545454545454,24.56472727272727,9,49,0,0,3,0,TRUE,21.049923950615312,17.764396571006372,24.3340115233846,0.09662150393014102,-0.029851116460918092,0.23071574934267147
C839X,LA GRACIOSA,La Graciosa,2015,304,303,300,0.9967105263157895,0.9868421052631579,20.914851485148514,17.706930693069307,24.12013201320132,83.8,85,0,0,9,0,TRUE,21.189057593275244,18.091947532749106,24.28477107758762,-0.2742061081267302,-0.3850168396797997,-0.16463906438630005
C839X,LA GRACIOSA,La Graciosa,2016,366,366,363,1,0.9918032786885246,20.850273224043715,17.78087431693989,23.917213114754098,115.2,93,0,0,3,0,TRUE,21.189057593275244,18.091947532749106,24.28477107758762,-0.3387843692315293,-0.3110732158092162,-0.3675579628335228
C839X,LA GRACIOSA,La Graciosa,2017,359,347,356,0.9665738161559888,0.9916434540389972,21.41757925072046,18.18904899135447,24.6492795389049,50.8,118,1,0,13,2,TRUE,21.189057593275244,18.091947532749106,24.28477107758762,0.22852165744521713,0.09710145860536201,0.36450846131727843
C839X,LA GRACIOSA,La Graciosa,2018,355,351,351,0.9887323943661972,0.9887323943661972,20.485470085470087,17.543589743589745,23.42222222222222,135.2,91,0,0,1,0,TRUE,21.189057593275244,18.091947532749106,24.28477107758762,-0.7035875078051568,-0.5483577891593612,-0.8625488553654002
C839X,LA GRACIOSA,La Graciosa,2019,365,365,362,1,0.9917808219178083,20.845479452054793,17.745479452054795,23.944657534246577,43.6,95,0,0,2,0,TRUE,21.189057593275244,18.091947532749106,24.28477107758762,-0.34357814122045127,-0.34646808069431145,-0.3401135433410438
C839X,LA GRACIOSA,La Graciosa,2020,366,366,364,1,0.994535519125683,21.324043715846994,18.127322404371586,24.51584699453552,67.4,119,0,0,6,0,TRUE,21.189057593275244,18.091947532749106,24.28477107758762,0.1349861225717497,0.035374871622479986,0.23107591694789775
C839X,LA GRACIOSA,La Graciosa,2021,352,350,346,0.9943181818181818,0.9829545454545454,20.81085714285714,17.789142857142856,23.833142857142857,64.2,87,0,0,2,0,TRUE,21.189057593275244,18.091947532749106,24.28477107758762,-0.37820045041810246,-0.30280467560625013,-0.45162822044476414
C839X,LA GRACIOSA,La Graciosa,2022,365,327,360,0.8958904109589041,0.9863013698630136,21.21896024464832,18.186850152905198,24.251376146788992,128,96,0,0,9,0,TRUE,21.189057593275244,18.091947532749106,24.28477107758762,0.029902651373074463,0.09490262015609119,-0.033394930798628764
C839X,LA GRACIOSA,La Graciosa,2023,303,303,292,1,0.9636963696369637,22.22970297029703,19.004620462046205,25.455775577557755,23.6,142,1,0,16,7,TRUE,21.189057593275244,18.091947532749106,24.28477107758762,1.0406453770217858,0.9126729292970985,1.1710044999701346
C839X,LA GRACIOSA,La Graciosa,2024,363,363,360,1,0.9917355371900827,21.753168044077135,18.628650137741047,24.875482093663912,27.2,110,0,0,9,0,TRUE,21.189057593275244,18.091947532749106,24.28477107758762,0.5641104508018913,0.536702604991941,0.5907110160762912
C839X,LA GRACIOSA,La Graciosa,2025,359,359,354,1,0.9860724233983287,21.22924791086351,18.30891364902507,24.147353760445682,127.4,115,0,0,6,2,TRUE,21.189057593275244,18.091947532749106,24.28477107758762,0.040190317588265856,0.2169661162759624,-0.1374173171419386
C916Q,"EL PINAR, DEPÓSITO",El Hierro,2015,365,365,364,1,0.9972602739726028,15.894246575342466,11.756164383561643,20.03287671232877,280.1,26,1,0,27,0,TRUE,16.35423137871084,12.09455173393397,20.616289943701712,-0.4599848033683731,-0.3383873503723276,-0.5834132313729441
C916Q,"EL PINAR, DEPÓSITO",El Hierro,2016,366,342,366,0.9344262295081968,1,15.663157894736843,11.373391812865497,19.957894736842107,479.4,19,1,0,27,3,TRUE,16.35423137871084,12.09455173393397,20.616289943701712,-0.6910734839739963,-0.7211599210684732,-0.6583952068596055
C916Q,"EL PINAR, DEPÓSITO",El Hierro,2017,365,365,365,1,1,16.567123287671233,12.237260273972602,20.895342465753426,296.9,33,6,0,44,7,TRUE,16.35423137871084,12.09455173393397,20.616289943701712,0.212891908960394,0.14270854003863143,0.27905252205171394
C916Q,"EL PINAR, DEPÓSITO",El Hierro,2018,365,365,365,1,1,15.246849315068493,11.145205479452056,19.345479452054793,458,14,3,0,16,1,TRUE,16.35423137871084,12.09455173393397,20.616289943701712,-1.107382063642346,-0.9493462544819149,-1.2708104916469196
C916Q,"EL PINAR, DEPÓSITO",El Hierro,2019,365,365,365,1,1,15.957260273972603,11.650684931506849,20.265479452054795,264.6,19,2,0,21,4,TRUE,16.35423137871084,12.09455173393397,20.616289943701712,-0.3969711047382365,-0.44386680242712195,-0.3508104916469179
C916Q,"EL PINAR, DEPÓSITO",El Hierro,2020,366,366,366,1,1,17.19207650273224,13.04535519125683,21.347814207650273,522.4,42,8,0,50,10,TRUE,16.35423137871084,12.09455173393397,20.616289943701712,0.8378451240214027,0.9508034573228592,0.7315242639485611
C916Q,"EL PINAR, DEPÓSITO",El Hierro,2021,365,364,364,0.9972602739726028,0.9972602739726028,16.201648351648352,11.973901098901099,20.42967032967033,369.2,33,4,0,39,7,TRUE,16.35423137871084,12.09455173393397,20.616289943701712,-0.15258302706248728,-0.12065063503287199,-0.1866196140313825
C916Q,"EL PINAR, DEPÓSITO",El Hierro,2022,365,356,365,0.9753424657534246,1,16.302247191011237,12.117415730337079,20.492134831460675,718.6,23,8,0,24,7,TRUE,16.35423137871084,12.09455173393397,20.616289943701712,-0.05198418769960256,0.022863996403108544,-0.12415511224103781
C916Q,"EL PINAR, DEPÓSITO",El Hierro,2023,365,365,365,1,1,17.38328767123288,12.934246575342465,21.84,323.4,38,8,2,44,11,TRUE,16.35423137871084,12.09455173393397,20.616289943701712,1.0290562925220392,0.8396948414084946,1.2237100562982874
C916Q,"EL PINAR, DEPÓSITO",El Hierro,2024,366,366,366,1,1,17.34344262295082,12.948087431693988,21.738524590163934,228.4,33,2,0,37,1,TRUE,16.35423137871084,12.09455173393397,20.616289943701712,0.9892112442399821,0.8535356977600177,1.1222346464622213
C916Q,"EL PINAR, DEPÓSITO",El Hierro,2025,365,365,365,1,1,16.145205479452056,11.858356164383562,20.433972602739725,495.8,26,4,0,36,8,TRUE,16.35423137871084,12.09455173393397,20.616289943701712,-0.20902589925878345,-0.236195569550409,-0.18231734096198693
C917E,"EL PINAR, LA DEHESA",El Hierro,2015,365,364,358,0.9972602739726028,0.9808219178082191,17.802747252747253,14.159065934065934,21.448351648351647,218.8,26,10,0,32,3,TRUE,17.932230554712458,14.32749265006524,21.54890920557718,-0.1294833019652053,-0.16842671599930625,-0.10055755722553172
C917E,"EL PINAR, LA DEHESA",El Hierro,2016,366,365,291,0.9972677595628415,0.7950819672131147,17.88191780821918,14.178904109589041,21.583013698630136,59.2,28,13,0,39,10,TRUE,17.932230554712458,14.32749265006524,21.54890920557718,-0.05031274649327955,-0.14858854047619907,0.03410449305295771
C917E,"EL PINAR, LA DEHESA",El Hierro,2017,365,362,293,0.9917808219178083,0.8027397260273973,18.60718232044199,14.856353591160222,22.36049723756906,193.4,44,12,0,42,12,TRUE,17.932230554712458,14.32749265006524,21.54890920557718,0.6749517657295314,0.5288609410949814,0.8115880319918816
C917E,"EL PINAR, LA DEHESA",El Hierro,2018,365,365,365,1,1,16.86958904109589,13.366849315068492,20.37041095890411,311.4,16,3,0,16,1,TRUE,17.932230554712458,14.32749265006524,21.54890920557718,-1.062641513616569,-0.9606433349967478,-1.178498246673069
C917E,"EL PINAR, LA DEHESA",El Hierro,2019,365,363,365,0.9945205479452055,1,17.58595041322314,13.824242424242424,21.35289256198347,241.4,24,7,0,23,5,TRUE,17.932230554712458,14.32749265006524,21.54890920557718,-0.3462801414893164,-0.503250225822816,-0.1960166435937083
C917E,"EL PINAR, LA DEHESA",El Hierro,2020,313,313,313,1,1,18.64185303514377,14.638338658146965,22.642811501597443,262.2,36,14,2,38,9,TRUE,17.932230554712458,14.32749265006524,21.54890920557718,0.7096224804313138,0.31084600808172524,1.0939022960202642
C917E,"EL PINAR, LA DEHESA",El Hierro,2021,365,365,365,1,1,17.726027397260275,14.058082191780821,21.38986301369863,207.6,38,10,2,36,12,TRUE,17.932230554712458,14.32749265006524,21.54890920557718,-0.2062031574521832,-0.269410458284419,-0.15904619187854863
C917E,"EL PINAR, LA DEHESA",El Hierro,2022,365,365,365,1,1,18.005753424657534,14.451232876712329,21.562465753424657,481.8,32,13,1,28,9,TRUE,17.932230554712458,14.32749265006524,21.54890920557718,0.07352286994507651,0.12374022664708839,0.01355654784747884
C917E,"EL PINAR, LA DEHESA",El Hierro,2023,291,275,290,0.9450171821305842,0.9965635738831615,18.53127272727273,15.194202898550724,21.87090909090909,306.4,41,15,2,34,4,TRUE,17.932230554712458,14.32749265006524,21.54890920557718,0.5990421725602708,0.8667102484854841,0.3219998853319126
C917E,"EL PINAR, LA DEHESA",El Hierro,2024,366,353,266,0.9644808743169399,0.726775956284153,18.443909348441927,14.950424929178471,21.93240223463687,114.8,29,4,0,29,3,TRUE,17.932230554712458,14.32749265006524,21.54890920557718,0.5116787937294696,0.6229322791132308,0.38349302905969296
C917E,"EL PINAR, LA DEHESA",El Hierro,2025,365,360,365,0.9863013698630136,1,17.158333333333335,13.924722222222222,20.524383561643834,325.8,20,10,0,34,8,TRUE,17.932230554712458,14.32749265006524,21.54890920557718,-0.7738972213791229,-0.4027704278430182,-1.0245256439333446
C919K,TACORON-LAPILLAS-TORTUGA,El Hierro,2015,365,364,355,0.9972602739726028,0.9726027397260274,21.886263736263736,18.46181318681319,25.314285714285713,79.2,134,4,0,24,2,TRUE,22.025273533274486,18.749649453794326,25.303299056723908,-0.13900979701075045,-0.28783626698113807,0.010986657561804947
C919K,TACORON-LAPILLAS-TORTUGA,El Hierro,2016,366,354,366,0.9672131147540983,1,21.76638418079096,18.32175141242938,25.20960451977401,148.1,102,0,0,11,2,TRUE,22.025273533274486,18.749649453794326,25.303299056723908,-0.25888935248352496,-0.4278980413649478,-0.09369453694989716
C919K,TACORON-LAPILLAS-TORTUGA,El Hierro,2017,334,289,314,0.8652694610778443,0.9401197604790419,22.876470588235293,19.40484429065744,26.357439446366783,79,129,2,0,17,1,TRUE,22.025273533274486,18.749649453794326,25.303299056723908,0.8511970549608066,0.6551948368631137,1.0541403896428747
C919K,TACORON-LAPILLAS-TORTUGA,El Hierro,2018,365,365,335,1,0.9178082191780822,21.451780821917808,17.984109589041097,24.924657534246574,48.2,78,0,0,6,1,TRUE,22.025273533274486,18.749649453794326,25.303299056723908,-0.5734927113566783,-0.7655398647532294,-0.3786415224773343
C919K,TACORON-LAPILLAS-TORTUGA,El Hierro,2019,365,354,365,0.9698630136986301,1,21.70734463276836,18.26497175141243,25.150282485875707,34,99,0,0,8,0,TRUE,22.025273533274486,18.749649453794326,25.303299056723908,-0.317928900506125,-0.484677702381898,-0.15301657084820164
C919K,TACORON-LAPILLAS-TORTUGA,El Hierro,2020,366,333,322,0.9098360655737705,0.8797814207650273,22.185285285285286,18.823723723723724,25.54954954954955,64,130,1,0,14,3,TRUE,22.025273533274486,18.749649453794326,25.303299056723908,0.1600117520107993,0.07407426992939747,0.2462504928256415
C919K,TACORON-LAPILLAS-TORTUGA,El Hierro,2021,348,348,347,1,0.9971264367816092,21.676436781609194,18.516666666666666,24.833045977011494,53.8,101,1,0,11,2,TRUE,22.025273533274486,18.749649453794326,25.303299056723908,-0.34883675166529216,-0.23298278712766063,-0.47025307971241403
C919K,TACORON-LAPILLAS-TORTUGA,El Hierro,2022,365,363,365,0.9945205479452055,1,21.996969696969696,18.826997245179065,25.170798898071624,163,119,1,0,14,2,TRUE,22.025273533274486,18.749649453794326,25.303299056723908,-0.028303836304790053,0.07734779138473868,-0.13250015865228448
C919K,TACORON-LAPILLAS-TORTUGA,El Hierro,2023,365,365,365,1,1,23.162191780821917,19.897260273972602,26.431506849315067,54.4,189,14,2,41,18,TRUE,22.025273533274486,18.749649453794326,25.303299056723908,1.136918247547431,1.1476108201782758,1.1282077925911587
C919K,TACORON-LAPILLAS-TORTUGA,El Hierro,2024,207,206,207,0.9951690821256038,1,21.792233009708738,18.858252427184468,24.72753623188406,36.2,51,0,0,5,1,TRUE,22.025273533274486,18.749649453794326,25.303299056723908,-0.233040523565748,0.10860297339014124,-0.575762824839849
C919K,TACORON-LAPILLAS-TORTUGA,El Hierro,2025,365,364,365,0.9972602739726028,1,21.77664835164835,18.885753424657533,24.667582417582416,86.8,133,2,0,11,0,TRUE,22.025273533274486,18.749649453794326,25.303299056723908,-0.24862518162613512,0.13610397086320702,-0.6357166391414921
C925F,"SAN ANDRÉS, VALVERDE",El Hierro,2015,365,348,365,0.9534246575342465,1,14.552011494252874,10.624137931034483,18.481896551724137,503.7,9,0,0,18,0,TRUE,14.399665722304961,10.55429552587338,18.248504080135984,0.1523457719479122,0.0698424051611024,0.23339247158815368
C925F,"SAN ANDRÉS, VALVERDE",El Hierro,2016,366,366,366,1,1,14.402185792349727,10.388524590163934,18.415300546448087,529.2,15,1,0,26,4,TRUE,14.399665722304961,10.55429552587338,18.248504080135984,0.002520070044765177,-0.16577093570944612,0.16679646631210332
C925F,"SAN ANDRÉS, VALVERDE",El Hierro,2017,365,365,365,1,1,15.12931506849315,11.134520547945206,19.124383561643835,338.8,24,0,0,35,3,TRUE,14.399665722304961,10.55429552587338,18.248504080135984,0.7296493461881894,0.5802250220718257,0.8758794815078517
C925F,"SAN ANDRÉS, VALVERDE",El Hierro,2018,365,365,365,1,1,13.471780821917807,9.86109589041096,17.08109589041096,584.8,7,0,0,13,0,TRUE,14.399665722304961,10.55429552587338,18.248504080135984,-0.9278849003871539,-0.6931996354624204,-1.1674081897250232
C925F,"SAN ANDRÉS, VALVERDE",El Hierro,2019,272,272,271,1,0.9963235294117647,13.998161764705882,9.887132352941176,18.11470588235294,249.6,8,0,0,16,3,TRUE,14.399665722304961,10.55429552587338,18.248504080135984,-0.4015039575990791,-0.6671631729322041,-0.1337981977830438
C925F,"SAN ANDRÉS, VALVERDE",El Hierro,2020,50,50,50,1,1,12.298,9.698,14.908,362.2,0,0,0,0,0,TRUE,14.399665722304961,10.55429552587338,18.248504080135984,-2.1016657223049613,-0.8562955258733798,-3.340504080135984
C925F,"SAN ANDRÉS, VALVERDE",El Hierro,2021,365,365,365,1,1,14.572328767123288,10.62931506849315,18.515068493150686,432.6,14,2,0,27,4,TRUE,14.399665722304961,10.55429552587338,18.248504080135984,0.17266304481832684,0.07501954261977062,0.26656441301470224
C925F,"SAN ANDRÉS, VALVERDE",El Hierro,2022,365,365,365,1,1,14.77068493150685,10.838630136986302,18.70876712328767,840.8,20,1,0,24,0,TRUE,14.399665722304961,10.55429552587338,18.248504080135984,0.37101920920188824,0.28433461111292146,0.46026304315168787
C925F,"SAN ANDRÉS, VALVERDE",El Hierro,2023,365,364,365,0.9972602739726028,1,15.702747252747253,11.36565934065934,20.04368131868132,478.6,16,3,0,29,7,TRUE,14.399665722304961,10.55429552587338,18.248504080135984,1.3030815304422916,0.8113638147859596,1.7951772385453353
C925F,"SAN ANDRÉS, VALVERDE",El Hierro,2024,366,365,366,0.9972677595628415,1,15.450958904109589,11.376502732240438,19.53095890410959,253,9,0,0,20,0,TRUE,14.399665722304961,10.55429552587338,18.248504080135984,1.0512931818046276,0.8222072063670574,1.2824548239736053
C925F,"SAN ANDRÉS, VALVERDE",El Hierro,2025,365,351,365,0.9616438356164384,1,14.048148148148147,10.293732193732193,17.809686609686608,665.8,12,0,0,19,1,TRUE,14.399665722304961,10.55429552587338,18.248504080135984,-0.35151757415681395,-0.2605633321411869,-0.4388174704493757
C929I,HIERRO AEROPUERTO,El Hierro,2015,365,364,365,0.9972602739726028,1,21.722252747252746,19.80824175824176,23.639835164835166,140.3,173,3,0,2,0,TRUE,21.7754029493516,19.79860419384555,23.751307940367177,-0.05315020209885546,0.009637564396211218,-0.11147277553201107
C929I,HIERRO AEROPUERTO,El Hierro,2016,366,365,366,0.9972677595628415,1,21.792328767123287,19.924383561643836,23.657808219178083,148.7,164,0,0,0,0,TRUE,21.7754029493516,19.79860419384555,23.751307940367177,0.01692581777168556,0.12577936779828747,-0.09349972118909378
C929I,HIERRO AEROPUERTO,El Hierro,2017,365,365,365,1,1,21.963561643835618,20.076438356164385,23.852054794520548,95.1,191,0,0,3,0,TRUE,21.7754029493516,19.79860419384555,23.751307940367177,0.18815869448401656,0.27783416231883606,0.10074685415337115
C929I,HIERRO AEROPUERTO,El Hierro,2018,365,365,365,1,1,21.070958904109588,19.186849315068493,22.956164383561642,177.2,133,0,0,0,0,TRUE,21.7754029493516,19.79860419384555,23.751307940367177,-0.7044440452420133,-0.6117548787770559,-0.7951435568055345
C929I,HIERRO AEROPUERTO,El Hierro,2019,365,363,365,0.9945205479452055,1,21.38925619834711,19.493388429752066,23.287603305785122,84.3,160,0,0,0,0,TRUE,21.7754029493516,19.79860419384555,23.751307940367177,-0.38614675100449247,-0.3052157640934823,-0.46370463458205435
C929I,HIERRO AEROPUERTO,El Hierro,2020,366,366,366,1,1,21.813387978142078,19.75792349726776,23.868579234972678,110.10000000000001,171,0,0,5,0,TRUE,21.7754029493516,19.79860419384555,23.751307940367177,0.037985028790476605,-0.0406806965777875,0.11727129460550145
C929I,HIERRO AEROPUERTO,El Hierro,2021,365,365,365,1,1,21.506301369863014,19.547671232876713,23.460821917808218,66,157,0,0,2,0,TRUE,21.7754029493516,19.79860419384555,23.751307940367177,-0.2691015794885878,-0.25093296096883577,-0.2904860225589587
C929I,HIERRO AEROPUERTO,El Hierro,2022,365,365,365,1,1,21.6786301369863,19.662739726027397,23.69287671232877,233.1,180,0,0,3,0,TRUE,21.7754029493516,19.79860419384555,23.751307940367177,-0.09677281236530177,-0.13586446781815198,-0.05843122803840828
C929I,HIERRO AEROPUERTO,El Hierro,2023,365,365,365,1,1,22.712602739726027,20.58164383561644,24.84082191780822,102.9,208,4,0,16,3,TRUE,21.7754029493516,19.79860419384555,23.751307940367177,0.9371997903744251,0.7830396417708911,1.0895139774410438
C929I,HIERRO AEROPUERTO,El Hierro,2024,366,366,366,1,1,22.144535519125682,20.041256830601093,24.245081967213114,44.8,188,0,0,2,0,TRUE,21.7754029493516,19.79860419384555,23.751307940367177,0.3691325697740808,0.24265263675554394,0.4937740268459372
C929I,HIERRO AEROPUERTO,El Hierro,2025,365,365,365,1,1,21.735616438356164,19.704109589041096,23.762739726027398,182.5,176,1,0,6,0,TRUE,21.7754029493516,19.79860419384555,23.751307940367177,-0.039786510995437396,-0.09449460480445282,0.011431785660221294
