station_id,island,year,station_name,n_days,n_temp,n_prec,n_hr,n_wind,n_sol,n_pres,pct_temp.x,pct_prec.x,pct_hr,pct_wind,pct_sol,pct_pres,altitud,tmed_annual,tmin_annual,tmax_annual,prec_annual,hr_media_annual,hr_min_annual,hr_max_annual,velmedia_annual,racha_mean_annual,sol_annual,pres_min_annual,pres_max_annual,tropical_nights_annual,equatorial_nights_annual,torrid_nights_annual,warm_days_30,warm_days_35,pct_temp.y,pct_prec.y,use_for_annual
C018J,Lanzarote,2015,TÍAS,365,358,360,365,364,0,0,0.9808219178082191,0.9863013698630136,1,0.9972602739726028,0,0,376,18.49413407821229,15.1268156424581,21.85977653631285,165.5,73.36986301369863,55.62849162011173,92.8854748603352,6.025824175824176,12.55524861878453,,,,13,0,0,14,3,0.9808219178082191,0.9863013698630136,TRUE
C018J,Lanzarote,2016,TÍAS,366,365,365,366,366,0,0,0.9972677595628415,0.9972677595628415,1,1,0,0,376,18.375342465753423,15.06931506849315,21.68082191780822,199,76.06557377049181,58.62465753424657,94.17534246575343,6.054918032786885,12.354794520547944,,,,9,0,0,11,2,0.9972677595628415,0.9972677595628415,TRUE
C018J,Lanzarote,2017,TÍAS,364,362,364,364,364,0,0,0.9945054945054945,1,1,1,0,0,376,19.08950276243094,15.518508287292818,22.656629834254144,51.8,71.1456043956044,52.90633608815427,91.0909090909091,5.917032967032967,12.416758241758242,,,,15,3,0,20,3,0.9917808219178083,0.9972602739726028,TRUE
C018J,Lanzarote,2018,TÍAS,363,363,362,363,363,0,0,1,0.9972451790633609,1,1,0,0,376,17.85840220385675,14.720110192837465,20.99944903581267,214,77,59.66115702479339,94.68870523415978,6.338842975206612,12.924793388429752,,,,2,0,0,7,0,0.9945205479452055,0.9917808219178083,TRUE
C018J,Lanzarote,2019,TÍAS,362,361,362,361,362,0,0,0.9972375690607734,1,0.9972375690607734,1,0,0,376,18.58365650969529,14.920498614958449,22.253185595567867,85.7,73.98337950138504,55.24653739612188,93.38781163434903,6.458563535911602,12.755524861878452,,,,3,0,0,10,0,0.989041095890411,0.9917808219178083,TRUE
C018J,Lanzarote,2020,TÍAS,366,365,365,366,366,0,0,0.9972677595628415,0.9972677595628415,1,1,0,0,376,19.464931506849315,15.424931506849315,23.504383561643834,89.4,71.06830601092896,52.3013698630137,92.72602739726027,5.934153005464481,12.306849315068494,,,,9,1,0,27,2,0.9972677595628415,0.9972677595628415,TRUE
C018J,Lanzarote,2021,TÍAS,365,364,364,365,365,0,0,0.9972602739726028,0.9972602739726028,1,1,0,0,376,18.775549450549452,14.902472527472527,22.641758241758243,130.6,75.47123287671234,56.93131868131868,94.46428571428571,6.184931506849315,12.476164383561644,,,,5,1,0,19,4,0.9972602739726028,0.9972602739726028,TRUE
C018J,Lanzarote,2022,TÍAS,365,365,365,365,365,0,0,1,1,1,1,0,0,376,19.447123287671232,15.61917808219178,23.273150684931508,245.79999999999998,72.62465753424658,53.701369863013696,92.37260273972603,6.1158904109589045,12.544383561643835,,,,15,0,0,17,3,1,1,TRUE
C018J,Lanzarote,2023,TÍAS,364,363,344,364,364,0,0,0.9972527472527473,0.945054945054945,1,1,0,0,376,20.215977961432507,16.041322314049587,24.388429752066116,85.4,70.57967032967034,51.36088154269972,92.3305785123967,5.686813186813187,12.019505494505495,,,,32,3,0,39,8,0.9945205479452055,0.9424657534246575,TRUE
C018J,Lanzarote,2024,TÍAS,366,364,364,366,366,0,0,0.994535519125683,0.994535519125683,1,1,0,0,376,19.726923076923075,15.932692307692308,23.51565934065934,92,71.30327868852459,52.214285714285715,91.83516483516483,6.356010928961749,12.795901639344262,,,,9,0,0,16,0,0.994535519125683,0.994535519125683,TRUE
C018J,Lanzarote,2025,TÍAS,365,362,363,363,365,0,0,0.9917808219178083,0.9945205479452055,0.9945205479452055,1,0,0,376,19.188950276243094,15.382044198895027,22.996132596685083,189.8,77.34986225895317,59.0414364640884,95.38674033149171,6.05013698630137,12.376098901098901,,,,11,1,0,16,7,0.9917808219178083,0.9945205479452055,TRUE
C019V,Lanzarote,2015,YAIZA PLAYA BLANCA,363,313,304,341,342,51,0,0.8622589531680441,0.837465564738292,0.9393939393939394,0.9421487603305785,0.14049586776859505,0,6,21.51405750798722,18.74888178913738,24.284664536741214,113.3,67.54545454545455,53.85657370517928,80.91235059760956,4.526023391812865,11.39298245614035,441.6,,,126,0,0,13,1,0.8575342465753425,0.8328767123287671,TRUE
C019V,Lanzarote,2016,YAIZA PLAYA BLANCA,366,365,365,366,366,0,0,0.9972677595628415,0.9972677595628415,1,1,0,0,6,20.766849315068495,18.013150684931507,23.51698630136986,122,69.18579234972678,56.701369863013696,81.9013698630137,4.425136612021858,11.225753424657535,,,,106,0,0,8,1,0.9972677595628415,0.9972677595628415,TRUE
C019V,Lanzarote,2017,YAIZA PLAYA BLANCA,365,364,362,365,365,0,0,0.9972602739726028,0.9917808219178083,1,1,0,0,6,21.244230769230768,18.370604395604396,24.120054945054946,27.8,67.82739726027397,54.89835164835165,81.16758241758242,4.263287671232876,11.66401098901099,,,,135,0,0,16,0,0.9972602739726028,0.9917808219178083,TRUE
C019V,Lanzarote,2018,YAIZA PLAYA BLANCA,365,365,365,365,365,0,0,1,1,1,1,0,0,6,20.266849315068495,17.525205479452055,23.011780821917807,49.199999999999996,70.33150684931506,58.323287671232876,83.13424657534246,4.264109589041096,11.403561643835616,,,,94,0,0,1,0,1,1,TRUE
C019V,Lanzarote,2019,YAIZA PLAYA BLANCA,362,362,362,361,362,0,0,1,1,0.9972375690607734,1,0,0,6,20.73646408839779,17.87790055248619,23.603591160220994,15.200000000000001,66.47091412742382,53.19889502762431,80.93370165745857,4.183701657458563,11.241160220994475,,,,106,0,0,4,0,0.9917808219178083,0.9917808219178083,TRUE
C019V,Lanzarote,2020,YAIZA PLAYA BLANCA,366,366,366,365,366,0,0,1,1,0.9972677595628415,1,0,0,6,21.346448087431693,18.43032786885246,24.266120218579236,23.2,60.602739726027394,44.177595628415304,78.73770491803279,4.12103825136612,11.311475409836065,,,,134,0,0,11,0,1,1,TRUE
C019V,Lanzarote,2021,YAIZA PLAYA BLANCA,355,351,351,353,355,0,0,0.9887323943661972,0.9887323943661972,0.9943661971830986,1,0,0,6,20.811680911680913,17.900284900284902,23.72022792022792,67.8,64.5070821529745,49.95702005730659,80.6676217765043,3.9904225352112674,10.886609686609686,,,,94,1,0,6,1,0.9616438356164384,0.9616438356164384,TRUE
C019V,Lanzarote,2022,YAIZA PLAYA BLANCA,365,365,361,365,365,0,0,1,0.989041095890411,1,1,0,0,6,21.476438356164383,18.55041095890411,24.40219178082192,65.8,67.00821917808219,52.61369863013699,81.32328767123288,4.301095890410959,11.070684931506849,,,,133,0,0,13,1,1,0.989041095890411,TRUE
C019V,Lanzarote,2023,YAIZA PLAYA BLANCA,365,364,364,365,365,0,0,0.9972602739726028,0.9972602739726028,1,1,0,0,6,22.065934065934066,18.967582417582417,25.158516483516483,35.6,66.65479452054795,52.47802197802198,81.09615384615384,3.9802739726027396,10.661813186813188,,,,158,3,0,33,3,0.9972602739726028,0.9972602739726028,TRUE
C019V,Lanzarote,2024,YAIZA PLAYA BLANCA,366,366,366,366,366,0,0,1,1,1,1,0,0,6,21.715573770491805,18.90273224043716,24.5327868852459,27.6,67.3688524590164,53.169398907103826,81.62021857923497,4.316939890710382,11.200546448087431,,,,134,1,0,6,0,1,1,TRUE
C019V,Lanzarote,2025,YAIZA PLAYA BLANCA,365,365,364,364,365,0,0,1,0.9972602739726028,0.9972602739726028,1,0,0,6,21.194520547945206,18.385479452054796,24.01287671232877,84.2,69.01923076923077,56.515068493150686,82.04383561643836,4.064657534246575,10.687397260273972,,,,132,0,0,11,3,1,0.9972602739726028,TRUE
C029O,Lanzarote,2015,LANZAROTE AEROPUERTO,365,365,365,364,363,365,365,1,1,0.9972602739726028,0.9945205479452055,1,1,14,21.93178082191781,17.78109589041096,26.076712328767123,63.8,62.362637362637365,43.134246575342466,82.76986301369863,6.103581267217631,13.520547945205479,2878.8,1015.6271232876712,1018.9386301369863,112,1,0,59,8,1,1,TRUE
C029O,Lanzarote,2016,LANZAROTE AEROPUERTO,366,362,366,363,364,366,364,0.9890710382513661,1,0.9918032786885246,0.994535519125683,1,0.994535519125683,14,21.646408839779006,17.522099447513813,25.76795580110497,127.8,63.33884297520661,45.450276243093924,82.71546961325967,6.292582417582418,13.834530386740331,2944.8,1014.7497252747253,1018.1299450549451,99,1,0,48,7,0.9890710382513661,1,TRUE
C029O,Lanzarote,2017,LANZAROTE AEROPUERTO,365,365,365,365,365,365,365,1,1,1,1,1,1,14,21.96876712328767,17.702739726027396,26.23095890410959,49.5,62.583561643835615,44.00821917808219,82.3945205479452,6.067671232876712,13.71978021978022,3033.3,1014.0791780821918,1017.5731506849315,116,2,0,52,9,1,1,TRUE
C029O,Lanzarote,2018,LANZAROTE AEROPUERTO,365,363,365,362,362,357,364,0.9945205479452055,1,0.9917808219178083,0.9917808219178083,0.9780821917808219,0.9972602739726028,14,20.866666666666667,16.87823691460055,24.85123966942149,143,66.1878453038674,48.162534435261705,86.07988980716253,6.424309392265194,13.900275482093663,3129.1,1014.5406593406593,1017.9118131868132,85,0,0,22,2,0.9945205479452055,1,TRUE
C029O,Lanzarote,2019,LANZAROTE AEROPUERTO,365,364,365,365,363,335,364,0.9972602739726028,1,1,0.9945205479452055,0.9178082191780822,0.9972602739726028,14,21.317857142857143,17.12087912087912,25.51868131868132,52.3,65.96164383561644,47.37362637362637,85.90934065934066,6.6173553719008265,13.77486187845304,3043.9,1014.6475274725275,1017.9307692307692,87,0,0,32,4,0.9972602739726028,1,TRUE
C029O,Lanzarote,2020,LANZAROTE AEROPUERTO,366,362,366,363,363,352,363,0.9890710382513661,1,0.9918032786885246,0.9918032786885246,0.9617486338797814,0.9918032786885246,14,21.950828729281767,17.63342541436464,26.26767955801105,67.2,64.98898071625344,45.908839779005525,85.74585635359117,6.237465564738292,13.234254143646409,3153.3,1014.4768595041322,1017.9650137741047,114,0,0,49,4,0.9890710382513661,1,TRUE
C029O,Lanzarote,2021,LANZAROTE AEROPUERTO,365,363,365,365,365,360,365,0.9945205479452055,1,1,1,0.9863013698630136,1,14,21.492011019283748,17.066391184573003,25.91129476584022,80.2,64.86027397260274,46.45730027548209,84.88429752066116,6.437808219178082,13.342148760330579,3174.3,1014.1035616438356,1017.4334246575343,77,1,0,42,8,0.9945205479452055,1,TRUE
C029O,Lanzarote,2022,LANZAROTE AEROPUERTO,365,361,365,365,364,356,362,0.989041095890411,1,1,0.9972602739726028,0.9753424657534246,0.9917808219178083,14,22.169252077562327,17.83656509695291,26.500831024930747,115.8,63.394520547945206,45.23545706371191,82.91412742382272,6.303571428571429,13.577374301675977,3220.1,1013.7787292817679,1017.2450276243094,100,0,0,57,4,0.989041095890411,1,TRUE
C029O,Lanzarote,2023,LANZAROTE AEROPUERTO,365,364,365,365,365,353,365,0.9972602739726028,1,1,1,0.9671232876712329,1,14,22.70576923076923,18.40164835164835,27.014285714285716,39.5,61.83013698630137,42.879120879120876,82.25824175824175,5.9180821917808215,13.347527472527473,3228.1,1014.101095890411,1017.3912328767124,141,3,0,87,13,0.9972602739726028,1,TRUE
C029O,Lanzarote,2024,LANZAROTE AEROPUERTO,366,366,366,365,366,346,366,1,1,0.9972677595628415,1,0.9453551912568307,1,14,22.34808743169399,18.29617486338798,26.395628415300546,44.7,62.26027397260274,43.78904109589041,81.96164383561644,6.31311475409836,13.596448087431694,3136.9,1013.934699453552,1017.2795081967213,102,0,0,35,1,1,1,TRUE
C029O,Lanzarote,2025,LANZAROTE AEROPUERTO,365,365,365,363,363,335,365,1,1,0.9945205479452055,0.9945205479452055,0.9178082191780822,1,14,21.945479452054794,17.892054794520547,25.996438356164383,82.5,63.81818181818182,46.1945205479452,82.69315068493151,6.32038567493113,13.707142857142857,3028.5,1014.0687671232877,1017.4742465753425,116,5,0,44,6,1,1,TRUE
C038N,Lanzarote,2015,HARÍA,365,357,353,364,364,0,0,0.9780821917808219,0.9671232876712329,0.9972602739726028,0.9972602739726028,0,0,277,19.035014005602243,15.770028011204483,22.298319327731093,51.6,74.10714285714286,58.42016806722689,90.3781512605042,5.01043956043956,11.982865168539325,,,,26,0,0,16,2,0.9780821917808219,0.9671232876712329,TRUE
C038N,Lanzarote,2016,HARÍA,363,363,363,363,363,0,0,1,1,1,1,0,0,277,18.84793388429752,15.761157024793388,21.932231404958678,138.4,75.56198347107438,60.79338842975206,91.00275482093664,5.28236914600551,12.154545454545454,,,,14,0,0,8,0,0.9918032786885246,0.9918032786885246,TRUE
C038N,Lanzarote,2017,HARÍA,363,358,361,359,358,0,0,0.9862258953168044,0.9944903581267218,0.9889807162534435,0.9862258953168044,0,0,277,19.422067039106146,16.09022346368715,22.750558659217877,61.800000000000004,71.13370473537604,55.05865921787709,87.98324022346368,5.051675977653631,12.122067039106145,,,,19,3,0,22,4,0.9808219178082191,0.989041095890411,TRUE
C038N,Lanzarote,2018,HARÍA,365,364,364,365,365,0,0,0.9972602739726028,0.9972602739726028,1,1,0,0,277,18.282967032967033,15.40467032967033,21.16043956043956,92.8,76.65479452054795,62.206043956043956,91.24450549450549,5.387671232876713,12.571703296703296,,,,12,0,0,4,0,0.9972602739726028,0.9972602739726028,TRUE
C038N,Lanzarote,2019,HARÍA,365,363,363,365,365,0,0,0.9945205479452055,0.9945205479452055,1,1,0,0,277,18.74573002754821,15.668870523415977,21.822038567493113,65.3,73.75068493150685,58.01652892561984,89.82093663911846,5.1408219178082195,12.060881542699725,,,,8,0,0,7,0,0.9945205479452055,0.9945205479452055,TRUE
C038N,Lanzarote,2020,HARÍA,366,364,364,366,366,0,0,0.994535519125683,0.994535519125683,1,1,0,0,277,19.440384615384616,16.270879120879123,22.606043956043955,113.2,71.07103825136612,55.1978021978022,87.87637362637362,4.948907103825136,11.862912087912088,,,,26,2,0,15,3,0.994535519125683,0.994535519125683,TRUE
C038N,Lanzarote,2021,HARÍA,365,364,364,365,365,0,0,0.9972602739726028,0.9972602739726028,1,1,0,0,277,18.89835164835165,15.818406593406593,21.976923076923075,121.6,72.97260273972603,58.17032967032967,88.07692307692308,5.163287671232877,12.119505494505495,,,,19,1,0,9,1,0.9972602739726028,0.9972602739726028,TRUE
C038N,Lanzarote,2022,HARÍA,365,363,363,365,365,0,0,0.9945205479452055,0.9945205479452055,1,1,0,0,277,19.524517906336087,16.433608815426997,22.61900826446281,191.4,71.00821917808219,55.62534435261708,87.0358126721763,5.321643835616438,12.192837465564738,,,,25,2,0,8,3,0.9945205479452055,0.9945205479452055,TRUE
C038N,Lanzarote,2023,HARÍA,365,364,364,365,365,0,0,0.9972602739726028,0.9972602739726028,1,1,0,0,277,20.126648351648353,16.80576923076923,23.449725274725274,138.2,69.77260273972603,53.76923076923077,86.38461538461539,4.934794520547945,11.59041095890411,,,,58,1,0,24,3,0.9972602739726028,0.9972602739726028,TRUE
C038N,Lanzarote,2024,HARÍA,365,360,364,364,365,0,0,0.9863013698630136,0.9972602739726028,0.9972602739726028,1,0,0,277,19.813055555555554,16.733055555555556,22.892777777777777,46.800000000000004,69.95604395604396,54.35,86.14722222222223,5.463287671232877,12.384615384615385,,,,24,0,0,9,0,0.9836065573770492,0.994535519125683,TRUE
C038N,Lanzarote,2025,HARÍA,365,364,363,365,365,0,0,0.9972602739726028,0.9945205479452055,1,1,0,0,277,19.29642857142857,16.28956043956044,22.306043956043958,202.4,72.95342465753424,58.80494505494506,87.31868131868131,5.289041095890411,12.022252747252747,,,,36,2,0,14,5,0.9972602739726028,0.9945205479452055,TRUE
C048W,Lanzarote,2015,TINAJO,350,330,331,345,345,0,0,0.9428571428571428,0.9457142857142857,0.9857142857142858,0.9857142857142858,0,0,275,18.706060606060607,15.89151515151515,21.521818181818183,107.4,75.72753623188406,61.88449848024316,91.54711246200608,5.70840579710145,12.609118541033435,,,,24,0,0,11,3,0.9041095890410958,0.9068493150684932,TRUE
C048W,Lanzarote,2016,TINAJO,363,360,359,363,363,0,0,0.9917355371900827,0.9889807162534435,1,1,0,0,275,18.58388888888889,15.787222222222223,21.383055555555554,158.6,77.25619834710744,62.897222222222226,92.15833333333333,5.569696969696969,12.186666666666667,,,,10,0,0,5,0,0.9836065573770492,0.9808743169398907,TRUE
C048W,Lanzarote,2017,TINAJO,364,364,363,364,364,0,0,1,0.9972527472527473,1,1,0,0,275,19.27335164835165,16.22142857142857,22.32032967032967,67.8,73.16758241758242,58.33791208791209,89.54945054945055,5.535164835164835,12.426098901098902,,,,17,2,0,18,5,0.9972602739726028,0.9945205479452055,TRUE
C048W,Lanzarote,2018,TINAJO,365,364,365,365,365,0,0,0.9972602739726028,1,1,1,0,0,275,18.091758241758242,15.450824175824176,20.728846153846153,155.2,77.44931506849315,63.84065934065934,92.1978021978022,5.687123287671233,12.693698630136986,,,,8,0,0,2,0,0.9972602739726028,1,TRUE
C048W,Lanzarote,2019,TINAJO,364,356,355,364,364,0,0,0.978021978021978,0.9752747252747253,1,1,0,0,275,18.554775280898877,15.769101123595506,21.337078651685392,37.4,71.92307692307692,57.65915492957746,87.90140845070422,5.729395604395604,12.510985915492958,,,,4,0,0,1,0,0.9753424657534246,0.9726027397260274,TRUE
C048W,Lanzarote,2020,TINAJO,365,364,364,365,365,0,0,0.9972602739726028,0.9972602739726028,1,1,0,0,275,19.226373626373626,16.20769230769231,22.246978021978023,69.6,71.13424657534246,55.84022038567493,88.11845730027548,5.535616438356165,12.208815426997246,,,,23,0,0,5,1,0.994535519125683,0.994535519125683,TRUE
C048W,Lanzarote,2021,TINAJO,363,363,363,363,363,0,0,1,1,1,1,0,0,275,18.561707988980718,15.795316804407713,21.325619834710743,99,74.66115702479338,60.84848484848485,89.64187327823691,5.647382920110193,12.33030303030303,,,,13,0,0,5,1,0.9945205479452055,0.9945205479452055,TRUE
C048W,Lanzarote,2022,TINAJO,357,357,353,357,357,0,0,1,0.988795518207283,1,1,0,0,275,19.261344537815127,16.438095238095237,22.08655462184874,48.2,73.32773109243698,58.59103641456583,88.96078431372548,5.632773109243698,12.351820728291317,,,,17,0,0,7,0,0.9780821917808219,0.9671232876712329,TRUE
C048W,Lanzarote,2023,TINAJO,365,364,364,365,365,0,0,0.9972602739726028,0.9972602739726028,1,1,0,0,275,19.934615384615384,16.822252747252747,23.043956043956044,39.2,72.07945205479452,57.2967032967033,88.88186813186813,5.295616438356165,11.90054945054945,,,,55,2,0,21,2,0.9972602739726028,0.9972602739726028,TRUE
C048W,Lanzarote,2024,TINAJO,364,363,363,364,364,0,0,0.9972527472527473,0.9972527472527473,1,1,0,0,275,19.508815426997245,16.693388429752066,22.32121212121212,84.6,72.60714285714286,58.42424242424242,88.86776859504133,5.853021978021978,12.576859504132232,,,,16,0,0,8,1,0.9918032786885246,0.9918032786885246,TRUE
C048W,Lanzarote,2025,TINAJO,365,364,362,363,365,0,0,0.9972602739726028,0.9917808219178083,0.9945205479452055,1,0,0,275,19.001648351648353,16.08324175824176,21.923626373626373,128.6,76.1625344352617,61.18956043956044,91.82692307692308,5.356712328767124,12.01923076923077,,,,22,0,0,10,5,0.9972602739726028,0.9917808219178083,TRUE
C117A,La Palma,2015,PUNTAGORDA,365,364,365,365,365,0,0,0.9972602739726028,1,1,1,0,0,684,17.20412087912088,13.213461538461539,21.19478021978022,284.4,68.96986301369863,50.94230769230769,89.3956043956044,2.4726027397260273,8.122739726027397,,,,20,2,0,21,6,0.9972602739726028,1,TRUE
C117A,La Palma,2016,PUNTAGORDA,366,365,366,366,364,0,0,0.9972677595628415,1,1,0.994535519125683,0,0,684,17.07178082191781,13.235616438356164,20.90821917808219,503.2,71.31420765027322,53.853994490358126,89.99173553719008,2.451648351648352,8.053867403314918,,,,20,4,0,25,7,0.9972677595628415,1,TRUE
C117A,La Palma,2017,PUNTAGORDA,365,363,365,364,365,0,0,0.9945205479452055,1,0.9972602739726028,1,0,0,684,17.65426997245179,13.788980716253443,21.517906336088153,254.4,69.17307692307692,51.983333333333334,88.46388888888889,2.543835616438356,8.049447513812154,,,,31,4,0,23,2,0.9945205479452055,1,TRUE
C117A,La Palma,2018,PUNTAGORDA,365,365,365,365,365,0,0,1,1,1,1,0,0,684,16.27123287671233,12.594246575342465,19.938082191780822,409.8,74.23835616438356,57.464285714285715,91.54395604395604,2.713972602739726,8.777534246575343,,,,12,0,0,13,2,1,1,TRUE
C117A,La Palma,2019,PUNTAGORDA,364,363,363,363,364,0,0,0.9972527472527473,0.9972527472527473,0.9972527472527473,1,0,0,684,17.004683195592285,13.03305785123967,20.977961432506888,173.5,67.09366391184572,50.34530386740332,86.69060773480663,2.420054945054945,7.862534435261708,,,,17,3,0,16,5,0.9945205479452055,0.9945205479452055,TRUE
C117A,La Palma,2020,PUNTAGORDA,366,366,366,365,366,0,0,1,1,0.9972677595628415,1,0,0,684,18.10983606557377,14.242349726775956,21.979234972677595,288.9,62.821917808219176,45.62191780821918,82.66027397260274,2.5901639344262297,8.314520547945206,,,,30,9,1,31,5,1,1,TRUE
C117A,La Palma,2021,PUNTAGORDA,365,365,365,365,365,0,0,1,1,1,1,0,0,684,17.13123287671233,13.395890410958904,20.87123287671233,353.8,70.21369863013699,54.32876712328767,87.01917808219179,2.3775342465753426,7.957808219178082,,,,26,5,1,24,7,1,1,TRUE
C117A,La Palma,2022,PUNTAGORDA,365,364,365,365,365,0,0,0.9972602739726028,1,1,1,0,0,684,17.46181318681319,13.64065934065934,21.284065934065936,413.8,69.61643835616438,51.1267217630854,88.38292011019284,2.5402739726027397,8.476712328767123,,,,24,4,0,25,4,0.9972602739726028,1,TRUE
C117A,La Palma,2023,PUNTAGORDA,365,365,365,365,365,0,0,1,1,1,1,0,0,684,18.788493150684932,14.933698630136986,22.64301369863014,278,63.78904109589041,48.02191780821918,82.8027397260274,2.322739726027397,7.964109589041096,,,,45,12,3,38,7,1,1,TRUE
C117A,La Palma,2024,PUNTAGORDA,366,366,366,366,366,0,0,1,1,1,1,0,0,684,18.050819672131148,14.180054644808743,21.917486338797815,457,67.92896174863388,48.77049180327869,87.51366120218579,2.5510928961748633,8.165027322404372,,,,22,1,0,21,0,1,1,TRUE
C117A,La Palma,2025,PUNTAGORDA,362,361,361,356,361,0,0,0.9972375690607734,0.9972375690607734,0.9834254143646409,0.9972375690607734,0,0,684,16.918559556786704,13.149584487534627,20.685635359116024,504,75.61516853932584,58.591160220994475,92.17174515235457,2.5069252077562325,8.146814404432133,,,,16,5,0,25,2,0.989041095890411,0.989041095890411,TRUE
C126A,La Palma,2016,EL PASO,366,364,366,365,366,0,0,0.994535519125683,1,0.9972677595628415,1,0,0,844,16.38379120879121,11.902472527472527,20.867032967032966,422.6,65.4904109589041,50.076502732240435,82.61475409836065,3.5341530054644807,11.579234972677595,,,,37,9,0,34,9,0.994535519125683,1,TRUE
C126A,La Palma,2017,EL PASO,365,364,364,364,364,0,0,0.9972602739726028,0.9972602739726028,0.9972602739726028,0.9972602739726028,0,0,844,17.020604395604394,12.50164835164835,21.53131868131868,429.5,63.917582417582416,48.20054945054945,81.37087912087912,3.481043956043956,11.395604395604396,,,,32,7,0,41,9,0.9972602739726028,0.9972602739726028,TRUE
C126A,La Palma,2018,EL PASO,365,365,365,365,365,0,0,1,1,1,1,0,0,844,15.402191780821918,10.940821917808218,19.865753424657534,534.2,68.96164383561644,52.652054794520545,85.58082191780822,3.5293150684931507,11.604931506849315,,,,11,2,0,17,1,1,1,TRUE
C126A,La Palma,2019,EL PASO,365,365,365,364,365,0,0,1,1,0.9972602739726028,1,0,0,844,16.311232876712328,11.681369863013698,20.94767123287671,161.8,63.02472527472528,46.370879120879124,80.93681318681318,3.608767123287671,11.746575342465754,,,,20,4,0,24,7,1,1,TRUE
C126A,La Palma,2020,EL PASO,366,366,365,365,366,0,0,1,0.9972677595628415,0.9972677595628415,1,0,0,844,17.412295081967212,13.002185792349726,21.825683060109288,369,59.964383561643835,45.505464480874316,77.31147540983606,3.6120218579234975,11.556284153005464,,,,41,11,0,45,11,1,0.9972677595628415,TRUE
C126A,La Palma,2021,EL PASO,365,365,365,363,365,0,0,1,1,0.9945205479452055,1,0,0,844,16.2213698630137,12.053424657534247,20.387123287671233,415.8,66.73829201101928,51.29041095890411,81.9068493150685,3.7405479452054795,11.755890410958903,,,,30,8,0,35,9,1,1,TRUE
C126A,La Palma,2022,EL PASO,365,364,365,365,365,0,0,0.9972602739726028,1,1,1,0,0,844,16.85,11.79945054945055,21.892857142857142,685.4,63.057534246575344,46.76648351648352,81.74725274725274,3.614794520547945,11.594246575342465,,,,25,9,0,33,14,0.9972602739726028,1,TRUE
C126A,La Palma,2023,EL PASO,365,365,365,365,365,0,0,1,1,1,1,0,0,844,17.882739726027395,12.572602739726028,23.190684931506848,450.40000000000003,59.79178082191781,44.44931506849315,78.02739726027397,3.6512328767123288,11.275342465753425,,,,36,7,0,53,13,1,1,TRUE
C126A,La Palma,2024,EL PASO,366,366,366,366,366,0,0,1,1,1,1,0,0,844,17.687158469945356,12.34016393442623,23.03688524590164,365.8,59.950819672131146,42.34153005464481,80.07103825136612,3.6956284153005465,11.602739726027398,,,,27,5,0,43,7,1,1,TRUE
C126A,La Palma,2025,EL PASO,344,344,344,344,344,0,0,1,1,1,1,0,0,844,16.640697674418604,11.305813953488371,21.975290697674417,517.4,67.02325581395348,50.41279069767442,84.69476744186046,3.522093023255814,11.001453488372093,,,,23,3,0,42,16,0.9424657534246575,0.9424657534246575,TRUE
C129V,La Palma,2015,FUENCALIENTE,365,361,364,365,365,0,0,0.989041095890411,0.9972602739726028,1,1,0,0,19,21.541828254847644,18.89556786703601,24.191135734072024,173.2,67.6082191780822,56.65096952908587,77.82825484764543,6.587671232876712,14.324653739612188,,,,137,2,0,0,0,0.989041095890411,0.9972602739726028,TRUE
C129V,La Palma,2016,FUENCALIENTE,366,357,366,365,365,0,0,0.9754098360655737,1,0.9972677595628415,0.9972677595628415,0,0,19,21.450420168067225,18.8296918767507,24.073669467787116,206,68.04931506849314,58.45378151260504,78.06162464985995,6.6558904109589045,14.318435754189943,,,,132,0,0,2,0,0.9754098360655737,1,TRUE
C129V,La Palma,2017,FUENCALIENTE,365,351,341,361,360,0,0,0.9616438356164384,0.9342465753424658,0.989041095890411,0.9863013698630136,0,0,19,21.874074074074073,19.27749287749288,24.472079772079773,66.1,67.4432132963989,57.16379310344828,78.39080459770115,6.219166666666666,13.9933908045977,,,,158,0,0,3,0,0.9616438356164384,0.9342465753424658,TRUE
C129V,La Palma,2018,FUENCALIENTE,365,365,365,362,363,0,0,1,1,0.9917808219178083,0.9945205479452055,0,0,19,21.144109589041097,18.603835616438356,23.686027397260276,142.4,67.64917127071823,56.887362637362635,80.41483516483517,6.525895316804408,14.031129476584022,,,,118,0,0,0,0,1,1,TRUE
C129V,La Palma,2019,FUENCALIENTE,365,364,365,363,364,0,0,0.9972602739726028,1,0.9945205479452055,0.9972602739726028,0,0,19,21.63434065934066,19.0010989010989,24.26153846153846,99,66.7465564738292,55.675,79.7,6.431868131868132,13.893074792243768,,,,133,0,0,1,0,0.9972602739726028,1,TRUE
C129V,La Palma,2020,FUENCALIENTE,366,366,366,365,366,0,0,1,1,0.9972677595628415,1,0,0,19,22.273497267759563,19.32431693989071,25.227868852459018,133.6,67.55890410958904,55.37978142076503,80.78415300546447,6.579234972677596,13.966120218579235,,,,162,0,0,9,0,1,1,TRUE
C129V,La Palma,2021,FUENCALIENTE,365,362,365,361,363,0,0,0.9917808219178083,1,0.989041095890411,0.9945205479452055,0,0,19,21.828729281767956,19.19668508287293,24.460220994475137,124.6,67.72853185595568,57.64425770308123,79.9467787114846,6.412121212121212,13.734254143646409,,,,142,2,0,3,0,0.9917808219178083,1,TRUE
C129V,La Palma,2022,FUENCALIENTE,365,363,365,362,363,0,0,0.9945205479452055,1,0.9917808219178083,0.9945205479452055,0,0,19,21.939944903581267,19.248760330578513,24.63085399449036,264.6,68.89779005524862,57.149584487534625,81.55124653739612,6.290633608815427,13.790055248618785,,,,156,0,0,1,0,0.9945205479452055,1,TRUE
C129V,La Palma,2023,FUENCALIENTE,365,365,365,364,365,0,0,1,1,0.9972602739726028,1,0,0,19,22.845753424657534,20.002191780821917,25.68931506849315,165.4,66.61538461538461,54.696969696969695,80.80716253443526,6.132054794520548,13.229945054945055,,,,186,1,0,20,1,1,1,TRUE
C129V,La Palma,2024,FUENCALIENTE,366,366,366,366,366,0,0,1,1,1,1,0,0,19,22.454371584699455,19.743715846994537,25.17349726775956,121.6,68.81147540983606,56.843835616438355,81.83287671232877,6.523224043715847,13.996448087431695,,,,165,0,0,2,0,1,1,TRUE
C129V,La Palma,2025,FUENCALIENTE,362,360,360,359,360,0,0,0.994475138121547,0.994475138121547,0.9917127071823204,0.994475138121547,0,0,19,22.0375,19.370360110803325,24.690581717451522,195.6,68.36768802228413,58.0775623268698,81.14958448753463,6.453055555555555,13.659888579387186,,,,154,0,0,4,0,0.9863013698630136,0.9863013698630136,TRUE
C139E,La Palma,2015,LA PALMA AEROPUERTO,365,364,365,361,358,365,363,0.9972602739726028,1,0.989041095890411,0.9808219178082191,1,0.9945205479452055,33,21.203296703296704,18.66730769230769,23.745054945054946,260,68.59002770083103,54.209944751381215,80.83977900552486,5.303631284916201,11.521448467966573,2226.2,1014.1798898071626,1017.4137741046832,135,0,0,2,0,0.9972602739726028,1,TRUE
C139E,La Palma,2016,LA PALMA AEROPUERTO,366,343,366,343,360,365,361,0.9371584699453552,1,0.9371584699453552,0.9836065573770492,0.9972677595628415,0.9863387978142076,33,21.415743440233236,18.88110465116279,23.957391304347826,220.3,68.45772594752187,55.687150837988824,79.75139664804469,5.408611111111111,11.8,2272.8,1013.396675900277,1016.6404432132964,134,0,0,4,0,0.9371584699453552,1,TRUE
C139E,La Palma,2017,LA PALMA AEROPUERTO,365,323,365,323,361,364,361,0.8849315068493151,1,0.8849315068493151,0.989041095890411,0.9972602739726028,0.989041095890411,33,21.774922600619195,19.354179566563467,24.191666666666666,194.1,70.55108359133126,55.88397790055249,81.61049723756906,5.233795013850416,11.464722222222223,2242.6,1012.7423822714682,1015.9842105263158,154,0,0,5,0,0.8849315068493151,1,TRUE
C139E,La Palma,2018,LA PALMA AEROPUERTO,365,362,365,356,359,364,361,0.9917808219178083,1,0.9753424657534246,0.9835616438356164,0.9972602739726028,0.989041095890411,33,20.633977900552487,18.155801104972376,23.102203856749313,323.8,70.56460674157303,57.247191011235955,83.12921348314607,5.6729805013927574,12.295290858725762,2149.6,1013.2047091412743,1016.4656509695291,107,0,0,2,0,0.9917808219178083,1,TRUE
C139E,La Palma,2019,LA PALMA AEROPUERTO,365,362,365,363,362,365,364,0.9917808219178083,1,0.9945205479452055,0.9917808219178083,1,0.9972602739726028,33,20.96160220994475,18.403305785123965,23.51740331491713,147.6,69.23415977961433,55.641666666666666,81.81666666666666,5.409668508287293,11.277158774373259,2213.8,1013.4153846153846,1016.5068681318681,117,0,0,1,0,0.9917808219178083,1,TRUE
C139E,La Palma,2020,LA PALMA AEROPUERTO,366,365,366,361,358,365,364,0.9972677595628415,1,0.9863387978142076,0.9781420765027322,0.9972677595628415,0.994535519125683,33,21.373150684931506,18.707671232876713,24.041095890410958,189.2,68.99722991689751,54.824175824175825,81.48901098901099,5.129329608938548,11.232596685082873,2326.2,1012.9335164835164,1016.3362637362637,141,0,0,4,0,0.9972677595628415,1,TRUE
C139E,La Palma,2021,LA PALMA AEROPUERTO,365,364,365,363,364,357,364,0.9972602739726028,1,0.9945205479452055,0.9972602739726028,0.9780821917808219,0.9972602739726028,33,21.072527472527472,18.610989010989012,23.535714285714285,240.1,69.26997245179064,56.494505494505496,81.4532967032967,5.454945054945055,11.565096952908588,2131.4,1012.6788461538462,1015.9629120879121,121,1,0,4,1,0.9972602739726028,1,TRUE
C139E,La Palma,2022,LA PALMA AEROPUERTO,365,365,365,360,362,364,363,1,1,0.9863013698630136,0.9917808219178083,0.9972602739726028,0.9945205479452055,33,21.345205479452055,18.812876712328766,23.874246575342465,438.5,70.47777777777777,56.53150684931507,82.45205479452055,5.420718232044199,11.623204419889502,2475.8,1012.1005509641873,1015.4523415977961,134,0,0,2,0,1,1,TRUE
C139E,La Palma,2023,LA PALMA AEROPUERTO,365,365,365,362,362,365,364,1,1,0.9917808219178083,0.9917808219178083,1,0.9972602739726028,33,21.912054794520547,19.476986301369863,24.346849315068493,291.7,69.39779005524862,55.38461538461539,81.68406593406593,4.941436464088397,10.66198347107438,2672.1,1012.5002747252747,1015.7244505494506,167,0,0,12,0,1,1,TRUE
C139E,La Palma,2024,LA PALMA AEROPUERTO,366,365,366,365,364,366,364,0.9972677595628415,1,0.9972677595628415,0.994535519125683,1,0.994535519125683,33,21.322739726027397,19.076164383561643,23.568493150684933,113.8,70.16438356164383,55.865753424657534,81.47397260273972,5.377472527472528,11.323055555555555,2505.4,1012.2362637362637,1015.5631868131868,127,0,0,1,0,0.9972677595628415,1,TRUE
C139E,La Palma,2025,LA PALMA AEROPUERTO,365,365,365,364,364,365,363,1,1,0.9972602739726028,0.9972602739726028,1,0.9945205479452055,33,20.975068493150683,18.797260273972604,23.152876712328766,250.3,70.5467032967033,58.56868131868132,81.65934065934066,5.370054945054945,11.543646408839779,2412.9,1012.6440771349862,1015.9575757575758,144,0,0,2,0,1,1,TRUE
C148F,La Palma,2015,SAN ANDRÉS Y SAUCES,365,364,365,365,365,0,0,0.9972602739726028,1,1,1,0,0,362,18.30934065934066,15.519505494505495,21.09532967032967,857.5,76.83287671232877,61.535714285714285,90.1978021978022,2.707123287671233,8.152892561983471,,,,20,0,0,0,0,0.9972602739726028,1,TRUE
C148F,La Palma,2016,SAN ANDRÉS Y SAUCES,366,366,273,366,366,0,0,1,0.7459016393442623,1,1,0,0,362,18.42950819672131,15.465300546448088,21.394262295081965,235,77.02185792349727,62.1972602739726,90.42465753424658,2.724863387978142,8.261475409836066,,,,4,0,0,4,0,1,0.7459016393442623,TRUE
C148F,La Palma,2017,SAN ANDRÉS Y SAUCES,365,364,320,365,327,0,0,0.9972602739726028,0.8767123287671232,1,0.8958904109589041,0,0,362,18.915659340659342,15.965384615384615,21.864285714285714,386.4,76.9041095890411,61.01652892561984,90.90633608815428,2.7559633027522934,8.096636085626912,,,,4,0,0,5,0,0.9972602739726028,0.8767123287671232,TRUE
C148F,La Palma,2018,SAN ANDRÉS Y SAUCES,365,365,365,364,363,0,0,1,1,0.9972602739726028,0.9945205479452055,0,0,362,18.036712328767123,15.12931506849315,20.942739726027398,775,76.57967032967034,62.18082191780822,90.18904109589042,2.9487603305785126,8.721153846153847,,,,1,0,0,0,0,1,1,TRUE
C148F,La Palma,2019,SAN ANDRÉS Y SAUCES,315,315,314,315,315,0,0,1,0.9968253968253968,1,1,0,0,362,18.825396825396826,15.796190476190477,21.854603174603174,558,75.68888888888888,60.56507936507936,89.51428571428572,2.8326984126984125,8.081269841269842,,,,2,0,0,2,0,0.863013698630137,0.8602739726027397,TRUE
C148F,La Palma,2020,SAN ANDRÉS Y SAUCES,366,366,366,366,366,0,0,1,1,1,1,0,0,362,18.94945355191257,15.815300546448087,22.08606557377049,570,74.80601092896175,58.75342465753425,89.6,2.834153005464481,8.278688524590164,,,,7,0,0,2,0,1,1,TRUE
C148F,La Palma,2021,SAN ANDRÉS Y SAUCES,365,365,348,365,365,0,0,1,0.9534246575342465,1,1,0,0,362,18.66986301369863,15.494520547945205,21.846849315068493,594.6,74.56438356164384,60.44230769230769,88.57417582417582,2.7904109589041095,8.164931506849316,,,,11,2,0,5,0,1,0.9534246575342465,TRUE
C148F,La Palma,2022,SAN ANDRÉS Y SAUCES,365,365,365,365,365,0,0,1,1,1,1,0,0,362,18.558082191780823,15.548493150684932,21.566575342465754,910,74.51506849315068,59.05785123966942,88.08264462809917,2.8608219178082193,8.33972602739726,,,,2,0,0,2,0,1,1,TRUE
C148F,La Palma,2023,SAN ANDRÉS Y SAUCES,365,365,365,365,365,0,0,1,1,1,1,0,0,362,19.794520547945204,16.36931506849315,23.213424657534247,819.8,71.68493150684931,55.29945054945055,86.46978021978022,2.810958904109589,8.024109589041096,,,,28,1,0,22,0,1,1,TRUE
C148F,La Palma,2024,SAN ANDRÉS Y SAUCES,366,366,366,366,366,0,0,1,1,1,1,0,0,362,19.396994535519127,15.986065573770492,22.808469945355192,457.4,73.64754098360656,56.560109289617486,88.60109289617486,2.9510928961748633,8.58551912568306,,,,2,0,0,3,0,1,1,TRUE
C148F,La Palma,2025,SAN ANDRÉS Y SAUCES,365,365,365,364,365,0,0,1,1,0.9972602739726028,1,0,0,362,18.60821917808219,15.587397260273972,21.63123287671233,875.8,77.5521978021978,63.06575342465754,90.54246575342465,2.9408219178082193,8.431506849315069,,,,4,0,0,4,1,1,1,TRUE
C229J,Fuerteventura,2015,PÁJARA,324,312,308,324,324,0,281,0.9629629629629629,0.9506172839506173,1,1,0,0.8672839506172839,15,21.09198717948718,17.840064102564103,24.35224358974359,27.2,67.60493827160494,54.13461538461539,81.67948717948718,2.9962962962962965,11.905431309904154,,1011.0313167259786,1018.7960854092527,91,0,0,19,4,0.8547945205479452,0.8438356164383561,TRUE
C229J,Fuerteventura,2016,PÁJARA,366,358,365,363,364,0,364,0.9781420765027322,0.9972677595628415,0.9918032786885246,0.994535519125683,0,0.994535519125683,15,20.893296089385476,17.656983240223465,24.131284916201118,69.8,61.162534435261705,49.16483516483517,74.00824175824175,3.250824175824176,12.21584699453552,,1015.9837912087912,1019.4480769230769,87,0,0,12,2,0.9781420765027322,0.9972677595628415,TRUE
C229J,Fuerteventura,2017,PÁJARA,339,330,334,337,339,0,337,0.9734513274336283,0.9852507374631269,0.9941002949852508,1,0,0.9941002949852508,15,23.407272727272726,19.94090909090909,26.874545454545455,24.2,59.74183976261128,47.26706231454006,73.52818991097922,3.174336283185841,12.118934911242604,,1015.0608308605341,1018.5982195845697,176,13,0,86,6,0.9041095890410958,0.915068493150685,TRUE
C229J,Fuerteventura,2018,PÁJARA,339,330,336,336,338,0,334,0.9734513274336283,0.9911504424778761,0.9911504424778761,0.9970501474926253,0,0.9852507374631269,15,21.336666666666666,17.811818181818182,24.865454545454547,58.300000000000004,57.07440476190476,45.61377245508982,69.8443113772455,3.2511834319526627,12.658753709198812,,1016.4595808383234,1019.8754491017964,99,0,0,33,2,0.9041095890410958,0.9205479452054794,TRUE
C229J,Fuerteventura,2019,PÁJARA,365,355,363,358,364,0,359,0.9726027397260274,0.9945205479452055,0.9808219178082191,0.9972602739726028,0,0.9835616438356164,15,22.213521126760565,18.650985915492956,25.778028169014085,42.3,56.91620111731844,45.03621169916435,69.7715877437326,3.1131868131868132,12.543561643835616,,1016.1373259052925,1019.5136490250696,137,1,0,46,2,0.9726027397260274,0.9945205479452055,TRUE
C229J,Fuerteventura,2020,PÁJARA,366,364,364,363,352,0,365,0.994535519125683,0.994535519125683,0.9918032786885246,0.9617486338797814,0,0.9972677595628415,15,22.526923076923076,19.48131868131868,25.57032967032967,22.3,62.04132231404959,48.35616438356164,74.89315068493151,3.0482954545454546,11.890598290598291,,1016.034794520548,1019.6109589041096,168,6,0,38,4,0.994535519125683,0.994535519125683,TRUE
C229J,Fuerteventura,2021,PÁJARA,364,349,355,358,309,0,353,0.9587912087912088,0.9752747252747253,0.9835164835164835,0.8489010989010989,0,0.9697802197802198,15,21.91919770773639,19.01002865329513,24.824928366762176,25.5,62.960893854748605,51.84702549575071,73.69121813031161,2.8550161812297734,11.314935064935066,,1015.7079320113314,1019.1773371104816,137,2,0,16,5,0.9561643835616438,0.9726027397260274,TRUE
C229J,Fuerteventura,2022,PÁJARA,363,353,356,361,362,0,354,0.9724517906336089,0.9807162534435262,0.9944903581267218,0.9972451790633609,0,0.9752066115702479,15,22.723512747875354,19.679036827195468,25.7685552407932,110.2,60.091412742382275,47.92655367231639,71.88983050847457,3.3417127071823205,11.871629213483146,,1015.1621468926554,1018.6861581920904,180,3,0,31,7,0.9671232876712329,0.9753424657534246,TRUE
C229J,Fuerteventura,2023,PÁJARA,356,332,352,340,339,0,352,0.9325842696629213,0.9887640449438202,0.9550561797752809,0.952247191011236,0,0.9887640449438202,15,23.325602409638556,20.429518072289156,26.21867469879518,89.4,59.94705882352941,45.42613636363637,72.27556818181819,2.9902654867256637,10.866568047337278,,1015.7383522727273,1019.1676136363636,179,13,1,46,13,0.9095890410958904,0.9643835616438357,TRUE
C229J,Fuerteventura,2024,PÁJARA,366,355,362,358,366,0,362,0.9699453551912568,0.9890710382513661,0.9781420765027322,1,0,0.9890710382513661,15,22.962253521126762,20.313239436619718,25.60901408450704,60.8,60.522346368715084,46.64088397790055,73.43093922651934,3.1601092896174863,11.143956043956043,,1015.6367403314918,1019.103314917127,192,3,0,20,3,0.9699453551912568,0.9890710382513661,TRUE
C229J,Fuerteventura,2025,PÁJARA,356,348,350,351,355,0,77,0.9775280898876404,0.9831460674157303,0.9859550561797753,0.9971910112359551,0,0.21629213483146068,15,22.454310344827586,19.836206896551722,25.070977011494254,55.9,63.52136752136752,50.76704545454545,75.6590909090909,3.551549295774648,11.798295454545455,,1017.9,1021.7376623376623,163,5,0,21,6,0.9534246575342465,0.958904109589041,TRUE
C239N,Fuerteventura,2015,"TUINEJE,PUERTO GRAN TARAJAL",336,313,314,332,332,0,0,0.9315476190476191,0.9345238095238095,0.9880952380952381,0.9880952380952381,0,0,1,22.2814696485623,18.65367412140575,25.913099041533545,58.2,64.68975903614458,52.14057507987221,77.39936102236422,4.545481927710844,11.933546325878595,,,,121,6,0,41,8,0.8575342465753425,0.8602739726027397,TRUE
C239N,Fuerteventura,2016,"TUINEJE,PUERTO GRAN TARAJAL",364,361,361,364,364,0,0,0.9917582417582418,0.9917582417582418,1,1,0,0,1,22.02880886426593,18.463157894736842,25.593351800554018,88.2,65.76373626373626,52.65373961218837,78.202216066482,4.423626373626374,11.585082872928178,,,,124,3,0,42,4,0.9863387978142076,0.9863387978142076,TRUE
C239N,Fuerteventura,2017,"TUINEJE,PUERTO GRAN TARAJAL",365,364,364,365,365,0,0,0.9972602739726028,0.9972602739726028,1,1,0,0,1,22.35247252747253,18.716758241758242,25.987912087912086,36,61.136986301369866,46.43131868131868,75.89010989010988,4.375890410958904,11.6386301369863,,,,148,5,0,43,6,0.9972602739726028,0.9972602739726028,TRUE
C239N,Fuerteventura,2018,"TUINEJE,PUERTO GRAN TARAJAL",364,363,347,364,364,0,0,0.9972527472527473,0.9532967032967034,1,1,0,0,1,21.301652892561982,17.839669421487603,24.757024793388428,22.2,64.09065934065934,50.650137741046834,77.70798898071625,4.39532967032967,11.844780219780219,,,,112,0,0,16,0,0.9945205479452055,0.9506849315068493,TRUE
C239N,Fuerteventura,2019,"TUINEJE,PUERTO GRAN TARAJAL",364,363,363,364,364,0,0,0.9972527472527473,0.9972527472527473,1,1,0,0,1,21.36198347107438,17.873002754820938,24.850964187327822,21.8,63.82967032967033,47.84848484848485,78.13223140495867,4.132142857142857,11.690909090909091,,,,106,3,0,23,2,0.9945205479452055,0.9945205479452055,TRUE
C239N,Fuerteventura,2020,"TUINEJE,PUERTO GRAN TARAJAL",366,366,366,365,366,0,0,1,1,0.9972677595628415,1,0,0,1,21.99945355191257,18.40601092896175,25.589071038251365,24.2,63.441095890410956,47.467213114754095,78.12295081967213,4.052185792349727,11.427868852459016,,,,138,6,0,44,5,1,1,TRUE
C239N,Fuerteventura,2021,"TUINEJE,PUERTO GRAN TARAJAL",365,364,363,365,365,0,0,0.9972602739726028,0.9945205479452055,1,1,0,0,1,21.378296703296705,17.843131868131866,24.912087912087912,10.200000000000001,65.25205479452055,50.324175824175825,78.77747252747253,4.143013698630137,11.482967032967032,,,,103,4,0,34,5,0.9972602739726028,0.9945205479452055,TRUE
C239N,Fuerteventura,2022,"TUINEJE,PUERTO GRAN TARAJAL",365,365,364,365,365,0,0,1,0.9972602739726028,1,1,0,0,1,21.95945205479452,18.475342465753425,25.442465753424656,113.4,64.92054794520548,49.02191780821918,78.98630136986301,4.018904109589041,11.4,,,,136,3,0,31,6,1,0.9972602739726028,TRUE
C239N,Fuerteventura,2023,"TUINEJE,PUERTO GRAN TARAJAL",365,365,365,365,365,0,0,1,1,1,1,0,0,1,22.58082191780822,19.008219178082193,26.158356164383562,45.4,63.827397260273976,47.64657534246575,78.69315068493151,3.964931506849315,11.17917808219178,,,,152,14,0,57,10,1,1,TRUE
C239N,Fuerteventura,2024,"TUINEJE,PUERTO GRAN TARAJAL",366,366,366,366,366,0,0,1,1,1,1,0,0,1,22.22377049180328,18.675956284153006,25.768852459016394,21.8,64.46174863387978,48.013661202185794,78.76229508196721,4.005737704918033,11.167213114754098,,,,130,1,0,33,2,1,1,TRUE
C239N,Fuerteventura,2025,"TUINEJE,PUERTO GRAN TARAJAL",365,364,363,365,365,0,0,0.9972602739726028,0.9945205479452055,1,1,0,0,1,21.65302197802198,18.111263736263737,25.1989010989011,76.4,67.8082191780822,52.417582417582416,80.99450549450549,4.008767123287671,11.016208791208792,,,,124,7,0,33,8,0.9972602739726028,0.9945205479452055,TRUE
C248E,Fuerteventura,2015,ANTIGUA,324,312,306,321,322,0,0,0.9629629629629629,0.9444444444444444,0.9907407407407407,0.9938271604938271,0,0,252,19.031089743589742,14.951282051282051,23.1125,34.4,68.09345794392523,50.9741935483871,89.1774193548387,5.4493788819875775,11.993548387096775,,,,20,0,0,17,4,0.8547945205479452,0.8383561643835616,TRUE
C248E,Fuerteventura,2016,ANTIGUA,364,357,356,361,363,0,0,0.9807692307692307,0.978021978021978,0.9917582417582418,0.9972527472527473,0,0,252,19.425770308123248,15.301120448179272,23.550420168067227,104.6,70.797783933518,53.63025210084034,90.9467787114846,5.4391184573002755,12.066386554621849,,,,16,0,0,23,4,0.9754098360655737,0.9726775956284153,TRUE
C248E,Fuerteventura,2017,ANTIGUA,357,295,296,348,351,0,0,0.8263305322128851,0.8291316526610645,0.9747899159663865,0.9831932773109243,0,0,252,19.83864406779661,15.460677966101695,24.21627118644068,122.4,66.97988505747126,49.108474576271185,88.86779661016949,5.2384615384615385,11.723728813559323,,,,17,1,0,27,5,0.8082191780821918,0.810958904109589,TRUE
C248E,Fuerteventura,2018,ANTIGUA,365,348,353,350,363,0,0,0.9534246575342465,0.9671232876712329,0.958904109589041,0.9945205479452055,0,0,252,19.012356321839082,15.075287356321839,22.954597701149424,137,71.04571428571428,53.741379310344826,90.6896551724138,5.667493112947659,12.275637393767706,,,,8,0,0,18,0,0.9534246575342465,0.9671232876712329,TRUE
C248E,Fuerteventura,2019,ANTIGUA,356,351,352,351,355,0,0,0.9859550561797753,0.9887640449438202,0.9859550561797753,0.9971910112359551,0,0,252,19.41994301994302,15.23019943019943,23.61082621082621,88.8,68.58689458689459,51.425714285714285,89.48,5.56,12.064857142857143,,,,10,2,0,15,2,0.9616438356164384,0.9643835616438357,TRUE
C248E,Fuerteventura,2020,ANTIGUA,358,349,350,357,357,0,0,0.9748603351955307,0.9776536312849162,0.9972067039106145,0.9972067039106145,0,0,252,20.009169054441262,15.797134670487106,24.22779369627507,46.4,66.77871148459384,50.03724928366762,88.59312320916905,5.156022408963586,11.673714285714286,,,,18,2,0,30,3,0.953551912568306,0.9562841530054644,TRUE
C248E,Fuerteventura,2021,ANTIGUA,365,357,364,355,359,0,0,0.9780821917808219,0.9972602739726028,0.9726027397260274,0.9835616438356164,0,0,252,19.469747899159664,15.384593837535014,23.55826330532213,21.6,69.13521126760564,52.80112044817927,89.06442577030812,5.483008356545961,11.924089635854342,,,,14,2,0,25,3,0.9780821917808219,0.9972602739726028,TRUE
C248E,Fuerteventura,2022,ANTIGUA,364,363,363,364,364,0,0,0.9972527472527473,0.9972527472527473,1,1,0,0,252,20.045454545454547,15.877961432506886,24.20495867768595,130.4,67.81318681318682,50.8732782369146,88.10468319559229,5.439835164835165,12.015977961432506,,,,22,1,0,22,2,0.9945205479452055,0.9945205479452055,TRUE
C248E,Fuerteventura,2023,ANTIGUA,365,364,365,365,365,0,0,0.9972602739726028,1,1,1,0,0,252,20.863186813186815,16.46785714285714,25.25631868131868,47,65.54520547945205,47.895604395604394,87.02197802197803,5.033698630136986,11.404109589041095,,,,49,3,0,48,8,0.9972602739726028,1,TRUE
C248E,Fuerteventura,2024,ANTIGUA,366,365,365,366,366,0,0,0.9972677595628415,0.9972677595628415,1,1,0,0,252,20.429041095890412,16.233698630136985,24.618356164383563,50.4,65.84699453551913,48.63835616438356,87.26301369863013,5.631693989071039,12.365753424657534,,,,17,0,0,19,0,0.9972677595628415,0.9972677595628415,TRUE
C248E,Fuerteventura,2025,ANTIGUA,365,361,362,363,365,0,0,0.989041095890411,0.9917808219178083,0.9945205479452055,1,0,0,252,19.775623268698062,15.749030470914127,23.798337950138503,137.2,68.0495867768595,51.31578947368421,88.29639889196676,5.671506849315069,12.176308539944904,,,,28,1,0,23,4,0.989041095890411,0.9917808219178083,TRUE
C249I,Fuerteventura,2015,FUERTEVENTURA AEROPUERTO,365,362,365,363,363,364,362,0.9917808219178083,1,0.9945205479452055,0.9945205479452055,0.9972602739726028,0.9917808219178083,25,21.971823204419888,18.989502762430938,24.956906077348066,76.6,67.58953168044077,53.63812154696133,81.87292817679558,6.0663911845730025,12.023480662983426,2783.7,1014.5560773480663,1017.8867403314918,142,6,0,30,2,0.9917808219178083,1,TRUE
C249I,Fuerteventura,2016,FUERTEVENTURA AEROPUERTO,366,364,366,362,363,365,362,0.994535519125683,1,0.9890710382513661,0.9918032786885246,0.9972677595628415,0.9890710382513661,25,21.764835164835166,18.67445054945055,24.85934065934066,111.4,69.12430939226519,54.488950276243095,83.43646408839778,6.081267217630854,12.228374655647382,2757.4,1013.7947513812155,1017.1328729281768,129,0,0,22,0,0.994535519125683,1,TRUE
C249I,Fuerteventura,2017,FUERTEVENTURA AEROPUERTO,365,361,365,364,364,365,363,0.989041095890411,1,0.9972602739726028,0.9972602739726028,1,0.9945205479452055,25,22.085595567867035,18.970360110803323,25.209418282548476,30.6,66.60989010989012,51.65650969529086,81.3213296398892,5.855494505494505,11.954166666666667,2870.8,1013.0225895316804,1016.4922865013774,158,2,0,24,4,0.989041095890411,1,TRUE
C249I,Fuerteventura,2018,FUERTEVENTURA AEROPUERTO,365,360,365,361,361,361,361,0.9863013698630136,1,0.989041095890411,0.989041095890411,0.989041095890411,0.989041095890411,25,20.858055555555556,17.878670360110803,23.82138888888889,82.3,69.0415512465374,55.81440443213297,83.24930747922437,6.402216066481994,12.492997198879552,2666.4,1013.4623268698061,1016.7789473684211,104,0,0,4,0,0.9863013698630136,1,TRUE
C249I,Fuerteventura,2019,FUERTEVENTURA AEROPUERTO,365,362,365,361,360,353,360,0.9917808219178083,1,0.989041095890411,0.9863013698630136,0.9671232876712329,0.9863013698630136,25,21.144198895027625,18.13756906077348,24.15564738292011,24.6,68.54016620498615,54.41160220994475,82.59116022099448,6.295277777777778,12.154166666666667,2807.6,1013.6405555555556,1016.8925,116,0,0,5,0,0.9917808219178083,1,TRUE
C249I,Fuerteventura,2020,FUERTEVENTURA AEROPUERTO,366,365,366,366,366,345,366,0.9972677595628415,1,1,1,0.9426229508196722,1,25,21.69041095890411,18.641369863013697,24.746027397260274,42,68.59289617486338,53.863013698630134,82.94520547945206,5.965300546448088,11.615068493150686,2785,1013.4459016393442,1016.9478142076503,142,3,0,19,2,0.9972677595628415,1,TRUE
C249I,Fuerteventura,2021,FUERTEVENTURA AEROPUERTO,365,360,365,361,361,354,360,0.9863013698630136,1,0.989041095890411,0.989041095890411,0.9698630136986301,0.9863013698630136,25,21.27611111111111,18.30472222222222,24.244722222222222,16.8,68.45983379501385,55.81666666666667,81.025,6.306371191135734,11.83983286908078,2802.7,1013.0163888888889,1016.3605555555556,118,1,0,8,0,0.9863013698630136,1,TRUE
C249I,Fuerteventura,2022,FUERTEVENTURA AEROPUERTO,365,365,365,365,365,344,365,1,1,1,1,0.9424657534246575,1,25,21.717534246575344,18.66246575342466,24.76904109589041,121.5,68.8027397260274,54.534246575342465,81.86575342465754,6.1528767123287675,11.821153846153846,2737.8,1012.6076712328767,1016.0465753424658,150,2,0,15,4,1,1,TRUE
C249I,Fuerteventura,2023,FUERTEVENTURA AEROPUERTO,365,358,365,362,361,354,361,0.9808219178082191,1,0.9917808219178083,0.989041095890411,0.9698630136986301,0.989041095890411,25,22.2231843575419,19.09078212290503,25.357262569832404,78.3,67.56629834254143,52.98882681564246,81.18435754189944,5.824653739612188,11.618207282913165,2948.5,1012.9792243767313,1016.2927977839336,153,4,0,28,3,0.9808219178082191,1,TRUE
C249I,Fuerteventura,2024,FUERTEVENTURA AEROPUERTO,366,363,366,365,366,340,364,0.9918032786885246,1,0.9972677595628415,1,0.9289617486338798,0.994535519125683,25,21.666391184573,18.568595041322315,24.760881542699725,22.3,67.41643835616438,52.32506887052342,82.25895316804407,6.187704918032787,11.989473684210527,2773.6,1012.9222527472527,1016.2618131868132,116,0,0,8,2,0.9918032786885246,1,TRUE
C249I,Fuerteventura,2025,FUERTEVENTURA AEROPUERTO,365,365,365,365,365,311,365,1,1,1,1,0.852054794520548,1,25,21.428493150684933,18.302739726027397,24.556712328767123,78.8,68.75342465753425,54.78356164383562,82.37260273972603,6.234246575342466,12.145555555555555,2636.5,1013.0936986301369,1016.4917808219178,129,4,0,21,3,1,1,TRUE
C258K,Fuerteventura,2015,LA OLIVA,359,344,339,358,358,0,0,0.958217270194986,0.9442896935933147,0.9972144846796658,0.9972144846796658,0,0,217,19.377906976744185,15.86453488372093,22.89651162790698,59.6,72.22905027932961,56.21220930232558,90.97674418604652,4.0027932960893855,10.68086956521739,,,,36,0,0,17,2,0.9424657534246575,0.9287671232876712,TRUE
C258K,Fuerteventura,2016,LA OLIVA,366,366,366,366,366,0,0,1,1,1,1,0,0,217,19.384972677595627,15.83224043715847,22.937704918032786,159,74.32513661202186,58.69672131147541,92.40710382513662,3.8901639344262295,10.468032786885246,,,,23,0,0,16,1,1,1,TRUE
C258K,Fuerteventura,2017,LA OLIVA,365,364,365,365,365,0,0,0.9972602739726028,1,1,1,0,0,217,20.011263736263736,16.248076923076923,23.771153846153847,94.60000000000001,70.46301369863014,53.989041095890414,90.16712328767123,3.9813698630136987,10.695890410958905,,,,36,1,0,26,6,0.9972602739726028,1,TRUE
C258K,Fuerteventura,2018,LA OLIVA,365,364,365,365,365,0,0,0.9972602739726028,1,1,1,0,0,217,18.91043956043956,15.50989010989011,22.30989010989011,171.8,74.77534246575343,59.39835164835165,92.68681318681318,3.981917808219178,10.622191780821918,,,,20,0,0,8,0,0.9972602739726028,1,TRUE
C258K,Fuerteventura,2019,LA OLIVA,363,361,362,363,363,0,0,0.9944903581267218,0.9972451790633609,1,1,0,0,217,19.31274238227147,15.690304709141275,22.936565096952908,68.2,68.82093663911846,53.43213296398892,87.93628808864266,3.903581267217631,10.426519337016575,,,,11,0,0,7,0,0.989041095890411,0.9917808219178083,TRUE
C258K,Fuerteventura,2020,LA OLIVA,366,366,366,366,366,0,0,1,1,1,1,0,0,217,20.039890710382515,16.14918032786885,23.93415300546448,46.4,66.20765027322405,49.61748633879781,86.26502732240438,3.815027322404372,10.215300546448088,,,,34,1,0,21,2,1,1,TRUE
C258K,Fuerteventura,2021,LA OLIVA,365,363,364,365,365,0,0,0.9945205479452055,0.9972602739726028,1,1,0,0,217,19.500275482093663,15.774380165289257,23.222314049586778,23.4,68.18630136986302,52.85164835164835,86.72802197802197,3.9043835616438356,10.455769230769231,,,,19,1,0,14,2,0.9945205479452055,0.9972602739726028,TRUE
C258K,Fuerteventura,2022,LA OLIVA,365,364,364,365,365,0,0,0.9972602739726028,0.9972602739726028,1,1,0,0,217,20.103846153846153,16.318956043956042,23.88598901098901,112,68.1013698630137,51.22802197802198,86.92032967032966,4.022739726027397,10.693424657534246,,,,27,0,0,12,2,0.9972602739726028,0.9972602739726028,TRUE
C258K,Fuerteventura,2023,LA OLIVA,365,364,364,365,365,0,0,0.9972602739726028,0.9972602739726028,1,1,0,0,217,20.861813186813187,16.791208791208792,24.93489010989011,55.4,66.67123287671232,50.10164835164835,86.92857142857143,3.7994520547945205,10.346978021978021,,,,66,1,0,40,4,0.9972602739726028,0.9972602739726028,TRUE
C258K,Fuerteventura,2024,LA OLIVA,366,366,366,366,366,0,0,1,1,1,1,0,0,217,20.537704918032787,16.696994535519124,24.38087431693989,38.4,66.78415300546447,50.72950819672131,86.4207650273224,4.104918032786885,10.837158469945356,,,,30,0,0,14,0,1,1,TRUE
C258K,Fuerteventura,2025,LA OLIVA,365,365,363,364,365,0,0,1,0.9945205479452055,0.9972602739726028,1,0,0,217,19.962465753424656,16.144931506849314,23.781917808219177,154.4,69.9423076923077,54.64109589041096,87.67671232876712,3.8997260273972603,10.321643835616438,,,,43,0,0,17,5,1,0.9945205479452055,TRUE
C314Z,La Gomera,2015,"VALLEHERMOSO, ALTO IGUALERO",298,296,297,269,298,0,0,0.9932885906040269,0.9966442953020134,0.9026845637583892,1,0,0,1474,13.680067567567567,10.389189189189189,16.96858108108108,378.5,69.40148698884758,48.58703071672355,84.12286689419795,7.000335570469798,15.133670033670034,,,,12,0,0,10,0,0.810958904109589,0.8136986301369863,TRUE
C314Z,La Gomera,2016,"VALLEHERMOSO, ALTO IGUALERO",366,365,366,341,366,0,0,0.9972677595628415,1,0.9316939890710383,1,0,0,1474,13.456712328767123,9.978082191780821,16.935616438356163,565.2,66.95307917888563,46.942465753424656,82.75890410958904,7.19016393442623,15.231780821917809,,,,22,2,0,21,3,0.9972677595628415,1,TRUE
C314Z,La Gomera,2017,"VALLEHERMOSO, ALTO IGUALERO",352,351,351,312,351,0,0,0.9971590909090909,0.9971590909090909,0.8863636363636364,0.9971590909090909,0,0,1474,14.635327635327636,10.990313390313391,18.28034188034188,257.2,65.01923076923077,41.97994269340974,79.31232091690545,6.767236467236467,14.621428571428572,,,,40,7,0,33,2,0.9616438356164384,0.9616438356164384,TRUE
C314Z,La Gomera,2018,"VALLEHERMOSO, ALTO IGUALERO",344,344,343,313,343,0,0,1,0.997093023255814,0.9098837209302325,0.997093023255814,0,0,1474,12.075581395348838,8.92732558139535,15.21889534883721,488.2,73.87859424920129,54.950146627565985,86.2991202346041,7.496793002915452,16.281924198250728,,,,12,0,0,9,0,0.9424657534246575,0.9397260273972603,TRUE
C314Z,La Gomera,2019,"VALLEHERMOSO, ALTO IGUALERO",365,364,365,329,363,0,0,0.9972602739726028,1,0.9013698630136986,0.9945205479452055,0,0,1474,13.37967032967033,9.877472527472527,16.880494505494507,390.2,63.735562310030396,41.98571428571429,80.03142857142858,7.031955922865014,14.953462603878116,,,,18,1,0,14,1,0.9972602739726028,1,TRUE
C314Z,La Gomera,2020,"VALLEHERMOSO, ALTO IGUALERO",366,322,366,296,366,0,0,0.8797814207650273,1,0.8087431693989071,1,0,0,1474,14.982919254658386,11.083540372670807,18.87888198757764,410.8,61.03378378378378,40.753894080996886,75.77881619937695,6.9005464480874315,15.197808219178082,,,,33,4,0,31,5,0.8797814207650273,1,TRUE
C314Z,La Gomera,2021,"VALLEHERMOSO, ALTO IGUALERO",365,365,364,333,363,0,0,1,0.9972602739726028,0.9123287671232877,0.9945205479452055,0,0,1474,13.8786301369863,10.125753424657534,17.629863013698632,329.2,66.1921921921922,43.634078212290504,81.20949720670392,7.133057851239669,15.349584487534626,,,,27,4,0,28,4,1,0.9972602739726028,TRUE
C314Z,La Gomera,2022,"VALLEHERMOSO, ALTO IGUALERO",365,365,365,329,364,0,0,1,1,0.9013698630136986,0.9972602739726028,0,0,1474,14.336438356164384,10.66958904109589,18.002739726027396,666.2,64.91185410334346,41.787709497206706,80.12011173184358,7.10054945054945,15.147619047619047,,,,28,0,0,22,5,1,1,TRUE
C314Z,La Gomera,2023,"VALLEHERMOSO, ALTO IGUALERO",365,363,337,332,363,0,0,0.9945205479452055,0.9232876712328767,0.9095890410958904,0.9945205479452055,0,0,1474,15.158126721763086,11.324242424242424,19.05780821917808,337.2,61.93072289156626,40.17403314917127,78.06353591160222,6.3066115702479335,14.090358126721764,,,,37,4,0,29,6,0.9945205479452055,0.9232876712328767,TRUE
C314Z,La Gomera,2024,"VALLEHERMOSO, ALTO IGUALERO",343,341,339,301,342,0,0,0.9941690962099126,0.9883381924198251,0.8775510204081632,0.9970845481049563,0,0,1474,15.175953079178885,11.24633431085044,19.112609970674487,315.2,61.5514950166113,38.27462686567164,77.40597014925373,7.0777777777777775,15.341055718475074,,,,25,4,0,31,8,0.9316939890710383,0.9262295081967213,TRUE
C314Z,La Gomera,2025,"VALLEHERMOSO, ALTO IGUALERO",365,365,365,309,365,0,0,1,1,0.8465753424657534,1,0,0,1474,13.936164383561644,10.07972602739726,17.79260273972603,617.6,66.09061488673139,42.03636363636364,83.30909090909091,6.72958904109589,14.778296703296704,,,,26,5,0,34,6,1,1,TRUE
C317B,La Gomera,2015,AGULO,365,365,364,364,365,0,0,1,0.9972602739726028,0.9972602739726028,1,0,0,765,16.196438356164382,12.987123287671233,19.403287671232878,524.3,82.8076923076923,67.67582417582418,95.91483516483517,2.0052054794520546,8.308493150684932,,,,6,0,0,11,1,1,0.9972602739726028,TRUE
C317B,La Gomera,2016,AGULO,366,364,304,366,366,0,0,0.994535519125683,0.8306010928961749,1,1,0,0,765,16.00054945054945,12.864835164835165,19.14065934065934,261.5,83.93989071038251,68.87912087912088,96.58516483516483,1.876502732240437,8.147527472527473,,,,6,0,0,9,2,0.994535519125683,0.8306010928961749,TRUE
C317B,La Gomera,2017,AGULO,365,362,365,365,291,0,0,0.9917808219178083,1,1,0.7972602739726027,0,0,765,17.062983425414366,13.726243093922651,20.402486187845305,234.20000000000002,77.65479452054795,60.81994459833795,92.65373961218836,2.0714776632302407,8.235958904109589,,,,20,2,0,16,5,0.9917808219178083,1,TRUE
C317B,La Gomera,2018,AGULO,365,365,365,364,364,0,0,1,1,0.9972602739726028,0.9972602739726028,0,0,765,15.58027397260274,12.591506849315069,18.578082191780823,435.6,83.78296703296704,66.95209580838323,96.17664670658682,2.0447802197802196,8.377472527472527,,,,6,0,0,4,0,1,1,TRUE
C317B,La Gomera,2019,AGULO,365,365,365,364,364,0,0,1,1,0.9972602739726028,0.9972602739726028,0,0,765,16.144931506849314,12.935068493150684,19.357808219178082,439.40000000000003,80.45604395604396,65.1353591160221,94.16850828729282,1.9552197802197802,7.980440771349862,,,,2,0,0,10,2,1,1,TRUE
C317B,La Gomera,2020,AGULO,366,353,366,353,364,0,0,0.9644808743169399,1,0.9644808743169399,0.994535519125683,0,0,765,17.420963172804534,13.696883852691219,21.14900849858357,368.2,75.42492917847025,57.73728813559322,91.7316384180791,2.1423076923076922,8.393681318681319,,,,10,1,0,23,4,0.9644808743169399,1,TRUE
C317B,La Gomera,2021,AGULO,365,365,356,365,365,0,0,1,0.9753424657534246,1,1,0,0,765,16.802739726027397,12.964109589041096,20.64027397260274,408.4,80.64931506849315,61.1510989010989,95.22802197802197,1.8775342465753424,7.813972602739726,,,,13,0,0,18,5,1,0.9753424657534246,TRUE
C317B,La Gomera,2022,AGULO,360,360,360,360,360,0,0,1,1,1,1,0,0,765,16.95888888888889,13.20888888888889,20.70611111111111,559.6,80.93333333333334,61.580555555555556,95.85555555555555,2.1372222222222224,8.661111111111111,,,,7,0,0,8,1,0.9863013698630136,0.9863013698630136,TRUE
C317B,La Gomera,2023,AGULO,365,360,365,360,360,0,0,0.9863013698630136,1,0.9863013698630136,0.9863013698630136,0,0,765,18.253055555555555,14.134166666666667,22.366944444444446,351,75.46111111111111,56.827777777777776,92.34444444444445,1.9419444444444445,7.8661111111111115,,,,25,0,0,36,5,0.9863013698630136,1,TRUE
C317B,La Gomera,2024,AGULO,366,366,366,366,366,0,0,1,1,1,1,0,0,765,17.773224043715846,13.922677595628416,21.622677595628414,294.4,77.39617486338798,57.12841530054645,92.24863387978142,2.3188524590163935,8.763661202185792,,,,12,0,0,11,0,1,1,TRUE
C317B,La Gomera,2025,AGULO,360,360,359,353,360,0,0,1,0.9972222222222222,0.9805555555555555,1,0,0,765,16.815833333333334,13.254166666666666,20.377777777777776,419.4,83.96883852691218,66.97206703910615,96.55307262569832,2.000277777777778,7.941944444444444,,,,14,0,0,18,5,0.9863013698630136,0.9835616438356164,TRUE
C319W,La Gomera,2015,"VALLEHERMOSO, DAMA",363,352,359,349,349,0,0,0.9696969696969697,0.9889807162534435,0.9614325068870524,0.9614325068870524,0,0,190,20.823579545454546,16.317329545454545,25.324147727272727,36.4,67.32091690544412,52.225071225071225,86.42735042735043,2.3796561604584525,7.919142857142857,,,,53,1,0,22,2,0.9643835616438357,0.9835616438356164,TRUE
C319W,La Gomera,2016,"VALLEHERMOSO, DAMA",366,366,366,366,366,0,0,1,1,1,1,0,0,190,20.747814207650272,16.25655737704918,25.23934426229508,161.8,70.39344262295081,54.654794520547945,88.54794520547945,2.3259562841530053,7.790710382513661,,,,27,0,0,19,5,1,1,TRUE
C319W,La Gomera,2017,"VALLEHERMOSO, DAMA",365,363,365,364,364,0,0,0.9945205479452055,1,0.9972602739726028,0.9972602739726028,0,0,190,21.373553719008264,16.67190082644628,26.069972451790633,58,67.01098901098901,50.53591160220994,87.38950276243094,2.3109890109890108,7.649175824175824,,,,46,0,0,37,3,0.9945205479452055,1,TRUE
C319W,La Gomera,2018,"VALLEHERMOSO, DAMA",365,365,365,365,365,0,0,1,1,1,1,0,0,190,20.454794520547946,15.924931506849315,24.981369863013697,130.6,67.76438356164384,51.74175824175824,87.07417582417582,2.3602739726027395,8.083835616438357,,,,24,0,0,8,0,1,1,TRUE
C319W,La Gomera,2019,"VALLEHERMOSO, DAMA",365,365,365,364,364,0,0,1,1,0.9972602739726028,0.9972602739726028,0,0,190,20.785205479452056,16.016712328767124,25.551506849315068,68.6,67.06043956043956,50.73278236914601,87.64187327823691,2.2293956043956045,7.457851239669422,,,,20,0,0,12,1,1,1,TRUE
C319W,La Gomera,2020,"VALLEHERMOSO, DAMA",366,365,366,365,366,0,0,0.9972677595628415,1,0.9972677595628415,1,0,0,190,21.554246575342464,16.826849315068493,26.283013698630135,55.4,66.41095890410959,49.6,86.73972602739725,2.3950819672131147,7.970765027322404,,,,48,2,0,31,4,0.9972677595628415,1,TRUE
C319W,La Gomera,2021,"VALLEHERMOSO, DAMA",365,365,365,365,365,0,0,1,1,1,1,0,0,190,21.296986301369863,16.474794520547945,26.11972602739726,68.4,67.96164383561644,51.59615384615385,86.82142857142857,2.3457534246575342,7.692054794520548,,,,38,2,0,34,6,1,1,TRUE
C319W,La Gomera,2022,"VALLEHERMOSO, DAMA",365,365,365,365,364,0,0,1,1,1,0.9972602739726028,0,0,190,21.503561643835617,16.824657534246576,26.178356164383562,212.4,67.23835616438356,52.0989010989011,86.45054945054945,2.5596153846153844,8.334065934065935,,,,47,0,0,28,3,1,1,TRUE
C319W,La Gomera,2023,"VALLEHERMOSO, DAMA",365,365,365,365,365,0,0,1,1,1,1,0,0,190,22.71123287671233,17.602465753424656,27.816712328767125,84,63.81643835616438,47.47397260273973,84.93424657534247,2.469041095890411,8.024383561643836,,,,90,4,0,81,13,1,1,TRUE
C319W,La Gomera,2024,"VALLEHERMOSO, DAMA",366,366,366,366,366,0,0,1,1,1,1,0,0,190,22.031147540983607,17.218852459016393,26.84016393442623,39.6,65.44808743169399,49.467213114754095,85.61475409836065,2.6459016393442623,8.212841530054645,,,,33,0,0,26,2,1,1,TRUE
C319W,La Gomera,2025,"VALLEHERMOSO, DAMA",365,365,365,365,365,0,0,1,1,1,1,0,0,190,21.665479452054793,16.81972602739726,26.51095890410959,186.79999999999998,68.35068493150685,52.67032967032967,87.49175824175825,2.5394520547945207,7.802739726027397,,,,54,1,0,33,6,1,1,TRUE
C329B,La Gomera,2015,"LA GOMERA, AEROPUERTO",365,365,365,365,364,364,365,1,1,1,0.9972602739726028,0.9972602739726028,1,219,20.713972602739727,17.653150684931507,23.773150684931508,142.6,65.10684931506849,49.61878453038674,82.0303867403315,2.7494505494505495,10.093150684931507,3132.5,992.927397260274,995.9761643835617,99,3,0,22,5,1,1,TRUE
C329B,La Gomera,2016,"LA GOMERA, AEROPUERTO",366,366,366,366,366,365,366,1,1,1,1,0.9972677595628415,1,219,20.712021857923496,17.564754098360655,23.85737704918033,118.60000000000001,66.80874316939891,51.013698630136986,82.87671232876713,2.8491803278688526,10.269398907103826,3280.3,992.2961748633879,995.4448087431693,71,0,0,14,5,1,1,TRUE
C329B,La Gomera,2017,"LA GOMERA, AEROPUERTO",365,364,365,364,365,365,365,0.9972602739726028,1,0.9972602739726028,1,1,1,219,21.306043956043958,18.262637362637363,24.344383561643834,43.1,65.32692307692308,49.75414364640884,80.68232044198895,2.699178082191781,9.984109589041095,3164.4,991.4169863013699,994.4945205479452,112,2,0,25,2,0.9972602739726028,1,TRUE
C329B,La Gomera,2018,"LA GOMERA, AEROPUERTO",365,365,365,365,365,365,365,1,1,1,1,1,1,219,20.454246575342466,17.3413698630137,23.565753424657533,115.1,66.14246575342466,51.39944903581267,81.64462809917356,3.1216438356164384,10.578904109589041,3316.7,991.5386301369863,994.8446575342466,52,0,0,7,0,1,1,TRUE
C329B,La Gomera,2019,"LA GOMERA, AEROPUERTO",365,365,365,365,365,365,365,1,1,1,1,1,1,219,20.724657534246575,17.575342465753426,23.873972602739727,61.4,64.93698630136986,50.36813186813187,80.73351648351648,3.004931506849315,9.95068493150685,3413.5,991.6564383561644,994.9205479452055,59,1,0,5,1,1,1,TRUE
C329B,La Gomera,2021,"LA GOMERA, AEROPUERTO",365,365,365,365,365,363,365,1,1,1,1,0.9945205479452055,1,219,21.02082191780822,17.7786301369863,24.26904109589041,42.4,66.53424657534246,51.328729281767956,81.63259668508287,3.092876712328767,10.05013698630137,3254,991.1441095890411,994.5027397260274,83,2,0,19,5,1,1,TRUE
C329B,La Gomera,2022,"LA GOMERA, AEROPUERTO",365,365,365,365,365,364,365,1,1,1,1,0.9972602739726028,1,219,21.344383561643834,18.176438356164383,24.513150684931507,179.1,64.46301369863014,48.912328767123284,81.20547945205479,3.158904109589041,10.025205479452055,3248,991.0027397260274,994.2123287671233,96,0,0,19,4,1,1,TRUE
C329B,La Gomera,2023,"LA GOMERA, AEROPUERTO",365,365,365,363,365,364,365,1,1,0.9945205479452055,1,0.9972602739726028,1,219,22.493424657534245,19.123013698630135,25.86794520547945,89.6,61.30853994490358,45.47671232876712,79.47945205479452,2.845205479452055,9.644109589041095,3388.3,991.4304109589041,994.4772602739725,159,16,0,46,12,1,1,TRUE
C329B,La Gomera,2024,"LA GOMERA, AEROPUERTO",366,366,366,366,366,366,366,1,1,1,1,1,1,219,21.724863387978143,18.53032786885246,24.920765027322403,46.6,63.95355191256831,48.07967032967033,81.22802197802197,3.096448087431694,10.168579234972677,3383.1,991.2437158469945,994.377868852459,85,0,0,13,1,1,1,TRUE
C329B,La Gomera,2025,"LA GOMERA, AEROPUERTO",365,364,365,365,365,365,364,0.9972602739726028,1,1,1,1,0.9972602739726028,219,21.06620879120879,17.987912087912086,24.146703296703297,89.6,67.08219178082192,52.84573002754821,83.16528925619835,3.157260273972603,10.289835164835164,3429.1,991.7024725274725,994.8623626373626,98,4,0,18,3,0.9972602739726028,1,TRUE
C329Z,La Gomera,2015,SAN SEBASTIÁN DE LA GOMERA,359,352,349,357,359,0,353,0.9805013927576601,0.9721448467966574,0.9944289693593314,1,0,0.9832869080779945,15,21.964772727272727,19.282670454545453,24.649147727272727,101,72.92436974789916,59.022662889518415,84.73654390934844,3.428133704735376,12.600849858356941,,1016.0328611898017,1019.2512747875354,140,5,0,24,2,0.9643835616438357,0.9561643835616438,TRUE
C329Z,La Gomera,2016,SAN SEBASTIÁN DE LA GOMERA,366,362,365,366,366,0,363,0.9890710382513661,0.9972677595628415,1,1,0,0.9918032786885246,15,21.885359116022098,19.141988950276243,24.62790055248619,52.2,70.14754098360656,58.53168044077135,81.25068870523415,3.475136612021858,12.85702479338843,,1015.329476584022,1018.628650137741,152,0,0,20,2,0.9890710382513661,0.9972677595628415,TRUE
C329Z,La Gomera,2017,SAN SEBASTIÁN DE LA GOMERA,365,364,365,365,365,0,364,0.9972602739726028,1,1,1,0,0.9972602739726028,15,22.353296703296703,19.67142857142857,25.033241758241758,61,73.02191780821917,58.972375690607734,85.11602209944752,3.2194520547945205,12.384022038567494,,1014.5810439560439,1017.8980769230769,179,4,0,25,2,0.9972602739726028,1,TRUE
C329Z,La Gomera,2018,SAN SEBASTIÁN DE LA GOMERA,365,364,311,364,365,0,362,0.9972602739726028,0.852054794520548,0.9972602739726028,1,0,0.9917808219178083,15,21.41923076923077,18.76620879120879,24.067857142857143,95.1,73.10714285714286,61.58563535911602,84.47513812154696,3.7216438356164385,13.369972451790634,,1015.1707182320442,1018.4309392265193,123,0,0,12,0,0.9972602739726028,0.852054794520548,TRUE
C329Z,La Gomera,2019,SAN SEBASTIÁN DE LA GOMERA,365,363,355,365,365,0,364,0.9945205479452055,0.9726027397260274,1,1,0,0.9972602739726028,15,21.752617079889806,19.06749311294766,24.437190082644626,68.7,73.53424657534246,61.5068870523416,84.62258953168045,3.5216438356164383,12.777808219178082,,1015.2692307692307,1018.4541208791209,151,0,0,8,1,0.9945205479452055,0.9726027397260274,TRUE
C329Z,La Gomera,2020,SAN SEBASTIÁN DE LA GOMERA,366,365,366,364,366,0,364,0.9972677595628415,1,0.994535519125683,1,0,0.994535519125683,15,22.43972602739726,19.636986301369863,25.244109589041095,128.3,75.9423076923077,61.354395604395606,87.97527472527473,3.3934426229508197,12.512362637362637,,1014.8502747252747,1018.2236263736264,173,4,0,28,4,0.9972677595628415,1,TRUE
C329Z,La Gomera,2021,SAN SEBASTIÁN DE LA GOMERA,365,363,365,362,354,0,356,0.9945205479452055,1,0.9917808219178083,0.9698630136986301,0,0.9753424657534246,15,22.08374655647383,19.422865013774103,24.74628099173554,117.3,68.35911602209944,56.04775280898876,79.15168539325843,3.4649717514124294,12.568103448275862,,1014.5907303370786,1017.8693820224719,160,2,0,18,2,0.9945205479452055,1,TRUE
C329Z,La Gomera,2022,SAN SEBASTIÁN DE LA GOMERA,365,365,365,365,365,0,362,1,1,1,1,0,0.9917808219178083,15,22.378630136986303,19.646027397260273,25.10931506849315,164.5,68.6986301369863,55.98885793871866,80.53760445682451,3.4093150684931506,13.072576177285319,,1014.0417127071823,1017.4016574585636,171,1,0,22,5,1,1,TRUE
C329Z,La Gomera,2023,SAN SEBASTIÁN DE LA GOMERA,365,331,365,331,341,0,330,0.9068493150684932,1,0.9068493150684932,0.9342465753424658,0,0.9041095890410958,15,23.549244712990937,20.667267267267267,26.439577039274923,70.9,64.77341389728096,51.48024316109422,78.5015197568389,3.144281524926686,11.937941176470588,,1014.0915151515152,1017.3112121212121,188,26,0,45,14,0.9068493150684932,1,TRUE
C329Z,La Gomera,2025,SAN SEBASTIÁN DE LA GOMERA,365,365,365,363,364,0,364,1,1,0.9945205479452055,0.9972602739726028,0,0.9972602739726028,15,22.224109589041095,19.70794520547945,24.73972602739726,133.5,61.44077134986226,48.42307692307692,74.11538461538461,3.370879120879121,12.051373626373627,,1015.0648351648351,1018.3516483516484,173,5,0,19,3,1,1,TRUE
C419X,Tenerife,2015,ADEJE,365,358,362,364,364,0,0,0.9808219178082191,0.9917808219178083,0.9972602739726028,0.9972602739726028,0,0,130,21.33100558659218,17.370391061452516,25.289944134078212,128.6,64.07692307692308,50.28851540616247,83.10084033613445,1.7354395604395605,7.392602739726027,,,,90,2,0,22,0,0.9808219178082191,0.9917808219178083,TRUE
C419X,Tenerife,2016,ADEJE,366,366,366,366,366,0,0,1,1,1,1,0,0,130,21.244535519125684,17.253005464480875,25.24398907103825,48.2,66.87704918032787,53.57103825136612,84.48907103825137,1.7551912568306012,7.1687671232876715,,,,59,0,0,13,1,1,1,TRUE
C419X,Tenerife,2017,ADEJE,365,363,365,364,365,0,0,0.9945205479452055,1,0.9972602739726028,1,0,0,130,21.70909090909091,17.6801652892562,25.737741046831957,26.8,60.81318681318681,47.54120879120879,79.35164835164835,1.7827397260273972,7.286301369863014,,,,90,0,0,34,3,0.9945205479452055,1,TRUE
C419X,Tenerife,2018,ADEJE,365,365,365,365,363,0,0,1,1,1,0.9945205479452055,0,0,130,20.82958904109589,16.948493150684932,24.716164383561644,49.2,62.50410958904109,49.79945054945055,79.9010989010989,1.7925619834710744,7.305509641873278,,,,60,0,0,11,0,1,1,TRUE
C419X,Tenerife,2019,ADEJE,365,365,365,364,363,0,0,1,1,0.9972602739726028,0.9945205479452055,0,0,130,21.093424657534246,17.038082191780823,25.144109589041097,70.8,61.11538461538461,48.99722222222222,78.83611111111111,1.7856749311294766,7.010555555555555,,,,57,0,0,11,0,1,1,TRUE
C419X,Tenerife,2020,ADEJE,366,362,365,351,24,0,0,0.9890710382513661,0.9972677595628415,0.9590163934426229,0.06557377049180328,0,0,130,21.785911602209946,17.81850828729282,25.752762430939228,85.6,62.43019943019943,49.61300309597523,79.94117647058823,1.7416666666666667,6.622727272727273,,,,95,1,0,22,2,0.9890710382513661,0.9972677595628415,TRUE
C419X,Tenerife,2021,ADEJE,365,365,365,364,0,0,0,1,1,0.9972602739726028,0,0,0,130,21.19287671232877,17.253424657534246,25.132328767123287,46.4,63.80494505494506,51.899721448467965,80.35097493036211,,,,,,57,0,0,12,0,1,1,TRUE
C419X,Tenerife,2022,ADEJE,365,365,365,364,0,0,0,1,1,0.9972602739726028,0,0,0,130,21.686027397260276,17.71178082191781,25.660273972602738,274.4,63.09340659340659,49.73684210526316,80.79501385041551,,,,,,81,0,0,19,0,1,1,TRUE
C419X,Tenerife,2023,ADEJE,365,365,365,365,0,0,0,1,1,1,0,0,0,130,22.582465753424657,18.14904109589041,27.017260273972603,127,61.33972602739726,48.03021978021978,80.26098901098901,,,,,,120,1,0,53,9,1,1,TRUE
C419X,Tenerife,2024,ADEJE,366,366,366,366,0,0,0,1,1,1,0,0,0,130,22.287158469945354,18.01967213114754,26.548360655737707,17.6,60.81147540983606,47.595628415300546,78.99726775956285,,,,,,78,2,0,28,1,1,1,TRUE
C419X,Tenerife,2025,ADEJE,364,362,364,363,0,0,0,0.9945054945054945,1,0.9972527472527473,0,0,0,130,21.641436464088397,17.6801652892562,25.610192837465565,92.8,63.112947658402206,51.035812672176306,80.13498622589532,,,,,,94,1,0,17,1,0.9917808219178083,0.9972602739726028,TRUE
C430E,Tenerife,2015,IZAÑA,365,365,365,364,363,365,364,1,1,0.9972602739726028,0.9945205479452055,1,0.9972602739726028,2369,10.088219178082191,6.312876712328767,13.864383561643836,291.1,42.20879120879121,21.786301369863015,63.84931506849315,6.981542699724518,15.005494505494505,3802.9,770.09010989010994,772.8903846153846,0,0,0,0,0,1,1,TRUE
C430E,Tenerife,2016,IZAÑA,366,366,366,366,366,366,366,1,1,1,1,1,1,2369,10.615300546448088,6.663387978142077,14.57431693989071,283.9,41.21311475409836,19.508196721311474,64.54098360655738,6.953825136612021,14.915300546448087,3828.7,769.5674863387978,772.4887978142076,0,0,0,0,0,1,1,TRUE
C430E,Tenerife,2017,IZAÑA,365,365,365,363,365,364,365,1,1,0.9945205479452055,1,0.9972602739726028,1,2369,11.615616438356165,7.662465753424658,15.561643835616438,142.7,35.27272727272727,17.589041095890412,56.02191780821918,7.266575342465753,15.61013698630137,3857.3,769.7241095890411,772.5120547945205,1,0,0,0,0,1,1,TRUE
C430E,Tenerife,2018,IZAÑA,365,365,365,362,349,365,365,1,1,0.9917808219178083,0.9561643835616438,1,1,2369,9.583013698630136,5.702191780821917,13.464109589041096,359.5,42.95580110497237,21.843835616438355,65.33424657534246,7.817765042979943,16.008285714285716,3808.2,768.6797260273972,771.7134246575342,0,0,0,0,0,1,1,TRUE
C430E,Tenerife,2019,IZAÑA,365,365,365,360,364,365,365,1,1,0.9863013698630136,0.9972602739726028,1,1,2369,10.871780821917808,6.8364383561643836,14.902465753424657,265.1,32.83611111111111,14.446575342465753,53.26849315068493,6.86456043956044,14.422191780821917,4005.7,769.6534246575343,772.3690410958905,0,0,0,0,0,1,1,TRUE
C430E,Tenerife,2020,IZAÑA,366,366,366,355,330,363,365,1,1,0.9699453551912568,0.9016393442622951,0.9918032786885246,0.9972677595628415,2369,11.057650273224043,7.1546448087431695,14.960928961748634,217.7,39.05915492957747,17.01392757660167,59.19166666666667,7.192727272727272,15.396363636363636,3793.7,769.7523287671233,772.8358904109589,0,0,0,0,0,1,1,TRUE
C430E,Tenerife,2021,IZAÑA,365,365,365,347,330,365,365,1,1,0.9506849315068493,0.9041095890410958,1,1,2369,10.924657534246576,6.918630136986302,14.933698630136986,208.1,36.31123919308357,14.8,56.443835616438356,6.58030303030303,14.201510574018126,3872.1,769.2821917808219,772.1717808219178,0,0,0,0,0,1,1,TRUE
C430E,Tenerife,2022,IZAÑA,365,365,365,357,364,364,365,1,1,0.9780821917808219,0.9972602739726028,0.9972602739726028,1,2369,11.078356164383562,7.193972602739726,14.964931506849315,387,39.82913165266106,19.820441988950275,60.408839779005525,7.416208791208791,15.718956043956045,3774.3,769.0589041095891,772.0534246575343,0,0,0,0,0,1,1,TRUE
C430E,Tenerife,2023,IZAÑA,365,365,365,353,363,365,365,1,1,0.9671232876712329,0.9945205479452055,1,1,2369,11.290958904109589,7.406849315068493,15.168219178082191,117.4,40.6600566572238,19.42296918767507,62.66946778711485,6.4225895316804404,13.79041095890411,3808.9,770.1175342465754,772.8654794520548,3,0,0,0,0,1,1,TRUE
C430E,Tenerife,2024,IZAÑA,366,366,366,354,366,366,366,1,1,0.9672131147540983,1,1,1,2369,12.099453551912568,8.017486338797815,16.18005464480874,150,33.940677966101696,14.768595041322314,55.00826446280992,6.886338797814208,14.826229508196722,3883.6,769.9120218579235,772.7445355191256,4,0,0,0,0,1,1,TRUE
C430E,Tenerife,2025,IZAÑA,365,365,365,357,336,365,365,1,1,0.9780821917808219,0.9205479452054794,1,1,2369,11.177808219178083,7.1498630136986305,15.206027397260273,239.3,37.319327731092436,15.572602739726028,59.85205479452055,6.663095238095238,14.47134328358209,3977.3,769.4465753424657,772.3512328767123,0,0,0,0,0,1,1,TRUE
C449Q,Tenerife,2015,CITFAGRO_97_TAGANANA,364,364,357,0,0,0,0,1,0.9807692307692307,0,0,0,0,305,18.415934065934067,16.567857142857143,20.25934065934066,597.3,,63.58516483516483,90.20054945054945,,,,,,47,0,0,3,0,0.9972602739726028,0.9780821917808219,TRUE
C449Q,Tenerife,2016,CITFAGRO_97_TAGANANA,345,343,340,138,0,0,0,0.9942028985507246,0.9855072463768116,0.4,0,0,0,305,18.172303206997086,16.472594752186588,19.869096209912538,393.8,74.17391304347827,61.15542521994135,86.82404692082112,,,,,,11,0,0,3,0,0.9371584699453552,0.9289617486338798,TRUE
C449Q,Tenerife,2017,CITFAGRO_97_TAGANANA,356,351,350,146,0,0,0,0.9859550561797753,0.9831460674157303,0.4101123595505618,0,0,0,305,18.76068376068376,16.903133903133902,20.623931623931625,226.8,75.14383561643835,61.364672364672366,88.5014245014245,,,,,,26,1,0,4,0,0.9616438356164384,0.958904109589041,TRUE
C449Q,Tenerife,2018,CITFAGRO_97_TAGANANA,363,361,349,182,0,0,0,0.9944903581267218,0.9614325068870524,0.5013774104683195,0,0,0,305,17.786703601108034,16.070914127423823,19.509141274238228,536,78.84615384615384,64.96398891966759,90.70083102493075,,,,,,7,0,0,0,0,0.989041095890411,0.9561643835616438,TRUE
C449Q,Tenerife,2019,CITFAGRO_97_TAGANANA,365,360,346,51,0,0,0,0.9863013698630136,0.947945205479452,0.13972602739726028,0,0,0,305,18.32111111111111,16.538611111111113,20.101388888888888,301,76.6470588235294,63.63835616438356,88,,,,,,10,0,0,0,0,0.9863013698630136,0.947945205479452,TRUE
C449Q,Tenerife,2020,CITFAGRO_97_TAGANANA,363,362,362,0,0,0,0,0.9972451790633609,0.9972451790633609,0,0,0,0,305,18.959668508287294,17.007734806629834,20.909116022099447,285.4,,59.03591160220994,86.3342541436464,,,,,,26,0,0,5,0,0.9890710382513661,0.9890710382513661,TRUE
C449Q,Tenerife,2021,CITFAGRO_97_TAGANANA,362,360,359,0,0,0,0,0.994475138121547,0.9917127071823204,0,0,0,0,305,18.352222222222224,16.614722222222223,20.09138888888889,286.7,,64.17366946778712,87.23529411764706,,,,,,25,0,0,3,0,0.9863013698630136,0.9835616438356164,TRUE
C449Q,Tenerife,2022,CITFAGRO_97_TAGANANA,365,365,365,0,0,0,0,1,1,0,0,0,0,305,18.794520547945204,16.983561643835618,20.596712328767122,388.3,,63.054794520547944,87.75068493150685,,,,,,25,0,0,3,0,1,1,TRUE
C449Q,Tenerife,2023,CITFAGRO_97_TAGANANA,365,363,365,0,0,0,0,0.9945205479452055,1,0,0,0,0,305,19.69228650137741,17.721212121212123,21.663911845730027,352.8,,61,86.56749311294766,,,,,,79,6,0,13,0,0.9945205479452055,1,TRUE
C449Q,Tenerife,2024,CITFAGRO_97_TAGANANA,366,366,360,0,0,0,0,1,0.9836065573770492,0,0,0,0,305,19.343715846994535,17.47622950819672,21.209289617486338,203.6,,59.54644808743169,87.45628415300547,,,,,,30,0,0,2,0,1,0.9836065573770492,TRUE
C449Q,Tenerife,2025,CITFAGRO_97_TAGANANA,365,365,364,0,0,0,0,1,0.9972602739726028,0,0,0,0,305,18.741917808219178,16.976712328767125,20.506575342465755,330.5,,64.25205479452055,89.24383561643836,,,,,,47,1,0,6,0,1,0.9972602739726028,TRUE
C458A,Tenerife,2015,TACORONTE,365,362,363,361,362,0,0,0.9917808219178083,0.9945205479452055,0.989041095890411,0.9917808219178083,0,0,310,18.766574585635357,15.41988950276243,22.109668508287292,436.8,69.81717451523545,55.430939226519335,84.86740331491713,2.9696132596685083,8.761878453038674,,,,27,0,0,4,0,0.9917808219178083,0.9945205479452055,TRUE
C458A,Tenerife,2016,TACORONTE,366,365,366,366,366,0,0,0.9972677595628415,1,1,1,0,0,310,18.721643835616437,15.301917808219178,22.14,432.6,71.1311475409836,56.52602739726027,86.89315068493151,2.8814207650273223,8.410382513661203,,,,3,0,0,5,2,0.9972677595628415,1,TRUE
C458A,Tenerife,2017,TACORONTE,365,359,365,360,363,0,0,0.9835616438356164,1,0.9863013698630136,0.9945205479452055,0,0,310,19.45431754874652,15.948189415041783,22.961281337047353,227,72.275,55.857541899441344,88.08379888268156,2.8859504132231404,8.490304709141274,,,,16,0,0,12,1,0.9835616438356164,1,TRUE
C458A,Tenerife,2018,TACORONTE,358,358,358,351,358,0,0,1,1,0.9804469273743017,1,0,0,310,18.46899441340782,15.164525139664804,21.76871508379888,372.4,73.23361823361823,58.87818696883853,89.3342776203966,2.9304469273743017,8.695518207282912,,,,3,0,0,0,0,0.9808219178082191,0.9808219178082191,TRUE
C458A,Tenerife,2019,TACORONTE,360,360,317,360,360,0,0,1,0.8805555555555555,1,1,0,0,310,18.895,15.455277777777777,22.33388888888889,270.8,71.2388888888889,57.04469273743017,87.82960893854748,2.9544444444444444,8.526256983240224,,,,4,0,0,1,0,0.9863013698630136,0.8684931506849315,TRUE
C458A,Tenerife,2020,TACORONTE,366,366,366,365,366,0,0,1,1,0.9972677595628415,1,0,0,310,19.566120218579236,15.951092896174863,23.176502732240436,273.8,70.55342465753425,54.41095890410959,87.73150684931507,2.9685792349726774,8.765027322404372,,,,16,0,0,10,0,1,1,TRUE
C458A,Tenerife,2021,TACORONTE,365,365,365,365,365,0,0,1,1,1,1,0,0,310,19.04931506849315,15.472602739726028,22.626027397260273,314.59999999999997,71.28767123287672,56.50276243093923,87.15193370165746,2.9917808219178084,8.4239010989011,,,,10,0,0,6,1,1,1,TRUE
C458A,Tenerife,2022,TACORONTE,365,365,365,365,365,0,0,1,1,1,1,0,0,310,19.407671232876712,15.950958904109589,22.867671232876713,346.4,71.67397260273972,56.06629834254144,87.97513812154696,2.996986301369863,8.865753424657534,,,,16,0,0,4,0,1,1,TRUE
C458A,Tenerife,2023,TACORONTE,365,365,365,365,365,0,0,1,1,1,1,0,0,310,20.343013698630138,16.763561643835615,23.927945205479453,280.4,68.25205479452055,53.370165745856355,85.29005524861878,2.9895890410958903,8.494520547945205,,,,51,6,0,24,5,1,1,TRUE
C458A,Tenerife,2024,TACORONTE,358,358,358,357,358,0,0,1,1,0.9972067039106145,1,0,0,310,19.877374301675978,16.56368715083799,23.188826815642457,230.8,70.13165266106442,55.09803921568628,86.36134453781513,3.0237430167597767,8.725698324022346,,,,18,0,0,6,1,0.9781420765027322,0.9781420765027322,TRUE
C458A,Tenerife,2025,TACORONTE,365,365,365,364,365,0,0,1,1,0.9972602739726028,1,0,0,310,18.984931506849314,15.956986301369863,22.014246575342465,482.8,74.92307692307692,61.69505494505494,89.08516483516483,2.86,8.336986301369864,,,,21,1,0,8,1,1,1,TRUE
C468O,Tenerife,2015,CITFAGRO_62_TRIGO,365,365,360,0,0,0,0,1,0.9863013698630136,0,0,0,0,450,18.292328767123287,14.46109589041096,22.117808219178084,587.3,,58.394520547945206,94.58904109589041,,,,,,4,0,0,11,0,1,0.9863013698630136,TRUE
C468O,Tenerife,2016,CITFAGRO_62_TRIGO,346,344,343,140,0,0,0,0.9942196531791907,0.9913294797687862,0.4046242774566474,0,0,0,450,17.573546511627907,14.397093023255813,20.75581395348837,525.7,80.4,61.66860465116279,94.93313953488372,,,,,,2,0,0,4,1,0.9398907103825137,0.9371584699453552,TRUE
C468O,Tenerife,2017,CITFAGRO_62_TRIGO,358,355,353,155,0,0,0,0.9916201117318436,0.9860335195530726,0.4329608938547486,0,0,0,450,17.928169014084506,14.751267605633803,21.10788732394366,340.7,78.92258064516129,60.40281690140845,94.75211267605634,,,,,,8,0,0,11,0,0.9726027397260274,0.9671232876712329,TRUE
C468O,Tenerife,2018,CITFAGRO_62_TRIGO,364,357,344,180,0,0,0,0.9807692307692307,0.945054945054945,0.4945054945054945,0,0,0,450,17.047619047619047,14.045125348189416,20.03641456582633,603.8,83.85,64.59411764705882,96.69411764705882,,,,,,1,0,0,2,0,0.9780821917808219,0.9424657534246575,TRUE
C468O,Tenerife,2019,CITFAGRO_62_TRIGO,360,347,356,39,0,0,0,0.9638888888888889,0.9888888888888889,0.10833333333333334,0,0,0,450,17.596541786743515,14.49164265129683,20.697118155619595,433.2,87.12820512820512,64.16759776536313,95.44692737430168,,,,,,2,0,0,4,0,0.9506849315068493,0.9753424657534246,TRUE
C468O,Tenerife,2020,CITFAGRO_62_TRIGO,365,365,360,0,0,0,0,1,0.9863013698630136,0,0,0,0,450,18.342191780821917,14.910410958904109,21.772328767123287,457.7,,60.74246575342466,95.15068493150685,,,,,,11,1,0,15,1,0.9972677595628415,0.9836065573770492,TRUE
C468O,Tenerife,2021,CITFAGRO_62_TRIGO,364,364,362,0,0,0,0,1,0.9945054945054945,0,0,0,0,450,17.70769230769231,14.522802197802198,20.896703296703297,386.2,,63.13186813186813,96.36538461538461,,,,,,7,0,0,12,2,0.9972602739726028,0.9917808219178083,TRUE
C468O,Tenerife,2022,CITFAGRO_62_TRIGO,364,364,361,0,0,0,0,1,0.9917582417582418,0,0,0,0,450,18.036263736263738,14.876923076923077,21.192857142857143,619.3,,61.88461538461539,95.77197802197803,,,,,,7,1,0,9,0,0.9972602739726028,0.989041095890411,TRUE
C468O,Tenerife,2023,CITFAGRO_62_TRIGO,365,364,363,0,0,0,0,0.9972602739726028,0.9945205479452055,0,0,0,0,450,19.063736263736264,15.675824175824175,22.455494505494507,472.7,,57.6958904109589,93.44657534246575,,,,,,26,5,0,27,3,0.9972602739726028,0.9945205479452055,TRUE
C468O,Tenerife,2024,CITFAGRO_62_TRIGO,365,365,361,0,0,0,0,1,0.989041095890411,0,0,0,0,450,18.696712328767124,15.470958904109589,21.923013698630136,303.9,,59.42191780821918,94.56986301369864,,,,,,9,0,0,8,0,0.9972677595628415,0.9863387978142076,TRUE
C468O,Tenerife,2025,CITFAGRO_62_TRIGO,365,363,358,0,0,0,0,0.9945205479452055,0.9808219178082191,0,0,0,0,450,17.9099173553719,14.896694214876034,20.919834710743803,584.6,,64.74104683195593,97.71625344352617,,,,,,8,3,0,12,1,0.9945205479452055,0.9808219178082191,TRUE
C611E,Gran Canaria,2015,VEGA DE SAN MATEO,355,337,334,301,353,0,0,0.9492957746478873,0.9408450704225352,0.847887323943662,0.9943661971830986,0,0,1702,12.88427299703264,8.650148367952522,17.121364985163204,408.1,56.24252491694352,34.967261904761905,75.33333333333333,3.0628895184135976,9.878869047619048,,,,8,0,0,8,0,0.9232876712328767,0.915068493150685,TRUE
C611E,Gran Canaria,2016,VEGA DE SAN MATEO,363,358,358,309,363,0,0,0.9862258953168044,0.9862258953168044,0.8512396694214877,1,0,0,1702,13.40195530726257,8.929888268156425,17.870111731843576,404.6,56.45307443365696,32.207282913165265,75.08683473389355,2.8595041322314048,9.460893854748603,,,,12,0,0,18,0,0.9781420765027322,0.9781420765027322,TRUE
C611E,Gran Canaria,2017,VEGA DE SAN MATEO,365,365,363,299,365,0,0,1,0.9945205479452055,0.8191780821917808,1,0,0,1702,14.536986301369863,10.053150684931508,19.026575342465755,375,50.09030100334448,27.876033057851238,68.93388429752066,2.963013698630137,9.84010989010989,,,,25,0,0,32,1,1,0.9945205479452055,TRUE
C611E,Gran Canaria,2018,VEGA DE SAN MATEO,358,357,357,317,358,0,0,0.9972067039106145,0.9972067039106145,0.8854748603351955,1,0,0,1702,12.584593837535014,8.267507002801121,16.896358543417367,894.8,58.65930599369085,35.97198879551821,77.96358543417367,2.861173184357542,9.757703081232494,,,,4,0,0,7,0,0.9780821917808219,0.9780821917808219,TRUE
C611E,Gran Canaria,2019,VEGA DE SAN MATEO,353,342,336,275,353,0,0,0.9688385269121813,0.9518413597733711,0.7790368271954674,1,0,0,1702,13.74561403508772,9.176315789473684,18.316666666666666,353,49.981818181818184,24.380116959064328,67.57309941520468,2.8541076487252126,9.631578947368421,,,,12,0,0,12,0,0.936986301369863,0.9205479452054794,TRUE
C611E,Gran Canaria,2020,VEGA DE SAN MATEO,362,355,355,300,361,0,0,0.9806629834254144,0.9806629834254144,0.8287292817679558,0.9972375690607734,0,0,1702,14.349577464788732,9.918028169014084,18.779718309859156,362.2,50.153333333333336,28.491525423728813,68.05084745762711,3.0099722991689752,9.967988668555241,,,,16,0,0,21,0,0.9699453551912568,0.9699453551912568,TRUE
C611E,Gran Canaria,2021,VEGA DE SAN MATEO,362,355,354,296,361,0,0,0.9806629834254144,0.9779005524861878,0.8176795580110497,0.9972375690607734,0,0,1702,13.685070422535212,9.01605633802817,18.349577464788734,435.6,53.652027027027025,29.22159090909091,72.49147727272727,2.8614958448753463,9.444915254237289,,,,16,0,0,21,0,0.9726027397260274,0.9698630136986301,TRUE
C611E,Gran Canaria,2022,VEGA DE SAN MATEO,365,363,362,317,365,0,0,0.9945205479452055,0.9917808219178083,0.8684931506849315,1,0,0,1702,14.151515151515152,9.58732782369146,18.711294765840222,698.6,52.37854889589905,30.305785123966942,71.61707988980716,2.908219178082192,9.668870523415977,,,,23,0,0,25,0,0.9945205479452055,0.9917808219178083,TRUE
C611E,Gran Canaria,2023,VEGA DE SAN MATEO,365,363,363,317,365,0,0,0.9945205479452055,0.9945205479452055,0.8684931506849315,1,0,0,1702,14.182920110192837,9.402203856749312,18.971349862258954,431.6,53.33123028391167,31.983425414364643,71.44903581267218,2.6720547945205477,9.074861878453039,,,,12,1,0,25,1,0.9945205479452055,0.9945205479452055,TRUE
C611E,Gran Canaria,2024,VEGA DE SAN MATEO,366,364,362,303,366,0,0,0.994535519125683,0.9890710382513661,0.8278688524590164,1,0,0,1702,14.924725274725274,10.01978021978022,19.828296703296704,269,48.504950495049506,26.115384615384617,68.6565934065934,2.9243169398907103,9.44945054945055,,,,13,0,0,30,1,0.994535519125683,0.9890710382513661,TRUE
C611E,Gran Canaria,2025,VEGA DE SAN MATEO,359,357,353,308,359,0,0,0.9944289693593314,0.9832869080779945,0.8579387186629527,1,0,0,1702,13.888235294117647,9.138655462184873,18.63893557422969,759.4,56.922077922077925,30.876750700280112,75.7703081232493,2.610863509749304,9.02436974789916,,,,18,0,0,32,0,0.9780821917808219,0.9671232876712329,TRUE
C619Y,Gran Canaria,2015,LA ALDEA DE SAN NICOLÁS,298,295,293,281,184,293,295,0.9899328859060402,0.9832214765100671,0.9429530201342282,0.6174496644295302,0.9832214765100671,0.9899328859060402,13,20.92135593220339,16.47491525423729,25.368135593220337,128.4,61.93238434163701,46.33453237410072,79.06474820143885,5.028260869565218,14.135714285714286,2745.3,1016.1691525423729,1019.4152542372881,57,0,0,21,1,0.8082191780821918,0.8027397260273973,TRUE
C619Y,Gran Canaria,2016,LA ALDEA DE SAN NICOLÁS,366,366,362,366,366,365,366,1,0.9890710382513661,1,1,0.9972677595628415,1,13,20.904371584699454,16.57650273224044,25.229508196721312,33.2,64.09562841530055,48.849726775956285,81.11475409836065,5.6530054644808745,15.932786885245902,3383.9,1015.7049180327868,1018.9784153005464,91,0,0,12,3,1,0.9890710382513661,TRUE
C619Y,Gran Canaria,2017,LA ALDEA DE SAN NICOLÁS,355,352,352,355,320,354,355,0.9915492957746479,0.9915492957746479,1,0.9014084507042254,0.9971830985915493,1,13,21.496306818181818,17.001988636363638,25.99375,87.60000000000001,61.859154929577464,46.97464788732395,79.44507042253521,5.119375,14.853666666666667,3292.9,1014.9518309859155,1018.249014084507,109,0,0,30,2,0.9643835616438357,0.9643835616438357,TRUE
C619Y,Gran Canaria,2018,LA ALDEA DE SAN NICOLÁS,365,365,363,365,362,364,365,1,0.9945205479452055,1,0.9917808219178083,0.9972602739726028,1,13,20.912602739726026,16.80712328767123,25.02,147.6,62.035616438356165,47.8,78.96986301369863,5.684530386740332,16.339944903581266,3400.7,1015.5312328767124,1018.7901369863014,87,0,0,12,0,1,0.9945205479452055,TRUE
C619Y,Gran Canaria,2019,LA ALDEA DE SAN NICOLÁS,362,362,358,361,347,360,362,1,0.988950276243094,0.9972375690607734,0.9585635359116023,0.994475138121547,1,13,21.094475138121545,16.73756906077348,25.452762430939227,43.2,60.717451523545705,46.27900552486188,77.38950276243094,5.782708933717579,15.95702005730659,3507.5,1015.6162983425414,1018.7779005524861,91,0,0,9,0,0.9917808219178083,0.9808219178082191,TRUE
C619Y,Gran Canaria,2020,LA ALDEA DE SAN NICOLÁS,363,363,355,363,354,361,363,1,0.977961432506887,1,0.9752066115702479,0.9944903581267218,1,13,21.814600550964187,17.451239669421486,26.17245179063361,65,60.752066115702476,45.78787878787879,77.55371900826447,5.755932203389831,15.686647727272728,3396,1015.2462809917355,1018.6338842975207,117,0,0,36,3,0.9918032786885246,0.9699453551912568,TRUE
C619Y,Gran Canaria,2021,LA ALDEA DE SAN NICOLÁS,365,363,362,365,365,361,365,0.9945205479452055,0.9917808219178083,1,1,0.989041095890411,1,13,21.28732782369146,16.960881542699724,25.60909090909091,51.4,62.07397260273972,47.4027397260274,78.44109589041096,5.64,16.573150684931505,3448.5,1015.0994520547945,1018.4641095890411,88,1,0,25,4,0.9945205479452055,0.9917808219178083,TRUE
C619Y,Gran Canaria,2022,LA ALDEA DE SAN NICOLÁS,365,363,360,364,352,365,365,0.9945205479452055,0.9863013698630136,0.9972602739726028,0.9643835616438357,1,1,13,21.80550964187328,17.44242424242424,26.16611570247934,226.6,62.31318681318681,46.23351648351648,80.97252747252747,5.6803977272727275,16.791477272727274,3410.7,1014.6890410958904,1018.1172602739726,117,0,0,25,3,0.9945205479452055,0.9863013698630136,TRUE
C619Y,Gran Canaria,2023,LA ALDEA DE SAN NICOLÁS,365,364,331,365,364,360,364,0.9972602739726028,0.9068493150684932,1,0.9972602739726028,0.9863013698630136,0.9972602739726028,13,22.356868131868133,17.553571428571427,27.163736263736265,61.8,60.06575342465754,43.82692307692308,78.85714285714286,5.365659340659341,16.06703296703297,3523.4,1014.8502747252747,1018.098076923077,129,3,0,63,9,0.9972602739726028,0.9068493150684932,TRUE
C619Y,Gran Canaria,2024,LA ALDEA DE SAN NICOLÁS,366,365,360,366,366,359,338,0.9972677595628415,0.9836065573770492,1,1,0.9808743169398907,0.9234972677595629,13,22.216986301369865,17.7413698630137,26.688219178082193,46.8,59.459016393442624,43.80327868852459,77.89617486338798,5.803551912568306,16.54153005464481,3452.1,1014.8097633136094,1018.1029585798816,119,0,0,28,3,0.9972677595628415,0.9836065573770492,TRUE
C619Y,Gran Canaria,2025,LA ALDEA DE SAN NICOLÁS,365,365,355,365,365,361,281,1,0.9726027397260274,1,1,0.989041095890411,0.7698630136986301,13,21.736712328767123,17.676712328767124,25.80301369863014,181.2,61.74246575342466,47.12328767123287,78.9013698630137,5.6876712328767125,15.561369863013699,3473,1014.9434163701068,1018.3056939501779,115,3,0,16,3,1,0.9726027397260274,TRUE
C649I,Gran Canaria,2015,GRAN CANARIA AEROPUERTO,365,341,365,354,363,363,358,0.9342465753424658,1,0.9698630136986301,0.9945205479452055,0.9945205479452055,0.9808219178082191,24,21.845454545454544,18.92991202346041,24.75659824046921,162.8,64.03389830508475,49.50969529085872,79.57894736842105,7.942699724517906,14.462849162011173,2910.1,1012.972625698324,1016.2268156424581,130,3,0,12,0,0.9342465753424658,1,TRUE
C649I,Gran Canaria,2016,GRAN CANARIA AEROPUERTO,366,354,366,360,360,240,360,0.9672131147540983,1,0.9836065573770492,0.9836065573770492,0.6557377049180327,0.9836065573770492,24,21.915819209039547,18.93728813559322,24.89406779661017,139.5,65.33611111111111,51.21666666666667,80.42777777777778,7.684166666666667,14.390730337078653,1960.7,1012.2725,1015.6238888888889,136,4,0,22,1,0.9672131147540983,1,TRUE
C649I,Gran Canaria,2017,GRAN CANARIA AEROPUERTO,365,359,365,364,362,44,362,0.9835616438356164,1,0.9972602739726028,0.9917808219178083,0.12054794520547946,0.9917808219178083,24,21.813370473537603,18.749303621169915,24.874094707520893,58.6,62.32967032967033,46.67307692307692,79.48493150684932,6.35,13.275833333333333,326.4,1011.3632596685082,1014.7323204419889,138,1,0,16,3,0.9835616438356164,1,TRUE
C649I,Gran Canaria,2018,GRAN CANARIA AEROPUERTO,365,353,365,357,364,358,357,0.9671232876712329,1,0.9780821917808219,0.9972602739726028,0.9808219178082191,0.9780821917808219,24,20.852124645892353,17.8643059490085,23.839660056657223,157.6,64.91036414565826,50.06442577030813,81.4873949579832,6.707967032967033,14.077624309392265,2817.4,1011.7406162464986,1015.0649859943977,104,0,0,6,0,0.9671232876712329,1,TRUE
C649I,Gran Canaria,2019,GRAN CANARIA AEROPUERTO,365,350,365,352,362,138,354,0.958904109589041,1,0.9643835616438357,0.9917808219178083,0.3780821917808219,0.9698630136986301,24,21.237142857142857,18.22142857142857,24.259428571428572,77.6,62.92613636363637,47.83661971830986,79.34366197183098,6.936187845303867,13.849166666666667,1207.9,1011.9420903954802,1015.1709039548023,124,0,0,8,0,0.958904109589041,1,TRUE
C649I,Gran Canaria,2020,GRAN CANARIA AEROPUERTO,366,362,366,358,365,270,362,0.9890710382513661,1,0.9781420765027322,0.9972677595628415,0.7377049180327869,0.9890710382513661,24,21.77596685082873,18.68950276243094,24.863812154696134,63.3,62.899441340782126,47.25139664804469,80.50837988826815,6.811506849315069,13.45193370165746,2405.6,1011.7093922651934,1015.1577348066298,145,4,0,20,3,0.9890710382513661,1,TRUE
C649I,Gran Canaria,2021,GRAN CANARIA AEROPUERTO,365,345,365,352,364,354,352,0.9452054794520548,1,0.9643835616438357,0.9972602739726028,0.9698630136986301,0.9643835616438357,24,21.40608695652174,18.41391304347826,24.394202898550724,56.699999999999996,64.23579545454545,49.574285714285715,80.23714285714286,8.412637362637362,14.794198895027625,3127.2,1011.4389204545455,1014.775284090909,117,3,0,12,2,0.9452054794520548,1,TRUE
C649I,Gran Canaria,2022,GRAN CANARIA AEROPUERTO,365,361,365,364,365,361,364,0.989041095890411,1,0.9972602739726028,1,0.989041095890411,0.9972602739726028,24,21.71191135734072,18.631301939058172,24.800831024930748,207.4,64.3489010989011,48.88493150684931,81.25479452054795,8.34849315068493,14.780609418282548,3246.7,1010.9543956043956,1014.3428571428572,128,1,0,17,1,0.989041095890411,1,TRUE
C649I,Gran Canaria,2023,GRAN CANARIA AEROPUERTO,365,354,365,359,361,355,361,0.9698630136986301,1,0.9835616438356164,0.989041095890411,0.9726027397260274,0.989041095890411,24,22.718079096045198,19.496892655367233,25.939265536723163,111.4,63.37883008356546,47.14088397790055,80.27900552486187,7.675069252077562,13.947619047619048,3209.9,1011.4030470914128,1014.692243767313,159,13,0,38,1,0.9698630136986301,1,TRUE
C649I,Gran Canaria,2024,GRAN CANARIA AEROPUERTO,366,356,366,365,366,351,365,0.9726775956284153,1,0.9972677595628415,1,0.9590163934426229,0.9972677595628415,24,22.65393258426966,19.413202247191013,25.89831460674157,84,63.78356164383562,47.42307692307692,81.61813186813187,8.197540983606558,14.52912087912088,3181.6,1011.1290410958904,1014.4731506849315,150,0,0,12,0,0.9726775956284153,1,TRUE
C649I,Gran Canaria,2025,GRAN CANARIA AEROPUERTO,365,347,365,351,364,339,362,0.9506849315068493,1,0.9616438356164384,0.9972602739726028,0.9287671232876712,0.9917808219178083,24,22.111239193083573,18.975792507204613,25.25100864553314,162.7,64.47578347578347,49.772222222222226,81.3,8.291483516483517,14.926123595505619,3009.5,1011.4113259668509,1014.7295580110497,138,5,0,15,4,0.9506849315068493,1,TRUE
C659M,Gran Canaria,2015,"LAS PALMAS DE GRAN CANARIA, PL. DE LA FERIA",353,343,334,352,352,0,343,0.9716713881019831,0.9461756373937678,0.9971671388101983,0.9971671388101983,0,0.9716713881019831,15,21.634402332361518,19.560932944606414,23.708746355685133,183.6,80.02272727272727,72.20991253644316,88.34110787172011,2.3548295454545456,8.18953488372093,,1010.6769679300292,1013.8594752186589,151,3,0,8,0,0.9397260273972603,0.915068493150685,TRUE
C659M,Gran Canaria,2016,"LAS PALMAS DE GRAN CANARIA, PL. DE LA FERIA",343,335,336,339,339,0,338,0.9766763848396501,0.9795918367346939,0.9883381924198251,0.9883381924198251,0,0.9854227405247813,15,21.236716417910447,19.28686567164179,23.18089552238806,155.1,65.56637168141593,58.40236686390533,72.74852071005917,2.4460176991150444,8.035798816568047,,1010.0292899408284,1013.2834319526627,135,0,0,1,0,0.9153005464480874,0.9180327868852459,TRUE
C659M,Gran Canaria,2017,"LAS PALMAS DE GRAN CANARIA, PL. DE LA FERIA",358,347,348,354,355,0,350,0.9692737430167597,0.9720670391061452,0.9888268156424581,0.9916201117318436,0,0.9776536312849162,15,21.772046109510086,19.70806916426513,23.837463976945244,92.5,70.2909604519774,61.488571428571426,78.60571428571428,2.3250704225352115,8.131623931623931,,1008.848,1012.1468571428571,190,0,0,8,0,0.9506849315068493,0.9534246575342465,TRUE
C659M,Gran Canaria,2018,"LAS PALMAS DE GRAN CANARIA, PL. DE LA FERIA",365,365,362,365,365,0,365,1,0.9917808219178083,1,1,0,1,15,20.85890410958904,18.85835616438356,22.85698630136986,238.5,71.21643835616439,63.12054794520548,77.13698630136986,2.313150684931507,8.181369863013698,,1014.2134246575342,1017.4605479452055,125,0,0,0,0,1,0.9917808219178083,TRUE
C659M,Gran Canaria,2019,"LAS PALMAS DE GRAN CANARIA, PL. DE LA FERIA",361,351,355,355,361,0,359,0.9722991689750693,0.9833795013850416,0.9833795013850416,1,0,0.9944598337950139,15,21.296296296296298,19.2002849002849,23.385185185185186,142.3,69.24225352112676,60.55492957746479,77.21408450704226,2.3814404432132963,8.063788300835654,,1015.1259052924792,1018.225069637883,143,0,0,0,0,0.9616438356164384,0.9726027397260274,TRUE
C659M,Gran Canaria,2020,"LAS PALMAS DE GRAN CANARIA, PL. DE LA FERIA",361,316,355,320,360,0,357,0.8753462603878116,0.9833795013850416,0.8864265927977839,0.997229916897507,0,0.9889196675900277,15,21.62405063291139,19.44367088607595,23.801898734177215,166.6,71.86875,60.11585365853659,85.41158536585365,2.250277777777778,7.344413407821229,,1015.0602240896359,1018.4635854341736,133,0,0,1,0,0.8633879781420765,0.9699453551912568,TRUE
C659M,Gran Canaria,2021,"LAS PALMAS DE GRAN CANARIA, PL. DE LA FERIA",359,355,352,357,359,0,357,0.9888579387186629,0.9805013927576601,0.9944289693593314,1,0,0.9944289693593314,15,21.333239436619717,19.293521126760563,23.377183098591548,137.7,74.72829131652661,64.46498599439776,85.69187675070027,2.1565459610027853,7.292200557103064,,1014.8058823529411,1018.0890756302521,142,0,0,0,0,0.9726027397260274,0.9643835616438357,TRUE
C659M,Gran Canaria,2022,"LAS PALMAS DE GRAN CANARIA, PL. DE LA FERIA",365,365,361,365,365,0,365,1,0.989041095890411,1,1,0,1,15,21.686027397260276,19.65945205479452,23.71945205479452,216.9,68.93150684931507,57.23561643835617,80.92602739726027,2.226301369863014,7.644109589041096,,1014.3339726027398,1017.6441095890411,187,0,0,1,0,1,0.989041095890411,TRUE
C659M,Gran Canaria,2023,"LAS PALMAS DE GRAN CANARIA, PL. DE LA FERIA",365,327,362,330,365,0,364,0.8958904109589041,0.9917808219178083,0.9041095890410958,1,0,0.9972602739726028,15,22.28868501529052,20.13302752293578,24.445871559633026,91.1,67.19090909090909,55.895604395604394,79.42582417582418,2.0635616438356164,7.165479452054795,,1014.6472527472528,1017.8826923076923,159,9,0,12,0,0.8958904109589041,0.9917808219178083,TRUE
C659M,Gran Canaria,2024,"LAS PALMAS DE GRAN CANARIA, PL. DE LA FERIA",365,363,359,364,365,0,363,0.9945205479452055,0.9835616438356164,0.9972602739726028,1,0,0.9945205479452055,15,22.097520661157024,20.011570247933886,24.185399449035813,66.4,71.05494505494505,58.65564738292011,84.23140495867769,1.9158904109589041,7.358953168044077,,1014.4170798898072,1017.6898071625344,181,0,0,2,0,0.9918032786885246,0.9808743169398907,TRUE
C659M,Gran Canaria,2025,"LAS PALMAS DE GRAN CANARIA, PL. DE LA FERIA",362,294,359,296,362,0,362,0.8121546961325967,0.9917127071823204,0.8176795580110497,1,0,1,15,21.90578231292517,19.89591836734694,23.920408163265307,147.7,67.82432432432432,55.86703601108033,79.73407202216066,1.7671270718232044,7.410497237569061,,1014.8069060773481,1018.088950276243,161,1,0,4,1,0.8054794520547945,0.9835616438356164,TRUE
C689E,Gran Canaria,2015,MASPALOMAS,356,346,344,351,352,0,0,0.9719101123595506,0.9662921348314607,0.9859550561797753,0.9887640449438202,0,0,6,21.06994219653179,17.758092485549135,24.376878612716762,56.3,64.72364672364672,51.152737752161386,75.58789625360231,3.4,9.86867816091954,,,,92,0,0,14,2,0.947945205479452,0.9424657534246575,TRUE
C689E,Gran Canaria,2016,MASPALOMAS,337,325,320,335,336,0,0,0.9643916913946587,0.9495548961424333,0.9940652818991098,0.9970326409495549,0,0,6,21.068,17.770153846153846,24.36123076923077,66.60000000000001,70.51044776119403,56.836363636363636,83.33939393939394,3.2342261904761904,9.605389221556885,,,,78,0,0,8,1,0.8879781420765027,0.8743169398907104,TRUE
C689E,Gran Canaria,2017,MASPALOMAS,344,331,328,342,344,0,0,0.9622093023255814,0.9534883720930233,0.9941860465116279,1,0,0,6,21.360422960725074,18.15226586102719,24.565558912386706,33.9,65.82163742690058,52.15727002967359,79.98219584569733,3.186627906976744,9.409763313609467,,,,104,0,0,9,1,0.9068493150684932,0.8986301369863013,TRUE
C689E,Gran Canaria,2018,MASPALOMAS,363,361,358,363,363,0,0,0.9944903581267218,0.9862258953168044,1,1,0,0,6,20.60470914127424,17.40692520775623,23.801662049861495,60.2,71.11845730027548,57.390581717451525,83.13296398891967,2.9545454545454546,9.716022099447514,,,,69,0,0,3,0,0.989041095890411,0.9808219178082191,TRUE
C839X,La Graciosa,2015,LA GRACIOSA,304,303,300,251,149,301,303,0.9967105263157895,0.9868421052631579,0.8256578947368421,0.4901315789473684,0.9901315789473685,0.9967105263157895,19,20.914851485148514,17.706930693069307,24.12013201320132,83.8,66.56175298804781,51.65182186234818,84.75303643724696,11.00738255033557,21.849668874172185,2101.4,1015.5633663366336,1018.6874587458746,85,0,0,9,0,0.8301369863013699,0.821917808219178,TRUE
C839X,La Graciosa,2016,LA GRACIOSA,366,366,363,366,215,366,366,1,0.9918032786885246,1,0.587431693989071,1,1,19,20.850273224043715,17.78087431693989,23.917213114754098,115.2,69.24590163934427,55.540983606557376,85.22950819672131,5.751627906976744,11.516279069767442,2405.4,1015.1409836065574,1018.2923497267759,93,0,0,3,0,1,0.9918032786885246,TRUE
C839X,La Graciosa,2017,LA GRACIOSA,359,347,356,348,359,359,358,0.9665738161559888,0.9916434540389972,0.9693593314763231,1,1,0.9972144846796658,19,21.41757925072046,18.18904899135447,24.6492795389049,50.8,67.22988505747126,53.12068965517241,83.95114942528735,5.828412256267409,11.78072625698324,2530.2,1014.3329608938548,1017.5840782122905,118,1,0,13,2,0.9506849315068493,0.9753424657534246,TRUE
C839X,La Graciosa,2018,LA GRACIOSA,355,351,351,351,355,351,354,0.9887323943661972,0.9887323943661972,0.9887323943661972,1,0.9887323943661972,0.9971830985915493,19,20.485470085470087,17.543589743589745,23.42222222222222,135.2,69.62393162393163,56.21937321937322,86.01994301994301,5.790985915492958,11.511331444759207,2276.9,1014.6214689265537,1017.7562146892656,91,0,0,1,0,0.9616438356164384,0.9616438356164384,TRUE
C839X,La Graciosa,2019,LA GRACIOSA,365,365,362,365,307,363,365,1,0.9917808219178083,1,0.8410958904109589,0.9945205479452055,1,19,20.845479452054793,17.745479452054795,23.944657534246577,43.6,68.5068493150685,54.61643835616438,85.53424657534246,6.18599348534202,11.680514705882352,2477.8,1014.9805479452054,1018.0586301369863,95,0,0,2,0,1,0.9917808219178083,TRUE
C839X,La Graciosa,2020,LA GRACIOSA,366,366,364,360,138,366,366,1,0.994535519125683,0.9836065573770492,0.3770491803278688,1,1,19,21.324043715846994,18.127322404371586,24.51584699453552,67.4,69.75277777777778,54.779661016949156,89.50847457627118,5.765217391304348,11.478481012658229,2602.1,1014.8188524590164,1018.1737704918032,119,0,0,6,0,1,0.994535519125683,TRUE
C839X,La Graciosa,2021,LA GRACIOSA,352,350,346,339,240,348,351,0.9943181818181818,0.9829545454545454,0.9630681818181818,0.6818181818181818,0.9886363636363636,0.9971590909090909,19,20.81085714285714,17.789142857142856,23.833142857142857,64.2,69.67846607669617,55.76470588235294,86.50154798761609,5.975833333333333,11.747196261682243,2367.3,1014.545868945869,1017.723076923077,87,0,0,2,0,0.958904109589041,0.947945205479452,TRUE
C839X,La Graciosa,2022,LA GRACIOSA,365,327,360,327,239,358,365,0.8958904109589041,0.9863013698630136,0.8958904109589041,0.6547945205479452,0.9808219178082191,1,19,21.21896024464832,18.186850152905198,24.251376146788992,128,67.6697247706422,53.42465753424658,83.92602739726027,5.772384937238494,11.575,2529.9,1014.0890410958904,1017.3517808219178,96,0,0,9,0,0.8958904109589041,0.9863013698630136,TRUE
C839X,La Graciosa,2023,LA GRACIOSA,303,303,292,303,303,302,303,1,0.9636963696369637,1,1,0.9966996699669967,1,19,22.22970297029703,19.004620462046205,25.455775577557755,23.6,67.37953795379538,53.53465346534654,84.11551155115511,5.687128712871287,11.637623762376238,2225.9,1014.7501650165017,1017.8712871287129,142,1,0,16,7,0.8301369863013699,0.8,TRUE
C839X,La Graciosa,2024,LA GRACIOSA,363,363,360,363,363,360,362,1,0.9917355371900827,1,1,0.9917355371900827,0.9972451790633609,19,21.753168044077135,18.628650137741047,24.875482093663912,27.2,66.63085399449035,52.696969696969695,84.01101928374656,5.934710743801653,12.17961432506887,2441.7,1014.2718232044199,1017.4378453038674,110,0,0,9,0,0.9918032786885246,0.9836065573770492,TRUE
C839X,La Graciosa,2025,LA GRACIOSA,359,359,354,357,358,355,359,1,0.9860724233983287,0.9944289693593314,0.9972144846796658,0.9888579387186629,1,19,21.22924791086351,18.30891364902507,24.147353760445682,127.4,68.78991596638656,55.8235294117647,84.05602240896359,5.787150837988827,11.06740947075209,2343.2,1014.4885793871866,1017.6869080779944,115,0,0,6,2,0.9835616438356164,0.9698630136986301,TRUE
C916Q,El Hierro,2015,"EL PINAR, DEPÓSITO",365,365,364,364,364,0,0,1,0.9972602739726028,0.9972602739726028,0.9972602739726028,0,0,948,15.894246575342466,11.756164383561643,20.03287671232877,280.1,65.1978021978022,46.326027397260276,83.74246575342465,2.0763736263736265,9.272802197802198,,,,26,1,0,27,0,1,0.9972602739726028,TRUE
C916Q,El Hierro,2016,"EL PINAR, DEPÓSITO",366,342,366,357,362,0,0,0.9344262295081968,1,0.9754098360655737,0.9890710382513661,0,0,948,15.663157894736843,11.373391812865497,19.957894736842107,479.4,64.20448179271709,45.74486803519061,84.52199413489735,2.1035911602209945,9.285632183908046,,,,19,1,0,27,3,0.9344262295081968,1,TRUE
C916Q,El Hierro,2017,"EL PINAR, DEPÓSITO",365,365,365,362,365,0,0,1,1,0.9917808219178083,1,0,0,948,16.567123287671233,12.237260273972602,20.895342465753426,296.9,62.549723756906076,43.38630136986301,80.83287671232877,2.0361643835616436,8.919178082191781,,,,33,6,0,44,7,1,1,TRUE
C916Q,El Hierro,2018,"EL PINAR, DEPÓSITO",365,365,365,365,365,0,0,1,1,1,1,0,0,948,15.246849315068493,11.145205479452056,19.345479452054793,458,66.73698630136987,47.553424657534244,85.0931506849315,2.296986301369863,9.658904109589042,,,,14,3,0,16,1,1,1,TRUE
C916Q,El Hierro,2019,"EL PINAR, DEPÓSITO",365,365,365,362,365,0,0,1,1,0.9917808219178083,1,0,0,948,15.957260273972603,11.650684931506849,20.265479452054795,264.6,60.83977900552486,41.09065934065934,80.61538461538461,2.1263013698630138,9.130958904109589,,,,19,2,0,21,4,1,1,TRUE
C916Q,El Hierro,2020,"EL PINAR, DEPÓSITO",366,366,366,363,366,0,0,1,1,0.9918032786885246,1,0,0,948,17.19207650273224,13.04535519125683,21.347814207650273,522.4,56.917355371900825,39.104109589041094,76.0986301369863,2.2133879781420767,9.473150684931507,,,,42,8,0,50,10,1,1,TRUE
C916Q,El Hierro,2021,"EL PINAR, DEPÓSITO",365,364,364,363,364,0,0,0.9972602739726028,0.9972602739726028,0.9945205479452055,0.9972602739726028,0,0,948,16.201648351648352,11.973901098901099,20.42967032967033,369.2,63.47382920110193,45.667582417582416,81.19505494505495,2.220879120879121,9.388736263736265,,,,33,4,0,39,7,0.9972602739726028,0.9972602739726028,TRUE
C916Q,El Hierro,2022,"EL PINAR, DEPÓSITO",365,356,365,354,357,0,0,0.9753424657534246,1,0.9698630136986301,0.9780821917808219,0,0,948,16.302247191011237,12.117415730337079,20.492134831460675,718.6,63.621468926553675,44.57102272727273,81.04261363636364,2.276750700280112,9.304802259887005,,,,23,8,0,24,7,0.9753424657534246,1,TRUE
C916Q,El Hierro,2023,"EL PINAR, DEPÓSITO",365,365,365,364,365,0,0,1,1,0.9972602739726028,1,0,0,948,17.38328767123288,12.934246575342465,21.84,323.4,59.282967032967036,42.054794520547944,77.5013698630137,2.1605479452054794,9.078630136986302,,,,38,8,2,44,11,1,1,TRUE
C916Q,El Hierro,2024,"EL PINAR, DEPÓSITO",366,366,366,361,366,0,0,1,1,0.9863387978142076,1,0,0,948,17.34344262295082,12.948087431693988,21.738524590163934,228.4,56.46814404432133,37.314207650273225,77.76229508196721,2.2989071038251367,9.31120218579235,,,,33,2,0,37,1,1,1,TRUE
C916Q,El Hierro,2025,"EL PINAR, DEPÓSITO",365,365,365,365,365,0,0,1,1,1,1,0,0,948,16.145205479452056,11.858356164383562,20.433972602739725,495.8,66.43287671232876,47.106849315068494,84.15890410958905,2.2046575342465755,9.33041095890411,,,,26,4,0,36,8,1,1,TRUE
C917E,El Hierro,2015,"EL PINAR, LA DEHESA",365,364,358,365,365,0,0,0.9972602739726028,0.9808219178082191,1,1,0,0,713,17.802747252747253,14.159065934065934,21.448351648351647,218.8,67.71232876712328,49.26373626373626,86.74175824175825,5.047671232876712,14.742382271468143,,,,26,10,0,32,3,0.9972602739726028,0.9808219178082191,TRUE
C917E,El Hierro,2016,"EL PINAR, LA DEHESA",366,365,291,362,362,0,0,0.9972677595628415,0.7950819672131147,0.9890710382513661,0.9890710382513661,0,0,713,17.88191780821918,14.178904109589041,21.583013698630136,59.2,67.79281767955801,48.05865921787709,86.74022346368714,4.937292817679558,15.053977272727273,,,,28,13,0,39,10,0.9972677595628415,0.7950819672131147,TRUE
C917E,El Hierro,2017,"EL PINAR, LA DEHESA",365,362,293,314,365,0,0,0.9917808219178083,0.8027397260273973,0.8602739726027397,1,0,0,713,18.60718232044199,14.856353591160222,22.36049723756906,193.4,66.56687898089172,41.8046875,84.33203125,4.664383561643835,14.187988826815642,,,,44,12,0,42,12,0.9917808219178083,0.8027397260273973,TRUE
C917E,El Hierro,2018,"EL PINAR, LA DEHESA",365,365,365,364,362,0,0,1,1,0.9972602739726028,0.9917808219178083,0,0,713,16.86958904109589,13.366849315068492,20.37041095890411,311.4,72.79395604395604,52.011049723756905,89.91988950276243,5.215193370165746,15.616388888888888,,,,16,3,0,16,1,1,1,TRUE
C917E,El Hierro,2019,"EL PINAR, LA DEHESA",365,363,365,361,361,0,0,0.9945205479452055,1,0.989041095890411,0.989041095890411,0,0,713,17.58595041322314,13.824242424242424,21.35289256198347,241.4,63.88642659279778,44.38055555555555,82.875,4.971468144044321,15.122662889518413,,,,24,7,0,23,5,0.9945205479452055,1,TRUE
C917E,El Hierro,2020,"EL PINAR, LA DEHESA",313,313,313,313,313,0,0,1,1,1,1,0,0,713,18.64185303514377,14.638338658146965,22.642811501597443,262.2,58.61341853035144,39.50320512820513,78.71474358974359,4.89552715654952,14.756410256410257,,,,36,14,2,38,9,0.855191256830601,0.855191256830601,TRUE
C917E,El Hierro,2021,"EL PINAR, LA DEHESA",365,365,365,364,364,0,0,1,1,0.9972602739726028,0.9972602739726028,0,0,713,17.726027397260275,14.058082191780821,21.38986301369863,207.6,66.93956043956044,48.56509695290859,85.18282548476455,4.8478021978021975,14.591160220994475,,,,38,10,2,36,12,1,1,TRUE
C917E,El Hierro,2022,"EL PINAR, LA DEHESA",365,365,365,362,363,0,0,1,1,0.9917808219178083,0.9945205479452055,0,0,713,18.005753424657534,14.451232876712329,21.562465753424657,481.8,66.41436464088397,46.275,84.4888888888889,4.819283746556474,14.812777777777777,,,,32,13,1,28,9,1,1,TRUE
C917E,El Hierro,2024,"EL PINAR, LA DEHESA",366,353,266,350,363,0,0,0.9644808743169399,0.726775956284153,0.9562841530054644,0.9918032786885246,0,0,713,18.443909348441927,14.950424929178471,21.93240223463687,114.8,64.56571428571428,44.42458100558659,82.8567415730337,4.94435261707989,15.052617079889806,,,,29,4,0,29,3,0.9644808743169399,0.726775956284153,TRUE
C917E,El Hierro,2025,"EL PINAR, LA DEHESA",365,360,365,359,359,0,0,0.9863013698630136,1,0.9835616438356164,0.9835616438356164,0,0,713,17.158333333333335,13.924722222222222,20.524383561643834,325.8,73.27576601671309,54.775342465753425,88.51388888888889,4.915041782729805,14.700278551532033,,,,20,10,0,34,8,0.9863013698630136,1,TRUE
C919K,El Hierro,2015,TACORON-LAPILLAS-TORTUGA,365,364,355,364,363,0,0,0.9972602739726028,0.9726027397260274,0.9972602739726028,0.9945205479452055,0,0,98,21.886263736263736,18.46181318681319,25.314285714285713,79.2,62.565934065934066,49.167582417582416,77.91758241758242,3.3550964187327823,10.37685950413223,,,,134,4,0,24,2,0.9972602739726028,0.9726027397260274,TRUE
C919K,El Hierro,2016,TACORON-LAPILLAS-TORTUGA,366,354,366,355,351,0,0,0.9672131147540983,1,0.9699453551912568,0.9590163934426229,0,0,98,21.76638418079096,18.32175141242938,25.20960451977401,148.1,64.49577464788733,51.198300283286116,79.53257790368272,3.162108262108262,9.904273504273505,,,,102,0,0,11,2,0.9672131147540983,1,TRUE
C919K,El Hierro,2018,TACORON-LAPILLAS-TORTUGA,365,365,335,365,363,0,0,1,0.9178082191780822,1,0.9945205479452055,0,0,98,21.451780821917808,17.984109589041097,24.924657534246574,48.2,63.2,50.94505494505494,78.34615384615384,3.2297520661157026,10.453038674033149,,,,78,0,0,6,1,1,0.9178082191780822,TRUE
C919K,El Hierro,2019,TACORON-LAPILLAS-TORTUGA,365,354,365,358,358,0,0,0.9698630136986301,1,0.9808219178082191,0.9808219178082191,0,0,98,21.70734463276836,18.26497175141243,25.150282485875707,34,62.75698324022346,50.44192634560906,77.69971671388102,3.189944134078212,9.754084507042254,,,,99,0,0,8,0,0.9698630136986301,1,TRUE
C919K,El Hierro,2020,TACORON-LAPILLAS-TORTUGA,366,333,322,331,362,0,0,0.9098360655737705,0.8797814207650273,0.9043715846994536,0.9890710382513661,0,0,98,22.185285285285286,18.823723723723724,25.54954954954955,64,63.09365558912387,49.50764525993884,78.11926605504587,3.3544198895027626,10.143016759776536,,,,130,1,0,14,3,0.9098360655737705,0.8797814207650273,TRUE
C919K,El Hierro,2021,TACORON-LAPILLAS-TORTUGA,348,348,347,348,348,0,0,1,0.9971264367816092,1,1,0,0,98,21.676436781609194,18.516666666666666,24.833045977011494,53.8,63.58620689655172,50.62099125364431,77.23032069970846,3.2307471264367815,9.877777777777778,,,,101,1,0,11,2,0.9534246575342465,0.9506849315068493,TRUE
C919K,El Hierro,2022,TACORON-LAPILLAS-TORTUGA,365,363,365,363,363,0,0,0.9945205479452055,1,0.9945205479452055,0.9945205479452055,0,0,98,21.996969696969696,18.826997245179065,25.170798898071624,163,63.63085399449036,50.07713498622589,78.32782369146005,3.274931129476584,9.855922865013774,,,,119,1,0,14,2,0.9945205479452055,1,TRUE
C919K,El Hierro,2023,TACORON-LAPILLAS-TORTUGA,365,365,365,365,365,0,0,1,1,1,1,0,0,98,23.162191780821917,19.897260273972602,26.431506849315067,54.4,58.794520547945204,44.530386740331494,75.72099447513813,3.3424657534246576,10.034986225895317,,,,189,14,2,41,18,1,1,TRUE
C919K,El Hierro,2025,TACORON-LAPILLAS-TORTUGA,365,364,365,365,365,0,0,0.9972602739726028,1,1,1,0,0,98,21.77664835164835,18.885753424657533,24.667582417582416,86.8,64.0986301369863,51.42857142857143,78.7972602739726,3.21972602739726,9.784383561643835,,,,133,2,0,11,0,0.9972602739726028,1,TRUE
C925F,El Hierro,2015,"SAN ANDRÉS, VALVERDE",365,348,365,362,364,0,0,0.9534246575342465,1,0.9917808219178083,0.9972602739726028,0,0,1070,14.552011494252874,10.624137931034483,18.481896551724137,503.7,73.86740331491713,53.9164265129683,90.13256484149856,4.184340659340659,10.880726256983241,,,,9,0,0,18,0,0.9534246575342465,1,TRUE
C925F,El Hierro,2016,"SAN ANDRÉS, VALVERDE",366,366,366,365,366,0,0,1,1,0.9972677595628415,1,0,0,1070,14.402185792349727,10.388524590163934,18.415300546448087,529.2,74.58082191780822,54.98082191780822,91.35616438356165,4.282513661202186,11.12377049180328,,,,15,1,0,26,4,1,1,TRUE
C925F,El Hierro,2017,"SAN ANDRÉS, VALVERDE",365,365,365,361,365,0,0,1,1,0.989041095890411,1,0,0,1070,15.12931506849315,11.134520547945206,19.124383561643835,338.8,71.77285318559557,53.22527472527472,87.6510989010989,4.199178082191781,10.912328767123288,,,,24,0,0,35,3,1,1,TRUE
C925F,El Hierro,2018,"SAN ANDRÉS, VALVERDE",365,365,365,365,364,0,0,1,1,1,0.9972602739726028,0,0,1070,13.471780821917807,9.86109589041096,17.08109589041096,584.8,80.52054794520548,60.09041095890411,93.98904109589041,4.634340659340659,11.711263736263737,,,,7,0,0,13,0,1,1,TRUE
C925F,El Hierro,2021,"SAN ANDRÉS, VALVERDE",365,365,365,362,365,0,0,1,1,0.9917808219178083,1,0,0,1070,14.572328767123288,10.62931506849315,18.515068493150686,432.6,73.41988950276243,54.00824175824176,90.13461538461539,3.838082191780822,10.488980716253444,,,,14,2,0,27,4,1,1,TRUE
C925F,El Hierro,2022,"SAN ANDRÉS, VALVERDE",365,365,365,362,365,0,0,1,1,0.9917808219178083,1,0,0,1070,14.77068493150685,10.838630136986302,18.70876712328767,840.8,70.97513812154696,51.370165745856355,88.9171270718232,3.8854794520547946,10.623287671232877,,,,20,1,0,24,0,1,1,TRUE
C925F,El Hierro,2023,"SAN ANDRÉS, VALVERDE",365,364,365,353,365,0,0,0.9972602739726028,1,0.9671232876712329,1,0,0,1070,15.702747252747253,11.36565934065934,20.04368131868132,478.6,68.96600566572238,49.05307262569833,85.49162011173185,3.705753424657534,10.115342465753425,,,,16,3,0,29,7,0.9972602739726028,1,TRUE
C925F,El Hierro,2024,"SAN ANDRÉS, VALVERDE",366,365,366,366,366,0,0,0.9972677595628415,1,1,1,0,0,1070,15.450958904109589,11.376502732240438,19.53095890410959,253,70.19125683060109,49.478142076502735,89.06284153005464,4.258196721311475,10.923224043715846,,,,9,0,0,20,0,0.9972677595628415,1,TRUE
C925F,El Hierro,2025,"SAN ANDRÉS, VALVERDE",365,351,365,340,365,0,0,0.9616438356164384,1,0.9315068493150684,1,0,0,1070,14.048148148148147,10.293732193732193,17.809686609686608,665.8,81.72941176470589,62.88790560471976,95.11504424778761,4.090958904109589,10.88082191780822,,,,12,0,0,19,1,0.9616438356164384,1,TRUE
C929I,El Hierro,2015,HIERRO AEROPUERTO,365,364,365,363,360,365,363,0.9972602739726028,1,0.9945205479452055,0.9863013698630136,1,0.9945205479452055,32,21.722252747252746,19.80824175824176,23.639835164835166,140.3,69.47107438016529,57.645604395604394,80.47527472527473,6.593333333333334,13.070247933884298,2688.6,1015.2482093663912,1018.4030303030303,173,3,0,2,0,0.9972602739726028,1,TRUE
C929I,El Hierro,2016,HIERRO AEROPUERTO,366,365,366,366,364,364,366,0.9972677595628415,1,1,0.994535519125683,0.994535519125683,1,32,21.792328767123287,19.924383561643836,23.657808219178083,148.7,72.20765027322405,61.37396121883656,82.39335180055402,6.681593406593406,13.180662983425414,2709.9,1014.6139344262295,1017.7879781420766,164,0,0,0,0,0.9972677595628415,1,TRUE
C929I,El Hierro,2017,HIERRO AEROPUERTO,365,365,365,362,364,364,360,1,1,0.9917808219178083,0.9972602739726028,0.9972602739726028,0.9863013698630136,32,21.963561643835618,20.076438356164385,23.852054794520548,95.1,71.76519337016575,62.333333333333336,81.06666666666666,6.3961538461538465,12.844077134986225,2673,1013.745,1016.9686111111112,191,0,0,3,0,1,1,TRUE
C929I,El Hierro,2018,HIERRO AEROPUERTO,365,365,365,361,362,365,364,1,1,0.989041095890411,0.9917808219178083,1,0.9972602739726028,32,21.070958904109588,19.186849315068493,22.956164383561642,177.2,72.01662049861496,61.01652892561984,82.44628099173553,6.72292817679558,13.336438356164384,2729.4,1014.3782967032967,1017.5629120879121,133,0,0,0,0,1,1,TRUE
C929I,El Hierro,2019,HIERRO AEROPUERTO,365,363,365,356,360,364,357,0.9945205479452055,1,0.9753424657534246,0.9863013698630136,0.9972602739726028,0.9780821917808219,32,21.38925619834711,19.493388429752066,23.287603305785122,84.3,70.82584269662921,60.06741573033708,81.23595505617978,6.685555555555555,12.893646408839778,2783.3,1014.4602240896359,1017.5182072829132,160,0,0,0,0,0.9945205479452055,1,TRUE
C929I,El Hierro,2020,HIERRO AEROPUERTO,366,366,366,363,363,365,363,1,1,0.9918032786885246,0.9918032786885246,0.9972677595628415,0.9918032786885246,32,21.813387978142078,19.75792349726776,23.868579234972678,110.10000000000001,70.73553719008264,58.62154696132597,81.77900552486187,6.294765840220386,12.792054794520547,2747.3,1014.0988980716254,1017.4239669421488,171,0,0,5,0,1,1,TRUE
C929I,El Hierro,2021,HIERRO AEROPUERTO,365,365,365,364,364,364,362,1,1,0.9972602739726028,0.9972602739726028,0.9972602739726028,0.9917808219178083,32,21.506301369863014,19.547671232876713,23.460821917808218,66,70.62637362637362,59.93388429752066,81.00550964187327,6.469505494505494,12.867397260273973,2730.6,1013.8867403314918,1017.0817679558011,157,0,0,2,0,1,1,TRUE
C929I,El Hierro,2022,HIERRO AEROPUERTO,365,365,365,364,365,365,362,1,1,0.9972602739726028,1,1,0.9917808219178083,32,21.6786301369863,19.662739726027397,23.69287671232877,233.1,71.75824175824175,59.67036011080332,82.58171745152355,6.70986301369863,13.114520547945206,2674.4,1013.3151933701657,1016.5925414364641,180,0,0,3,0,1,1,TRUE
C929I,El Hierro,2023,HIERRO AEROPUERTO,365,365,365,365,365,364,357,1,1,1,1,0.9972602739726028,0.9780821917808219,32,22.712602739726027,20.58164383561644,24.84082191780822,102.9,69.64383561643835,59.68802228412256,79.6908077994429,6.116164383561644,12.455890410958904,2876.6,1013.5546218487395,1016.7056022408964,208,4,0,16,3,1,1,TRUE
C929I,El Hierro,2024,HIERRO AEROPUERTO,366,366,366,361,362,363,366,1,1,0.9863387978142076,0.9890710382513661,0.9918032786885246,1,32,22.144535519125682,20.041256830601093,24.245081967213114,44.8,70.51246537396122,59.66849315068493,80.37260273972603,6.696408839779005,13.00467032967033,2756.3,1013.4002732240438,1016.641256830601,188,0,0,2,0,1,1,TRUE
C929I,El Hierro,2025,HIERRO AEROPUERTO,365,365,365,362,363,363,365,1,1,0.9917808219178083,0.9945205479452055,0.9945205479452055,1,32,21.735616438356164,19.704109589041096,23.762739726027398,182.5,70.29558011049724,60.18630136986302,80.67945205479452,6.6482093663911845,12.988219178082192,2785.3,1013.9238356164384,1017.1301369863014,176,1,0,6,0,1,1,TRUE
