station_id,island,year,month,station_name,expected_days,n_days,n_temp,n_prec,pct_temp,tmed_month,tmin_month,tmax_month,prec_month,tropical_nights_month,equatorial_nights_month,torrid_nights_month
C018J,Lanzarote,2015,1,TÍAS,31,31,31,31,1,14.235483870967743,11.832258064516129,16.641935483870967,18,0,0,0
C018J,Lanzarote,2015,2,TÍAS,28,28,28,28,1,13.503571428571428,11.17142857142857,15.85,10.6,0,0,0
C018J,Lanzarote,2015,3,TÍAS,31,31,31,31,1,15.648387096774194,11.825806451612904,19.454838709677418,8.4,0,0,0
C018J,Lanzarote,2015,4,TÍAS,30,30,30,30,1,16.046666666666667,12.29,19.79,0,0,0,0
C018J,Lanzarote,2015,5,TÍAS,31,31,31,31,1,19.46451612903226,14.941935483870967,23.983870967741936,0,2,0,0
C018J,Lanzarote,2015,6,TÍAS,30,30,30,30,1,18.85,15.48,22.216666666666665,0,0,0,0
C018J,Lanzarote,2015,7,TÍAS,31,31,31,31,1,21.97741935483871,18.14516129032258,25.803225806451614,0,1,0,0
C018J,Lanzarote,2015,8,TÍAS,31,31,31,31,1,22.387096774193548,18.751612903225805,26.006451612903227,0.6000000000000001,4,0,0
C018J,Lanzarote,2015,9,TÍAS,30,30,30,30,1,22.073333333333334,18.523333333333333,25.633333333333333,1.7999999999999998,4,0,0
C018J,Lanzarote,2015,10,TÍAS,31,31,29,29,0.9354838709677419,20.96896551724138,17.820689655172416,24.124137931034483,121,2,0,0
C018J,Lanzarote,2015,11,TÍAS,30,30,27,27,0.9,19.02962962962963,15.87037037037037,22.18148148148148,2.1,0,0,0
C018J,Lanzarote,2015,12,TÍAS,31,31,29,31,0.9354838709677419,17.47241379310345,14.76206896551724,20.19655172413793,3,0,0,0
C018J,Lanzarote,2016,1,TÍAS,31,31,30,30,0.967741935483871,16.866666666666667,13.456666666666667,20.266666666666666,2,0,0,0
C018J,Lanzarote,2016,2,TÍAS,29,29,29,29,1,15.296551724137931,12.220689655172414,18.36551724137931,39.4,0,0,0
C018J,Lanzarote,2016,3,TÍAS,31,31,31,31,1,14.993548387096775,11.741935483870968,18.258064516129032,7,0,0,0
C018J,Lanzarote,2016,4,TÍAS,30,30,30,30,1,16.166666666666668,12.959999999999999,19.376666666666665,11.6,0,0,0
C018J,Lanzarote,2016,5,TÍAS,31,31,31,31,1,17.251612903225805,14.103225806451613,20.412903225806453,1.4,0,0,0
C018J,Lanzarote,2016,6,TÍAS,30,30,30,30,1,19.663333333333334,16.013333333333332,23.296666666666667,5.2,0,0,0
C018J,Lanzarote,2016,7,TÍAS,31,31,31,31,1,21.112903225806452,17.43225806451613,24.793548387096774,0.2,0,0,0
C018J,Lanzarote,2016,8,TÍAS,31,31,31,31,1,22.883870967741935,18.761290322580646,27.006451612903227,0,5,0,0
C018J,Lanzarote,2016,9,TÍAS,30,30,30,30,1,21.15,17.836666666666666,24.476666666666667,0,0,0,0
C018J,Lanzarote,2016,10,TÍAS,31,31,31,31,1,20.651612903225807,17.280645161290323,24.006451612903227,68.60000000000001,4,0,0
C018J,Lanzarote,2016,11,TÍAS,30,30,30,30,1,17.81,14.763333333333334,20.863333333333333,33.2,0,0,0
C018J,Lanzarote,2016,12,TÍAS,31,31,31,31,1,16.451612903225808,14.067741935483872,18.829032258064515,30.4,0,0,0
C018J,Lanzarote,2017,1,TÍAS,31,31,31,31,1,14.790322580645162,12.09032258064516,17.480645161290322,3.2,0,0,0
C018J,Lanzarote,2017,2,TÍAS,28,28,28,28,1,15.207142857142857,12.210714285714285,18.196428571428573,20.599999999999998,0,0,0
C018J,Lanzarote,2017,3,TÍAS,31,31,31,31,1,16.967741935483872,12.95483870967742,20.983870967741936,5.6,1,0,0
C018J,Lanzarote,2017,4,TÍAS,30,30,29,30,0.9666666666666667,18.603448275862068,14.651724137931035,22.541379310344826,3.4,0,0,0
C018J,Lanzarote,2017,5,TÍAS,31,31,30,31,0.967741935483871,19.143333333333334,15.6,22.68,0,0,0,0
C018J,Lanzarote,2017,6,TÍAS,30,30,30,30,1,20.60333333333333,17.05666666666667,24.15,0.2,2,0,0
C018J,Lanzarote,2017,7,TÍAS,31,31,31,31,1,21.216129032258063,17.6,24.84516129032258,0,1,0,0
C018J,Lanzarote,2017,8,TÍAS,31,31,31,31,1,23.309677419354838,18.787096774193547,27.822580645161292,0,3,1,0
C018J,Lanzarote,2017,9,TÍAS,30,30,30,30,1,21.793333333333333,18.05,25.536666666666665,0,1,0,0
C018J,Lanzarote,2017,10,TÍAS,31,31,31,31,1,22.316129032258065,18.387096774193548,26.229032258064517,0.2,7,2,0
C018J,Lanzarote,2017,11,TÍAS,30,29,29,29,0.9666666666666667,19.43448275862069,16.013793103448275,22.837931034482757,1.2,0,0,0
C018J,Lanzarote,2017,12,TÍAS,31,31,31,31,1,15.441935483870967,12.609677419354838,18.29032258064516,17.4,0,0,0
C018J,Lanzarote,2018,1,TÍAS,31,31,31,31,1,14.548387096774194,11.63225806451613,17.467741935483872,41.2,0,0,0
C018J,Lanzarote,2018,2,TÍAS,28,26,26,25,0.9285714285714286,13.811538461538461,11.015384615384615,16.615384615384617,55.4,0,0,0
C018J,Lanzarote,2018,3,TÍAS,31,31,31,31,1,16.34193548387097,13.061290322580644,19.629032258064516,6.800000000000001,0,0,0
C018J,Lanzarote,2018,4,TÍAS,30,30,30,30,1,15.85,12.703333333333333,19,13.799999999999999,0,0,0
C018J,Lanzarote,2018,5,TÍAS,31,31,31,31,1,16.335483870967742,13.387096774193548,19.293548387096774,0,0,0,0
C018J,Lanzarote,2018,6,TÍAS,30,30,30,30,1,18.336666666666666,15.323333333333334,21.356666666666666,0,0,0,0
C018J,Lanzarote,2018,7,TÍAS,31,31,31,31,1,20.258064516129032,16.938709677419354,23.558064516129033,0,0,0,0
C018J,Lanzarote,2018,8,TÍAS,31,31,31,31,1,21.7,18.15483870967742,25.241935483870968,0,0,0,0
C018J,Lanzarote,2018,9,TÍAS,30,30,30,30,1,22.066666666666666,18.416666666666668,25.723333333333333,0,2,0,0
C018J,Lanzarote,2018,10,TÍAS,31,31,31,31,1,20.20967741935484,17,23.43548387096774,50.2,0,0,0
C018J,Lanzarote,2018,11,TÍAS,30,30,30,30,1,17.023333333333333,14.353333333333333,19.686666666666667,46.4,0,0,0
C018J,Lanzarote,2018,12,TÍAS,31,31,31,31,1,17.225806451612904,14.119354838709677,20.335483870967742,0.2,0,0,0
C018J,Lanzarote,2019,1,TÍAS,31,31,31,31,1,14.519354838709678,11.787096774193548,17.274193548387096,15.499999999999998,0,0,0
C018J,Lanzarote,2019,2,TÍAS,28,28,28,28,1,16.460714285714285,12.592857142857143,20.310714285714287,5.4,0,0,0
C018J,Lanzarote,2019,3,TÍAS,31,31,31,31,1,16.07741935483871,12.45483870967742,19.696774193548386,7.8,0,0,0
C018J,Lanzarote,2019,4,TÍAS,30,30,30,30,1,16.34,12.99,19.693333333333335,9.6,0,0,0
C018J,Lanzarote,2019,5,TÍAS,31,31,30,31,0.967741935483871,18.46,14.536666666666667,22.39,1,0,0,0
C018J,Lanzarote,2019,6,TÍAS,30,28,28,28,0.9333333333333333,19.964285714285715,15.760714285714286,24.175,2.6,0,0,0
C018J,Lanzarote,2019,7,TÍAS,31,31,31,31,1,20.60322580645161,17.080645161290324,24.15483870967742,2,0,0,0
C018J,Lanzarote,2019,8,TÍAS,31,31,31,31,1,22.454838709677418,18.04193548387097,26.86774193548387,0.2,1,0,0
C018J,Lanzarote,2019,9,TÍAS,30,30,30,30,1,21.886666666666667,17.723333333333333,26.043333333333333,1.2,0,0,0
C018J,Lanzarote,2019,10,TÍAS,31,31,31,31,1,21.14516129032258,17.019354838709678,25.283870967741937,2.4,2,0,0
C018J,Lanzarote,2019,11,TÍAS,30,30,30,30,1,18.25,15.073333333333334,21.44,14.8,0,0,0
C018J,Lanzarote,2019,12,TÍAS,31,30,30,30,0.967741935483871,16.73,13.826666666666666,19.64,23.2,0,0,0
C018J,Lanzarote,2020,1,TÍAS,31,31,31,31,1,15.493548387096775,12.112903225806452,18.864516129032257,3.2,0,0,0
C018J,Lanzarote,2020,2,TÍAS,29,29,29,29,1,18.21034482758621,14.10344827586207,22.324137931034482,0,0,0,0
C018J,Lanzarote,2020,3,TÍAS,31,31,31,31,1,16.506451612903227,12.477419354838709,20.538709677419355,20,0,0,0
C018J,Lanzarote,2020,4,TÍAS,30,30,30,30,1,17.693333333333335,13.673333333333334,21.693333333333335,16,0,0,0
C018J,Lanzarote,2020,5,TÍAS,31,31,31,31,1,19.703225806451613,14.85483870967742,24.56451612903226,1.4,0,0,0
C018J,Lanzarote,2020,6,TÍAS,30,30,30,30,1,20.983333333333334,16.846666666666668,25.13,0.4,0,0,0
C018J,Lanzarote,2020,7,TÍAS,31,31,31,31,1,22.348387096774193,17.92258064516129,26.774193548387096,0,0,0,0
C018J,Lanzarote,2020,8,TÍAS,31,31,30,30,0.967741935483871,23.043333333333333,18.823333333333334,27.263333333333332,0.4,2,1,0
C018J,Lanzarote,2020,9,TÍAS,30,30,30,30,1,23.183333333333334,18.473333333333333,27.896666666666665,0,2,0,0
C018J,Lanzarote,2020,10,TÍAS,31,31,31,31,1,20.903225806451612,16.851612903225806,24.929032258064517,3.2,2,0,0
C018J,Lanzarote,2020,11,TÍAS,30,30,30,30,1,19.386666666666667,15.64,23.14,30.4,3,0,0
C018J,Lanzarote,2020,12,TÍAS,31,31,31,31,1,16.267741935483873,13.438709677419356,19.10322580645161,14.4,0,0,0
C018J,Lanzarote,2021,1,TÍAS,31,31,31,31,1,15.37741935483871,12.241935483870968,18.474193548387095,56,0,0,0
C018J,Lanzarote,2021,2,TÍAS,28,28,28,28,1,15.539285714285715,11.914285714285715,19.15714285714286,45.2,0,0,0
C018J,Lanzarote,2021,3,TÍAS,31,31,31,31,1,16.548387096774192,12.883870967741936,20.219354838709677,8.2,0,0,0
C018J,Lanzarote,2021,4,TÍAS,30,30,30,30,1,17.886666666666667,13.76,21.996666666666666,3.6,0,0,0
C018J,Lanzarote,2021,5,TÍAS,31,31,30,30,0.967741935483871,18.266666666666666,14.673333333333334,21.846666666666668,0,0,0,0
C018J,Lanzarote,2021,6,TÍAS,30,30,30,30,1,19.7,15.573333333333334,23.84,0,0,0,0
C018J,Lanzarote,2021,7,TÍAS,31,31,31,31,1,21.412903225806453,17.112903225806452,25.71290322580645,1.2,1,0,0
C018J,Lanzarote,2021,8,TÍAS,31,31,31,31,1,22.674193548387098,18.14516129032258,27.2,1.2,2,1,0
C018J,Lanzarote,2021,9,TÍAS,30,30,30,30,1,22.676666666666666,18.22,27.13,0,1,0,0
C018J,Lanzarote,2021,10,TÍAS,31,31,31,31,1,20.919354838709676,16.803225806451614,25.03548387096774,3,1,0,0
C018J,Lanzarote,2021,11,TÍAS,30,30,30,30,1,17.393333333333334,13.846666666666668,20.926666666666666,11,0,0,0
C018J,Lanzarote,2021,12,TÍAS,31,31,31,31,1,16.664516129032258,13.416129032258064,19.906451612903226,1.2,0,0,0
C018J,Lanzarote,2022,1,TÍAS,31,31,31,31,1,16.02258064516129,12.903225806451612,19.12258064516129,16.8,0,0,0
C018J,Lanzarote,2022,2,TÍAS,28,28,28,28,1,17.603571428571428,13.982142857142858,21.214285714285715,10.799999999999999,0,0,0
C018J,Lanzarote,2022,3,TÍAS,31,31,31,31,1,15.370967741935484,11.919354838709678,18.825806451612902,37.6,0,0,0
C018J,Lanzarote,2022,4,TÍAS,30,30,30,30,1,17.226666666666667,13.006666666666666,21.426666666666666,18.2,1,0,0
C018J,Lanzarote,2022,5,TÍAS,31,31,31,31,1,19.506451612903227,15.035483870967742,23.97741935483871,0.2,1,0,0
C018J,Lanzarote,2022,6,TÍAS,30,30,30,30,1,19.89,16.25,23.55,0.8,0,0,0
C018J,Lanzarote,2022,7,TÍAS,31,31,31,31,1,22.748387096774195,18.196774193548386,27.28709677419355,0,5,0,0
C018J,Lanzarote,2022,8,TÍAS,31,31,31,31,1,22.37741935483871,18.31935483870968,26.435483870967744,0,2,0,0
C018J,Lanzarote,2022,9,TÍAS,30,30,30,30,1,21.893333333333334,18.433333333333334,25.36,108,0,0,0
C018J,Lanzarote,2022,10,TÍAS,31,31,31,31,1,22.07741935483871,17.677419354838708,26.48709677419355,17,3,0,0
C018J,Lanzarote,2022,11,TÍAS,30,30,30,30,1,20.416666666666668,16.46,24.37,0.8,3,0,0
C018J,Lanzarote,2022,12,TÍAS,31,31,31,31,1,18.106451612903225,15.141935483870968,21.074193548387097,35.6,0,0,0
C018J,Lanzarote,2023,1,TÍAS,31,31,31,31,1,15.76774193548387,12.593548387096774,18.929032258064517,8,0,0,0
C018J,Lanzarote,2023,2,TÍAS,28,28,28,28,1,14.617857142857142,11.357142857142858,17.87142857142857,39.2,0,0,0
C018J,Lanzarote,2023,3,TÍAS,31,30,30,30,0.967741935483871,19.4,14.233333333333334,24.56,0.8,1,0,0
C018J,Lanzarote,2023,4,TÍAS,30,30,30,30,1,18.906666666666666,14.38,23.433333333333334,6.2,0,0,0
C018J,Lanzarote,2023,5,TÍAS,31,31,31,31,1,19.18064516129032,14.987096774193548,23.374193548387098,0,0,0,0
C018J,Lanzarote,2023,6,TÍAS,30,30,30,30,1,22.143333333333334,17.573333333333334,26.723333333333333,0,2,0,0
C018J,Lanzarote,2023,7,TÍAS,31,31,31,31,1,22.56774193548387,18.48709677419355,26.65483870967742,0,1,0,0
C018J,Lanzarote,2023,8,TÍAS,31,31,31,31,1,24.629032258064516,19.751612903225805,29.506451612903227,0,12,0,0
C018J,Lanzarote,2023,9,TÍAS,30,30,30,30,1,22.46,18.17,26.753333333333334,0.2,0,0,0
C018J,Lanzarote,2023,10,TÍAS,31,31,31,31,1,24.65806451612903,20.025806451612905,29.26451612903226,13.2,14,3,0
C018J,Lanzarote,2023,11,TÍAS,30,30,29,29,0.9666666666666667,20.351724137931033,16.448275862068964,24.26206896551724,2.5999999999999996,2,0,0
C018J,Lanzarote,2023,12,TÍAS,31,31,31,12,1,17.441935483870967,14.067741935483872,20.816129032258065,15.2,0,0,0
C018J,Lanzarote,2024,1,TÍAS,31,31,31,31,1,18.39032258064516,14.690322580645162,22.083870967741937,0,0,0,0
C018J,Lanzarote,2024,2,TÍAS,29,29,29,29,1,18.26551724137931,14.544827586206896,21.97241379310345,3.2,0,0,0
C018J,Lanzarote,2024,3,TÍAS,31,31,31,31,1,16.883870967741935,13.087096774193549,20.67741935483871,42.6,0,0,0
C018J,Lanzarote,2024,4,TÍAS,30,30,30,30,1,20.19,15.356666666666667,25.02,0.6000000000000001,2,0,0
C018J,Lanzarote,2024,5,TÍAS,31,31,30,30,0.967741935483871,18.623333333333335,14.836666666666666,22.413333333333334,4.4,0,0,0
C018J,Lanzarote,2024,6,TÍAS,30,30,30,30,1,19.406666666666666,15.923333333333334,22.9,0.4,0,0,0
C018J,Lanzarote,2024,7,TÍAS,31,31,31,31,1,21.629032258064516,17.503225806451614,25.738709677419354,2.2,0,0,0
C018J,Lanzarote,2024,8,TÍAS,31,31,31,31,1,22.68064516129032,18.741935483870968,26.606451612903225,2.2,2,0,0
C018J,Lanzarote,2024,9,TÍAS,30,30,30,30,1,21.323333333333334,17.48,25.163333333333334,0,0,0,0
C018J,Lanzarote,2024,10,TÍAS,31,31,31,31,1,20.725806451612904,17.15806451612903,24.296774193548387,11.2,0,0,0
C018J,Lanzarote,2024,11,TÍAS,30,30,29,29,0.9666666666666667,21.355172413793102,17.63448275862069,25.06896551724138,12.4,5,0,0
C018J,Lanzarote,2024,12,TÍAS,31,31,31,31,1,17.280645161290323,14.251612903225807,20.293548387096774,12.8,0,0,0
C018J,Lanzarote,2025,1,TÍAS,31,31,31,31,1,16.04193548387097,12.63225806451613,19.451612903225808,10.200000000000001,0,0,0
C018J,Lanzarote,2025,2,TÍAS,28,28,28,28,1,16.2,12.085714285714285,20.289285714285715,8.4,0,0,0
C018J,Lanzarote,2025,3,TÍAS,31,31,31,31,1,16.148387096774194,12.519354838709678,19.79032258064516,41.8,0,0,0
C018J,Lanzarote,2025,4,TÍAS,30,30,30,30,1,17.503333333333334,13.8,21.213333333333335,20.8,0,0,0
C018J,Lanzarote,2025,5,TÍAS,31,31,31,31,1,18.748387096774195,14.725806451612904,22.761290322580646,2.2,0,0,0
C018J,Lanzarote,2025,6,TÍAS,30,30,30,30,1,20.323333333333334,16.54,24.096666666666668,0,0,0,0
C018J,Lanzarote,2025,7,TÍAS,31,31,31,31,1,22.251612903225805,18.080645161290324,26.425806451612903,2.6,2,0,0
C018J,Lanzarote,2025,8,TÍAS,31,31,31,31,1,23.809677419354838,19.387096774193548,28.232258064516127,0.6,4,1,0
C018J,Lanzarote,2025,9,TÍAS,30,30,29,29,0.9666666666666667,23.144827586206898,18.872413793103448,27.43448275862069,1,4,0,0
C018J,Lanzarote,2025,10,TÍAS,31,31,31,31,1,21.009677419354837,17.335483870967742,24.683870967741935,1.2000000000000002,0,0,0
C018J,Lanzarote,2025,11,TÍAS,30,30,28,29,0.9333333333333333,19.40714285714286,15.846428571428572,22.978571428571428,16.6,1,0,0
C018J,Lanzarote,2025,12,TÍAS,31,31,31,31,1,15.648387096774194,12.696774193548388,18.596774193548388,84.4,0,0,0
C019V,Lanzarote,2015,1,YAIZA PLAYA BLANCA,31,31,31,0,1,17.983870967741936,15.787096774193548,20.18064516129032,,0,0,0
C019V,Lanzarote,2015,2,YAIZA PLAYA BLANCA,28,28,0,28,0,,,,1.9,0,0,0
C019V,Lanzarote,2015,3,YAIZA PLAYA BLANCA,31,31,31,30,1,17.60967741935484,14.709677419354838,20.509677419354837,24.7,1,0,0
C019V,Lanzarote,2015,4,YAIZA PLAYA BLANCA,30,28,8,8,0.26666666666666666,18.8625,15.225,22.5,0,0,0,0
C019V,Lanzarote,2015,5,YAIZA PLAYA BLANCA,31,31,31,31,1,21.106451612903225,17.90967741935484,24.316129032258065,0,3,0,0
C019V,Lanzarote,2015,6,YAIZA PLAYA BLANCA,30,30,30,30,1,21.18,18.80666666666667,23.55,0,3,0,0
C019V,Lanzarote,2015,7,YAIZA PLAYA BLANCA,31,31,31,31,1,24.31935483870968,21.196774193548386,27.44516129032258,0,28,0,0
C019V,Lanzarote,2015,8,YAIZA PLAYA BLANCA,31,31,31,31,1,25.032258064516128,22.006451612903227,28.080645161290324,6.6000000000000005,31,0,0
C019V,Lanzarote,2015,9,YAIZA PLAYA BLANCA,30,30,30,29,1,24.186666666666667,21.346666666666668,27.04,1.2000000000000002,26,0,0
C019V,Lanzarote,2015,10,YAIZA PLAYA BLANCA,31,31,30,29,0.967741935483871,23.29,20.803333333333335,25.776666666666667,76.7,23,0,0
C019V,Lanzarote,2015,11,YAIZA PLAYA BLANCA,30,30,29,29,0.9666666666666667,21.393103448275863,18.23793103448276,24.52758620689655,1,5,0,0
C019V,Lanzarote,2015,12,YAIZA PLAYA BLANCA,31,31,31,28,1,19.848387096774193,17.712903225806453,22.009677419354837,1.2,6,0,0
C019V,Lanzarote,2016,1,YAIZA PLAYA BLANCA,31,31,31,31,1,18.732258064516127,15.490322580645161,21.961290322580645,1.2,0,0,0
C019V,Lanzarote,2016,2,YAIZA PLAYA BLANCA,29,29,29,29,1,17.679310344827584,14.758620689655173,20.624137931034483,37.6,0,0,0
C019V,Lanzarote,2016,3,YAIZA PLAYA BLANCA,31,31,30,30,0.967741935483871,17.57,14.81,20.316666666666666,1.4000000000000001,0,0,0
C019V,Lanzarote,2016,4,YAIZA PLAYA BLANCA,30,30,30,30,1,18.81,16.223333333333333,21.39,3.4000000000000004,0,0,0
C019V,Lanzarote,2016,5,YAIZA PLAYA BLANCA,31,31,31,31,1,19.974193548387095,17.5,22.43225806451613,0,0,0,0
C019V,Lanzarote,2016,6,YAIZA PLAYA BLANCA,30,30,30,30,1,21.95,19.283333333333335,24.59,1,5,0,0
C019V,Lanzarote,2016,7,YAIZA PLAYA BLANCA,31,31,31,31,1,23.35483870967742,20.725806451612904,25.993548387096773,0,28,0,0
C019V,Lanzarote,2016,8,YAIZA PLAYA BLANCA,31,31,31,31,1,25.032258064516128,21.84193548387097,28.216129032258063,0,31,0,0
C019V,Lanzarote,2016,9,YAIZA PLAYA BLANCA,30,30,30,30,1,23.573333333333334,20.79,26.36,0.8,26,0,0
C019V,Lanzarote,2016,10,YAIZA PLAYA BLANCA,31,31,31,31,1,22.625806451612902,19.8,25.435483870967744,48.6,14,0,0
C019V,Lanzarote,2016,11,YAIZA PLAYA BLANCA,30,30,30,30,1,20.286666666666665,17.333333333333332,23.266666666666666,16.4,1,0,0
C019V,Lanzarote,2016,12,YAIZA PLAYA BLANCA,31,31,31,31,1,19.361290322580643,17.338709677419356,21.37741935483871,11.6,1,0,0
C019V,Lanzarote,2017,1,YAIZA PLAYA BLANCA,31,31,31,31,1,17.56451612903226,15.319354838709678,19.822580645161292,0.8,0,0,0
C019V,Lanzarote,2017,2,YAIZA PLAYA BLANCA,28,28,27,26,0.9642857142857143,17.64074074074074,14.651851851851852,20.633333333333333,21.599999999999998,0,0,0
C019V,Lanzarote,2017,3,YAIZA PLAYA BLANCA,31,31,31,31,1,18.829032258064515,15.412903225806451,22.229032258064517,2,1,0,0
C019V,Lanzarote,2017,4,YAIZA PLAYA BLANCA,30,30,30,30,1,20.473333333333333,17.543333333333333,23.413333333333334,0,2,0,0
C019V,Lanzarote,2017,5,YAIZA PLAYA BLANCA,31,31,31,31,1,21.63225806451613,18.912903225806453,24.37741935483871,0,8,0,0
C019V,Lanzarote,2017,6,YAIZA PLAYA BLANCA,30,30,30,30,1,22.94,20.326666666666668,25.546666666666667,0,18,0,0
C019V,Lanzarote,2017,7,YAIZA PLAYA BLANCA,31,31,31,31,1,23.490322580645163,20.864516129032257,26.112903225806452,0,30,0,0
C019V,Lanzarote,2017,8,YAIZA PLAYA BLANCA,31,31,31,31,1,24.916129032258066,21.75483870967742,28.058064516129033,0,30,0,0
C019V,Lanzarote,2017,9,YAIZA PLAYA BLANCA,30,30,30,30,1,23.876666666666665,20.996666666666666,26.76,0.8,26,0,0
C019V,Lanzarote,2017,10,YAIZA PLAYA BLANCA,31,31,31,31,1,23.60967741935484,20.34193548387097,26.88064516129032,0,16,0,0
C019V,Lanzarote,2017,11,YAIZA PLAYA BLANCA,30,30,30,29,1,21.466666666666665,18.546666666666667,24.406666666666666,0,4,0,0
C019V,Lanzarote,2017,12,YAIZA PLAYA BLANCA,31,31,31,31,1,18.148387096774194,15.42258064516129,20.86774193548387,2.6,0,0,0
C019V,Lanzarote,2018,1,YAIZA PLAYA BLANCA,31,31,31,31,1,16.916129032258066,13.735483870967741,20.074193548387097,18.6,0,0,0
C019V,Lanzarote,2018,2,YAIZA PLAYA BLANCA,28,28,28,28,1,16.439285714285713,13.596428571428572,19.27857142857143,3.8,0,0,0
C019V,Lanzarote,2018,3,YAIZA PLAYA BLANCA,31,31,31,31,1,18.77741935483871,16.216129032258063,21.348387096774193,0,0,0,0
C019V,Lanzarote,2018,4,YAIZA PLAYA BLANCA,30,30,30,30,1,18.383333333333333,15.953333333333333,20.82,0,0,0,0
C019V,Lanzarote,2018,5,YAIZA PLAYA BLANCA,31,31,31,31,1,19.225806451612904,16.903225806451612,21.558064516129033,0,0,0,0
C019V,Lanzarote,2018,6,YAIZA PLAYA BLANCA,30,30,30,30,1,20.873333333333335,18.516666666666666,23.25,0,0,0,0
C019V,Lanzarote,2018,7,YAIZA PLAYA BLANCA,31,31,31,31,1,23.10322580645161,20.193548387096776,26.019354838709678,0,21,0,0
C019V,Lanzarote,2018,8,YAIZA PLAYA BLANCA,31,31,31,31,1,23.961290322580645,21.335483870967742,26.587096774193547,0,30,0,0
C019V,Lanzarote,2018,9,YAIZA PLAYA BLANCA,30,30,30,30,1,24.063333333333333,21.343333333333334,26.786666666666665,0,24,0,0
C019V,Lanzarote,2018,10,YAIZA PLAYA BLANCA,31,31,31,31,1,22.55483870967742,19.83225806451613,25.29032258064516,0.4,18,0,0
C019V,Lanzarote,2018,11,YAIZA PLAYA BLANCA,30,30,30,30,1,19.76,17.02,22.496666666666666,26.4,0,0,0
C019V,Lanzarote,2018,12,YAIZA PLAYA BLANCA,31,31,31,31,1,18.838709677419356,15.364516129032259,22.31290322580645,0,1,0,0
C019V,Lanzarote,2019,1,YAIZA PLAYA BLANCA,31,31,31,31,1,17.306451612903224,14.76774193548387,19.86774193548387,4.2,0,0,0
C019V,Lanzarote,2019,2,YAIZA PLAYA BLANCA,28,28,28,28,1,18.007142857142856,14.478571428571428,21.564285714285713,5,0,0,0
C019V,Lanzarote,2019,3,YAIZA PLAYA BLANCA,31,31,31,31,1,18.22258064516129,15.061290322580644,21.39032258064516,3.4,0,0,0
C019V,Lanzarote,2019,4,YAIZA PLAYA BLANCA,30,30,30,30,1,19.066666666666666,16.44,21.706666666666667,1.7999999999999998,0,0,0
C019V,Lanzarote,2019,5,YAIZA PLAYA BLANCA,31,31,31,31,1,20.419354838709676,17.938709677419354,22.90967741935484,0,0,0,0
C019V,Lanzarote,2019,6,YAIZA PLAYA BLANCA,30,28,28,28,0.9333333333333333,21.84285714285714,19.017857142857142,24.660714285714285,0,6,0,0
C019V,Lanzarote,2019,7,YAIZA PLAYA BLANCA,31,31,31,31,1,23.083870967741934,20.548387096774192,25.635483870967743,0,28,0,0
C019V,Lanzarote,2019,8,YAIZA PLAYA BLANCA,31,31,31,31,1,24.509677419354837,21.387096774193548,27.63225806451613,0,31,0,0
C019V,Lanzarote,2019,9,YAIZA PLAYA BLANCA,30,30,30,30,1,23.536666666666665,20.616666666666667,26.436666666666667,0,21,0,0
C019V,Lanzarote,2019,10,YAIZA PLAYA BLANCA,31,31,31,31,1,22.858064516129033,19.732258064516127,26.01290322580645,0.6,14,0,0
C019V,Lanzarote,2019,11,YAIZA PLAYA BLANCA,30,30,30,30,1,20.763333333333332,18.05,23.473333333333333,0.2,3,0,0
C019V,Lanzarote,2019,12,YAIZA PLAYA BLANCA,31,30,30,30,0.967741935483871,19.046666666666667,16.273333333333333,21.826666666666668,0,3,0,0
C019V,Lanzarote,2020,1,YAIZA PLAYA BLANCA,31,31,31,31,1,17.629032258064516,14.938709677419356,20.325806451612902,0,0,0,0
C019V,Lanzarote,2020,2,YAIZA PLAYA BLANCA,29,29,29,29,1,19.55862068965517,16.182758620689654,22.924137931034483,0,2,0,0
C019V,Lanzarote,2020,3,YAIZA PLAYA BLANCA,31,31,31,31,1,18.525806451612905,15.516129032258064,21.548387096774192,0,0,0,0
C019V,Lanzarote,2020,4,YAIZA PLAYA BLANCA,30,30,30,30,1,19.756666666666668,17.106666666666666,22.4,0,0,0,0
C019V,Lanzarote,2020,5,YAIZA PLAYA BLANCA,31,31,31,31,1,21.15483870967742,18.11935483870968,24.196774193548386,0,1,0,0
C019V,Lanzarote,2020,6,YAIZA PLAYA BLANCA,30,30,30,30,1,23.066666666666666,20.41,25.71,0,21,0,0
C019V,Lanzarote,2020,7,YAIZA PLAYA BLANCA,31,31,31,31,1,24.080645161290324,21.170967741935485,26.983870967741936,0,31,0,0
C019V,Lanzarote,2020,8,YAIZA PLAYA BLANCA,31,31,31,31,1,25.129032258064516,22.029032258064515,28.238709677419354,0,31,0,0
C019V,Lanzarote,2020,9,YAIZA PLAYA BLANCA,30,30,30,30,1,24.473333333333333,21.546666666666667,27.426666666666666,0,28,0,0
C019V,Lanzarote,2020,10,YAIZA PLAYA BLANCA,31,31,31,31,1,22.73548387096774,19.8,25.68064516129032,0,16,0,0
C019V,Lanzarote,2020,11,YAIZA PLAYA BLANCA,30,30,30,30,1,21.166666666666668,18.113333333333333,24.226666666666667,22.6,4,0,0
C019V,Lanzarote,2020,12,YAIZA PLAYA BLANCA,31,31,31,31,1,18.864516129032257,16.196774193548386,21.532258064516128,0.6000000000000001,0,0,0
C019V,Lanzarote,2021,1,YAIZA PLAYA BLANCA,31,31,29,29,0.9354838709677419,17.858620689655172,14.903448275862068,20.80344827586207,33.2,0,0,0
C019V,Lanzarote,2021,2,YAIZA PLAYA BLANCA,28,27,27,27,0.9642857142857143,17.833333333333332,14.6,21.07037037037037,22.400000000000002,0,0,0
C019V,Lanzarote,2021,3,YAIZA PLAYA BLANCA,31,31,31,31,1,18.835483870967742,16.006451612903227,21.65483870967742,2.2,2,0,0
C019V,Lanzarote,2021,4,YAIZA PLAYA BLANCA,30,30,30,30,1,19.833333333333332,16.98,22.683333333333334,6.4,0,0,0
C019V,Lanzarote,2021,5,YAIZA PLAYA BLANCA,31,22,20,20,0.6451612903225806,20.27,17.77,22.78,0,0,0,0
C019V,Lanzarote,2021,6,YAIZA PLAYA BLANCA,30,30,30,30,1,21.67,18.883333333333333,24.446666666666665,0,2,0,0
C019V,Lanzarote,2021,7,YAIZA PLAYA BLANCA,31,31,31,31,1,23.22258064516129,20.43548387096774,26.01290322580645,0,25,0,0
C019V,Lanzarote,2021,8,YAIZA PLAYA BLANCA,31,31,31,31,1,24.232258064516127,21.212903225806453,27.25483870967742,0,27,1,0
C019V,Lanzarote,2021,9,YAIZA PLAYA BLANCA,30,30,30,30,1,24.34,21.473333333333333,27.213333333333335,0,26,0,0
C019V,Lanzarote,2021,10,YAIZA PLAYA BLANCA,31,31,31,31,1,22.63225806451613,19.451612903225808,25.78709677419355,0.2,12,0,0
C019V,Lanzarote,2021,11,YAIZA PLAYA BLANCA,30,30,30,30,1,19.506666666666668,16.436666666666667,22.593333333333334,3.4,0,0,0
C019V,Lanzarote,2021,12,YAIZA PLAYA BLANCA,31,31,31,31,1,18.806451612903224,16.05483870967742,21.545161290322582,0,0,0,0
C019V,Lanzarote,2022,1,YAIZA PLAYA BLANCA,31,31,31,31,1,18.22258064516129,15.419354838709678,21.009677419354837,7.8,0,0,0
C019V,Lanzarote,2022,2,YAIZA PLAYA BLANCA,28,28,28,28,1,19.460714285714285,16.59642857142857,22.321428571428573,3.5999999999999996,4,0,0
C019V,Lanzarote,2022,3,YAIZA PLAYA BLANCA,31,31,31,31,1,17.893548387096775,15.141935483870968,20.641935483870967,12.4,0,0,0
C019V,Lanzarote,2022,4,YAIZA PLAYA BLANCA,30,30,30,30,1,19.24,16.330000000000002,22.18,15.799999999999999,1,0,0
C019V,Lanzarote,2022,5,YAIZA PLAYA BLANCA,31,31,31,31,1,21.267741935483873,18.193548387096772,24.31290322580645,0,0,0,0
C019V,Lanzarote,2022,6,YAIZA PLAYA BLANCA,30,30,30,30,1,22.326666666666668,19.813333333333333,24.846666666666668,0,16,0,0
C019V,Lanzarote,2022,7,YAIZA PLAYA BLANCA,31,31,31,31,1,24.43548387096774,21.258064516129032,27.638709677419353,0,28,0,0
C019V,Lanzarote,2022,8,YAIZA PLAYA BLANCA,31,31,31,31,1,24.696774193548386,21.696774193548386,27.68709677419355,0,30,0,0
C019V,Lanzarote,2022,9,YAIZA PLAYA BLANCA,30,30,30,26,1,24.363333333333333,21.756666666666668,26.97,0.8,30,0,0
C019V,Lanzarote,2022,10,YAIZA PLAYA BLANCA,31,31,31,31,1,23.664516129032258,20.36774193548387,26.980645161290322,4.3999999999999995,17,0,0
C019V,Lanzarote,2022,11,YAIZA PLAYA BLANCA,30,30,30,30,1,21.783333333333335,18.263333333333332,25.283333333333335,0.4,2,0,0
C019V,Lanzarote,2022,12,YAIZA PLAYA BLANCA,31,31,31,31,1,20.225806451612904,17.641935483870967,22.806451612903224,20.599999999999998,5,0,0
C019V,Lanzarote,2023,1,YAIZA PLAYA BLANCA,31,31,31,31,1,18.116129032258065,15.341935483870968,20.900000000000002,2.4,0,0,0
C019V,Lanzarote,2023,2,YAIZA PLAYA BLANCA,28,28,28,28,1,17.25357142857143,14.410714285714286,20.1,18.8,0,0,0
C019V,Lanzarote,2023,3,YAIZA PLAYA BLANCA,31,31,31,31,1,20.20967741935484,16.26451612903226,24.164516129032258,0,2,0,0
C019V,Lanzarote,2023,4,YAIZA PLAYA BLANCA,30,30,30,30,1,20.83,17.713333333333335,23.94333333333333,2.2,0,0,0
C019V,Lanzarote,2023,5,YAIZA PLAYA BLANCA,31,31,31,31,1,21.42258064516129,18.5,24.341935483870966,0.2,0,0,0
C019V,Lanzarote,2023,6,YAIZA PLAYA BLANCA,30,30,30,30,1,23.713333333333335,21.08,26.343333333333334,0.2,27,0,0
C019V,Lanzarote,2023,7,YAIZA PLAYA BLANCA,31,31,31,31,1,24.94516129032258,22.03548387096774,27.83225806451613,0,31,0,0
C019V,Lanzarote,2023,8,YAIZA PLAYA BLANCA,31,31,31,31,1,26.309677419354838,23.038709677419355,29.580645161290324,0,31,1,0
C019V,Lanzarote,2023,9,YAIZA PLAYA BLANCA,30,30,30,30,1,24.376666666666665,21.306666666666665,27.436666666666667,0.6000000000000001,28,0,0
C019V,Lanzarote,2023,10,YAIZA PLAYA BLANCA,31,31,31,31,1,25.493548387096773,21.851612903225806,29.12258064516129,8,26,2,0
C019V,Lanzarote,2023,11,YAIZA PLAYA BLANCA,30,30,29,29,0.9666666666666667,22.175862068965518,18.93448275862069,25.40344827586207,1,10,0,0
C019V,Lanzarote,2023,12,YAIZA PLAYA BLANCA,31,31,31,31,1,19.574193548387097,16.793548387096774,22.33225806451613,2.2,3,0,0
C019V,Lanzarote,2024,1,YAIZA PLAYA BLANCA,31,31,31,31,1,20.006451612903227,17.151612903225807,22.858064516129033,0,5,0,0
C019V,Lanzarote,2024,2,YAIZA PLAYA BLANCA,29,29,29,29,1,20.217241379310344,17.44137931034483,22.99310344827586,0.6,1,0,0
C019V,Lanzarote,2024,3,YAIZA PLAYA BLANCA,31,31,31,31,1,18.93225806451613,16.074193548387097,21.816129032258065,7.2,0,0,0
C019V,Lanzarote,2024,4,YAIZA PLAYA BLANCA,30,30,30,30,1,21.076666666666668,17.716666666666665,24.44,0,0,0,0
C019V,Lanzarote,2024,5,YAIZA PLAYA BLANCA,31,31,31,31,1,20.98709677419355,18.34516129032258,23.635483870967743,0,0,0,0
C019V,Lanzarote,2024,6,YAIZA PLAYA BLANCA,30,30,30,30,1,21.826666666666668,19.576666666666668,24.09,0,9,0,0
C019V,Lanzarote,2024,7,YAIZA PLAYA BLANCA,31,31,31,31,1,23.596774193548388,20.741935483870968,26.45806451612903,0.4,27,0,0
C019V,Lanzarote,2024,8,YAIZA PLAYA BLANCA,31,31,31,31,1,25.190322580645162,22.18064516129032,28.2,2.2,31,0,0
C019V,Lanzarote,2024,9,YAIZA PLAYA BLANCA,30,30,30,30,1,23.513333333333335,20.706666666666667,26.333333333333332,0,25,0,0
C019V,Lanzarote,2024,10,YAIZA PLAYA BLANCA,31,31,31,31,1,22.903225806451612,20.183870967741935,25.60967741935484,4.6,20,0,0
C019V,Lanzarote,2024,11,YAIZA PLAYA BLANCA,30,30,30,30,1,22.82,19.873333333333335,25.763333333333332,2.8000000000000003,14,1,0
C019V,Lanzarote,2024,12,YAIZA PLAYA BLANCA,31,31,31,31,1,19.496774193548386,16.81935483870968,22.177419354838708,9.8,2,0,0
C019V,Lanzarote,2025,1,YAIZA PLAYA BLANCA,31,31,31,31,1,18.148387096774194,15.064516129032258,21.23548387096774,2.2,0,0,0
C019V,Lanzarote,2025,2,YAIZA PLAYA BLANCA,28,28,28,28,1,18.02857142857143,14.792857142857143,21.25357142857143,2.6,0,0,0
C019V,Lanzarote,2025,3,YAIZA PLAYA BLANCA,31,31,31,31,1,18.580645161290324,15.887096774193548,21.293548387096774,8,0,0,0
C019V,Lanzarote,2025,4,YAIZA PLAYA BLANCA,30,30,30,30,1,19.81,17.356666666666666,22.273333333333333,16.8,0,0,0
C019V,Lanzarote,2025,5,YAIZA PLAYA BLANCA,31,31,31,31,1,20.758064516129032,18.22258064516129,23.296774193548387,8.6,0,0,0
C019V,Lanzarote,2025,6,YAIZA PLAYA BLANCA,30,30,30,30,1,22.476666666666667,20.07,24.906666666666666,0,18,0,0
C019V,Lanzarote,2025,7,YAIZA PLAYA BLANCA,31,31,31,31,1,24.10967741935484,21.419354838709676,26.803225806451614,0.4,30,0,0
C019V,Lanzarote,2025,8,YAIZA PLAYA BLANCA,31,31,31,31,1,25.412903225806453,22.44516129032258,28.393548387096775,0,31,0,0
C019V,Lanzarote,2025,9,YAIZA PLAYA BLANCA,30,30,30,30,1,24.903333333333332,21.91,27.913333333333334,0.2,28,0,0
C019V,Lanzarote,2025,10,YAIZA PLAYA BLANCA,31,31,31,31,1,22.803225806451614,20.183870967741935,25.43225806451613,0,20,0,0
C019V,Lanzarote,2025,11,YAIZA PLAYA BLANCA,30,30,30,29,1,21.196666666666665,18.22,24.206666666666667,2.2,5,0,0
C019V,Lanzarote,2025,12,YAIZA PLAYA BLANCA,31,31,31,31,1,17.916129032258066,14.835483870967742,20.983870967741936,43.2,0,0,0
C029O,Lanzarote,2015,1,LANZAROTE AEROPUERTO,31,31,31,31,1,17.751612903225805,14.406451612903226,21.093548387096774,10.7,0,0,0
C029O,Lanzarote,2015,2,LANZAROTE AEROPUERTO,28,28,28,28,1,17.353571428571428,13.95,20.732142857142858,11.9,0,0,0
C029O,Lanzarote,2015,3,LANZAROTE AEROPUERTO,31,31,31,31,1,18.967741935483872,14.30967741935484,23.612903225806452,9.6,0,0,0
C029O,Lanzarote,2015,4,LANZAROTE AEROPUERTO,30,30,30,30,1,19.72,15.206666666666667,24.21,0,0,0,0
C029O,Lanzarote,2015,5,LANZAROTE AEROPUERTO,31,31,31,31,1,23.003225806451614,18.087096774193547,27.941935483870967,0,3,0,0
C029O,Lanzarote,2015,6,LANZAROTE AEROPUERTO,30,30,30,30,1,22.756666666666668,18.686666666666667,26.833333333333332,0,3,0,0
C029O,Lanzarote,2015,7,LANZAROTE AEROPUERTO,31,31,31,31,1,25.94516129032258,21.36774193548387,30.509677419354837,0,27,0,0
C029O,Lanzarote,2015,8,LANZAROTE AEROPUERTO,31,31,31,31,1,26.40967741935484,21.916129032258066,30.90967741935484,1.9000000000000001,31,1,0
C029O,Lanzarote,2015,9,LANZAROTE AEROPUERTO,30,30,30,30,1,25.426666666666666,21.30666666666667,29.553333333333335,0.6,26,0,0
C029O,Lanzarote,2015,10,LANZAROTE AEROPUERTO,31,31,31,31,1,23.980645161290322,20.158064516129034,27.793548387096774,25,18,0,0
C029O,Lanzarote,2015,11,LANZAROTE AEROPUERTO,30,30,30,30,1,21.783333333333335,17.73,25.82,0.8,3,0,0
C029O,Lanzarote,2015,12,LANZAROTE AEROPUERTO,31,31,31,31,1,19.703225806451613,15.935483870967742,23.461290322580645,3.3,1,0,0
C029O,Lanzarote,2016,1,LANZAROTE AEROPUERTO,31,31,31,31,1,18.870967741935484,14.509677419354839,23.22258064516129,0,0,0,0
C029O,Lanzarote,2016,2,LANZAROTE AEROPUERTO,29,29,28,29,0.9655172413793104,18.242857142857144,14.457142857142857,22.035714285714285,48.2,0,0,0
C029O,Lanzarote,2016,3,LANZAROTE AEROPUERTO,31,31,31,31,1,18.15483870967742,14.164516129032258,22.14516129032258,2.4,0,0,0
C029O,Lanzarote,2016,4,LANZAROTE AEROPUERTO,30,30,30,30,1,19.61,15.433333333333334,23.783333333333335,0.7000000000000001,0,0,0
C029O,Lanzarote,2016,5,LANZAROTE AEROPUERTO,31,31,31,31,1,21.20967741935484,17.1,25.325806451612902,2.1,0,0,0
C029O,Lanzarote,2016,6,LANZAROTE AEROPUERTO,30,30,30,30,1,23.683333333333334,19.176666666666666,28.17,0,6,0,0
C029O,Lanzarote,2016,7,LANZAROTE AEROPUERTO,31,31,30,31,0.967741935483871,25.133333333333333,20.703333333333333,29.546666666666667,0,27,0,0
C029O,Lanzarote,2016,8,LANZAROTE AEROPUERTO,31,31,31,31,1,26.725806451612904,21.87741935483871,31.564516129032256,0,31,1,0
C029O,Lanzarote,2016,9,LANZAROTE AEROPUERTO,30,30,29,30,0.9666666666666667,24.889655172413793,20.582758620689656,29.217241379310344,0,21,0,0
C029O,Lanzarote,2016,10,LANZAROTE AEROPUERTO,31,31,30,31,0.967741935483871,23.6,19.636666666666667,27.56,40.2,13,0,0
C029O,Lanzarote,2016,11,LANZAROTE AEROPUERTO,30,30,30,30,1,20.543333333333333,16.773333333333333,24.31,25.6,1,0,0
C029O,Lanzarote,2016,12,LANZAROTE AEROPUERTO,31,31,31,31,1,19.112903225806452,15.883870967741936,22.341935483870966,8.6,0,0,0
C029O,Lanzarote,2017,1,LANZAROTE AEROPUERTO,31,31,31,31,1,17.438709677419354,13.64516129032258,21.23548387096774,2.6,0,0,0
C029O,Lanzarote,2017,2,LANZAROTE AEROPUERTO,28,28,28,28,1,17.99642857142857,13.782142857142857,22.214285714285715,21.3,0,0,0
C029O,Lanzarote,2017,3,LANZAROTE AEROPUERTO,31,31,31,31,1,19.79032258064516,15.164516129032258,24.4,9.6,1,0,0
C029O,Lanzarote,2017,4,LANZAROTE AEROPUERTO,30,30,30,30,1,21.356666666666666,17.01,25.703333333333333,0,2,0,0
C029O,Lanzarote,2017,5,LANZAROTE AEROPUERTO,31,31,31,31,1,22.570967741935483,18.425806451612903,26.72258064516129,0,2,0,0
C029O,Lanzarote,2017,6,LANZAROTE AEROPUERTO,30,30,30,30,1,24.25,19.996666666666666,28.523333333333333,0.4,14,0,0
C029O,Lanzarote,2017,7,LANZAROTE AEROPUERTO,31,31,31,31,1,24.954838709677418,20.64516129032258,29.25483870967742,0,28,0,0
C029O,Lanzarote,2017,8,LANZAROTE AEROPUERTO,31,31,31,31,1,26.641935483870967,21.61935483870968,31.65483870967742,0,30,1,0
C029O,Lanzarote,2017,9,LANZAROTE AEROPUERTO,30,30,30,30,1,24.96,20.733333333333334,29.19333333333333,1.5,25,0,0
C029O,Lanzarote,2017,10,LANZAROTE AEROPUERTO,31,31,31,31,1,24.164516129032258,19.538709677419355,28.780645161290323,0.2,12,1,0
C029O,Lanzarote,2017,11,LANZAROTE AEROPUERTO,30,30,30,30,1,21.23,17.346666666666668,25.093333333333334,4,2,0,0
C029O,Lanzarote,2017,12,LANZAROTE AEROPUERTO,31,31,31,31,1,18.01290322580645,14.283870967741935,21.72258064516129,9.899999999999999,0,0,0
C029O,Lanzarote,2018,1,LANZAROTE AEROPUERTO,31,31,31,31,1,17.038709677419355,13.238709677419354,20.83225806451613,32.6,0,0,0
C029O,Lanzarote,2018,2,LANZAROTE AEROPUERTO,28,28,28,28,1,16.439285714285713,12.725,20.142857142857142,44.7,0,0,0
C029O,Lanzarote,2018,3,LANZAROTE AEROPUERTO,31,31,31,31,1,19.338709677419356,15.319354838709678,23.351612903225806,1,0,0,0
C029O,Lanzarote,2018,4,LANZAROTE AEROPUERTO,30,30,30,30,1,19.276666666666667,15.073333333333332,23.49,6,0,0,0
C029O,Lanzarote,2018,5,LANZAROTE AEROPUERTO,31,31,31,31,1,20.029032258064515,16.141935483870967,23.925806451612903,0.2,0,0,0
C029O,Lanzarote,2018,6,LANZAROTE AEROPUERTO,30,30,29,30,0.9666666666666667,21.886206896551723,18.141379310344828,25.620689655172413,0.2,1,0,0
C029O,Lanzarote,2018,7,LANZAROTE AEROPUERTO,31,31,31,31,1,24.10322580645161,19.803225806451614,28.383870967741935,0,16,0,0
C029O,Lanzarote,2018,8,LANZAROTE AEROPUERTO,31,31,31,31,1,25.448387096774194,21.212903225806453,29.693548387096776,3.4000000000000004,30,0,0
C029O,Lanzarote,2018,9,LANZAROTE AEROPUERTO,30,30,30,30,1,25.240000000000002,21.083333333333332,29.386666666666667,0.7,26,0,0
C029O,Lanzarote,2018,10,LANZAROTE AEROPUERTO,31,31,30,31,0.967741935483871,23.186666666666667,19.31,27.046666666666667,38.6,12,0,0
C029O,Lanzarote,2018,11,LANZAROTE AEROPUERTO,30,30,30,30,1,19.763333333333332,15.98,23.55,15.6,0,0,0
C029O,Lanzarote,2018,12,LANZAROTE AEROPUERTO,31,31,31,31,1,18.416129032258066,14.316129032258065,22.516129032258064,0,0,0,0
C029O,Lanzarote,2019,1,LANZAROTE AEROPUERTO,31,31,31,31,1,16.96451612903226,13.319354838709677,20.596774193548388,4,0,0,0
C029O,Lanzarote,2019,2,LANZAROTE AEROPUERTO,28,28,28,28,1,17.660714285714285,13.289285714285715,22.042857142857144,4.6,0,0,0
C029O,Lanzarote,2019,3,LANZAROTE AEROPUERTO,31,31,31,31,1,18.703225806451613,14.264516129032257,23.14516129032258,19,0,0,0
C029O,Lanzarote,2019,4,LANZAROTE AEROPUERTO,30,30,30,30,1,19.616666666666667,15.42,23.796666666666667,2.1,0,0,0
C029O,Lanzarote,2019,5,LANZAROTE AEROPUERTO,31,31,30,31,0.967741935483871,21.64,17.436666666666667,25.883333333333333,0.9,0,0,0
C029O,Lanzarote,2019,6,LANZAROTE AEROPUERTO,30,30,30,30,1,22.866666666666667,18.563333333333333,27.176666666666666,0.1,4,0,0
C029O,Lanzarote,2019,7,LANZAROTE AEROPUERTO,31,31,31,31,1,24.170967741935485,20.170967741935485,28.183870967741935,0.2,20,0,0
C029O,Lanzarote,2019,8,LANZAROTE AEROPUERTO,31,31,31,31,1,25.719354838709677,21.051612903225806,30.387096774193548,0,31,0,0
C029O,Lanzarote,2019,9,LANZAROTE AEROPUERTO,30,30,30,30,1,24.776666666666667,20.27,29.28,0.6,19,0,0
C029O,Lanzarote,2019,10,LANZAROTE AEROPUERTO,31,31,31,31,1,23.338709677419356,18.93225806451613,27.751612903225805,1.8,11,0,0
C029O,Lanzarote,2019,11,LANZAROTE AEROPUERTO,30,30,30,30,1,21.236666666666668,17.4,25.06,4.7,2,0,0
C029O,Lanzarote,2019,12,LANZAROTE AEROPUERTO,31,31,31,31,1,18.88064516129032,15.074193548387097,22.7,14.299999999999999,0,0,0
C029O,Lanzarote,2020,1,LANZAROTE AEROPUERTO,31,31,31,31,1,17.283870967741937,13.187096774193549,21.387096774193548,0.5,0,0,0
C029O,Lanzarote,2020,2,LANZAROTE AEROPUERTO,29,29,29,29,1,19.844827586206897,15.251724137931035,24.43448275862069,0,1,0,0
C029O,Lanzarote,2020,3,LANZAROTE AEROPUERTO,31,31,31,31,1,19.029032258064515,14.625806451612902,23.425806451612903,11.7,0,0,0
C029O,Lanzarote,2020,4,LANZAROTE AEROPUERTO,30,30,29,30,0.9666666666666667,20.43793103448276,16.093103448275862,24.782758620689656,14.1,0,0,0
C029O,Lanzarote,2020,5,LANZAROTE AEROPUERTO,31,31,31,31,1,22.370967741935484,17.677419354838708,27.070967741935483,0,1,0,0
C029O,Lanzarote,2020,6,LANZAROTE AEROPUERTO,30,30,28,30,0.9333333333333333,23.75357142857143,19.775,27.725,0.3,15,0,0
C029O,Lanzarote,2020,7,LANZAROTE AEROPUERTO,31,31,31,31,1,25.583870967741934,21.032258064516128,30.14516129032258,0,30,0,0
C029O,Lanzarote,2020,8,LANZAROTE AEROPUERTO,31,31,31,31,1,26.22258064516129,21.79032258064516,30.65806451612903,0,31,0,0
C029O,Lanzarote,2020,9,LANZAROTE AEROPUERTO,30,30,30,30,1,26.073333333333334,21.37,30.763333333333332,0,26,0,0
C029O,Lanzarote,2020,10,LANZAROTE AEROPUERTO,31,31,31,31,1,23.387096774193548,19.14516129032258,27.625806451612902,3.1,10,0,0
C029O,Lanzarote,2020,11,LANZAROTE AEROPUERTO,30,30,29,30,0.9666666666666667,20.775862068965516,16.69655172413793,24.862068965517242,32.699999999999996,0,0,0
C029O,Lanzarote,2020,12,LANZAROTE AEROPUERTO,31,31,31,31,1,18.64516129032258,14.970967741935484,22.31290322580645,4.8,0,0,0
C029O,Lanzarote,2021,1,LANZAROTE AEROPUERTO,31,31,31,31,1,17.44516129032258,13.55483870967742,21.35483870967742,47.599999999999994,0,0,0
C029O,Lanzarote,2021,2,LANZAROTE AEROPUERTO,28,28,28,28,1,17.614285714285714,13.367857142857144,21.839285714285715,19.9,0,0,0
C029O,Lanzarote,2021,3,LANZAROTE AEROPUERTO,31,31,30,31,0.967741935483871,18.93,14.58,23.266666666666666,3.1999999999999997,0,0,0
C029O,Lanzarote,2021,4,LANZAROTE AEROPUERTO,30,30,30,30,1,20.58,15.973333333333333,25.2,1.4,0,0,0
C029O,Lanzarote,2021,5,LANZAROTE AEROPUERTO,31,31,31,31,1,21.76451612903226,17.4,26.116129032258065,0,0,0,0
C029O,Lanzarote,2021,6,LANZAROTE AEROPUERTO,30,30,30,30,1,23.07,18.45,27.69,0.1,2,0,0
C029O,Lanzarote,2021,7,LANZAROTE AEROPUERTO,31,31,31,31,1,24.77741935483871,20.13225806451613,29.425806451612903,0,17,0,0
C029O,Lanzarote,2021,8,LANZAROTE AEROPUERTO,31,31,31,31,1,26.03548387096774,20.954838709677418,31.10322580645161,0,25,1,0
C029O,Lanzarote,2021,9,LANZAROTE AEROPUERTO,30,30,30,30,1,25.426666666666666,20.773333333333333,30.073333333333334,0,24,0,0
C029O,Lanzarote,2021,10,LANZAROTE AEROPUERTO,31,31,31,31,1,23.548387096774192,18.883870967741935,28.196774193548386,0,9,0,0
C029O,Lanzarote,2021,11,LANZAROTE AEROPUERTO,30,30,29,30,0.9666666666666667,19.786206896551725,15.693103448275862,23.858620689655172,7.800000000000001,0,0,0
C029O,Lanzarote,2021,12,LANZAROTE AEROPUERTO,31,31,31,31,1,18.506451612903227,14.635483870967743,22.36774193548387,0.2,0,0,0
C029O,Lanzarote,2022,1,LANZAROTE AEROPUERTO,31,31,31,31,1,18.080645161290324,14.316129032258065,21.835483870967742,7.2,0,0,0
C029O,Lanzarote,2022,2,LANZAROTE AEROPUERTO,28,28,28,28,1,19.789285714285715,15.582142857142857,24,9.1,0,0,0
C029O,Lanzarote,2022,3,LANZAROTE AEROPUERTO,31,31,31,31,1,18.480645161290322,14.103225806451613,22.84516129032258,19,0,0,0
C029O,Lanzarote,2022,4,LANZAROTE AEROPUERTO,30,30,30,30,1,20.173333333333332,15.583333333333334,24.753333333333334,5.8,1,0,0
C029O,Lanzarote,2022,5,LANZAROTE AEROPUERTO,31,31,30,31,0.967741935483871,22.36,17.82,26.89666666666667,0.9,1,0,0
C029O,Lanzarote,2022,6,LANZAROTE AEROPUERTO,30,30,30,30,1,23.57,19.336666666666666,27.81,0.4,6,0,0
C029O,Lanzarote,2022,7,LANZAROTE AEROPUERTO,31,31,30,31,0.967741935483871,26.043333333333333,21.063333333333333,31.02,0,23,0,0
C029O,Lanzarote,2022,8,LANZAROTE AEROPUERTO,31,31,31,31,1,25.84516129032258,21.348387096774193,30.35483870967742,0,30,0,0
C029O,Lanzarote,2022,9,LANZAROTE AEROPUERTO,30,30,29,30,0.9666666666666667,25.120689655172413,21.113793103448277,29.127586206896552,53.1,25,0,0
C029O,Lanzarote,2022,10,LANZAROTE AEROPUERTO,31,31,31,31,1,24.358064516129033,19.858064516129033,28.85483870967742,4.2,13,0,0
C029O,Lanzarote,2022,11,LANZAROTE AEROPUERTO,30,30,30,30,1,22.243333333333332,17.743333333333332,26.733333333333334,0.3,0,0,0
C029O,Lanzarote,2022,12,LANZAROTE AEROPUERTO,31,31,30,31,0.967741935483871,19.97,16.186666666666667,23.77,15.8,1,0,0
C029O,Lanzarote,2023,1,LANZAROTE AEROPUERTO,31,31,31,31,1,18.38064516129032,14.603225806451613,22.158064516129034,2.3,0,0,0
C029O,Lanzarote,2023,2,LANZAROTE AEROPUERTO,28,28,28,28,1,17.24642857142857,13.285714285714286,21.20357142857143,19.8,0,0,0
C029O,Lanzarote,2023,3,LANZAROTE AEROPUERTO,31,31,31,31,1,21.27741935483871,16.27741935483871,26.274193548387096,0.4,1,0,0
C029O,Lanzarote,2023,4,LANZAROTE AEROPUERTO,30,30,30,30,1,21.736666666666668,17.296666666666667,26.17,2.6,0,0,0
C029O,Lanzarote,2023,5,LANZAROTE AEROPUERTO,31,31,31,31,1,22.06451612903226,17.64516129032258,26.5,5.7,0,0,0
C029O,Lanzarote,2023,6,LANZAROTE AEROPUERTO,30,30,30,30,1,24.66,20.69,28.65,0,24,0,0
C029O,Lanzarote,2023,7,LANZAROTE AEROPUERTO,31,31,31,31,1,26.048387096774192,21.71290322580645,30.38064516129032,0,31,0,0
C029O,Lanzarote,2023,8,LANZAROTE AEROPUERTO,31,31,31,31,1,27.574193548387097,22.8,32.34193548387097,0,31,1,0
C029O,Lanzarote,2023,9,LANZAROTE AEROPUERTO,30,30,30,30,1,25.123333333333335,20.8,29.45,0,26,0,0
C029O,Lanzarote,2023,10,LANZAROTE AEROPUERTO,31,31,30,31,0.967741935483871,26.163333333333334,21.416666666666668,30.94,1.8,22,2,0
C029O,Lanzarote,2023,11,LANZAROTE AEROPUERTO,30,30,30,30,1,22.433333333333334,18.263333333333332,26.596666666666668,3.3,6,0,0
C029O,Lanzarote,2023,12,LANZAROTE AEROPUERTO,31,31,31,31,1,19.44516129032258,15.741935483870968,23.161290322580644,3.6,0,0,0
C029O,Lanzarote,2024,1,LANZAROTE AEROPUERTO,31,31,31,31,1,19.45483870967742,15.293548387096774,23.616129032258065,0,0,0,0
C029O,Lanzarote,2024,2,LANZAROTE AEROPUERTO,29,29,29,29,1,20.655172413793103,16.689655172413794,24.624137931034483,1.7,0,0,0
C029O,Lanzarote,2024,3,LANZAROTE AEROPUERTO,31,31,31,31,1,19.467741935483872,15.216129032258065,23.703225806451613,13.4,0,0,0
C029O,Lanzarote,2024,4,LANZAROTE AEROPUERTO,30,30,30,30,1,22.1,17.363333333333333,26.82,0.2,1,0,0
C029O,Lanzarote,2024,5,LANZAROTE AEROPUERTO,31,31,31,31,1,22.14516129032258,17.94516129032258,26.34193548387097,0.6,0,0,0
C029O,Lanzarote,2024,6,LANZAROTE AEROPUERTO,30,30,30,30,1,22.94,19.27,26.61,0.1,3,0,0
C029O,Lanzarote,2024,7,LANZAROTE AEROPUERTO,31,31,31,31,1,24.993548387096773,20.72258064516129,29.267741935483873,0.30000000000000004,24,0,0
C029O,Lanzarote,2024,8,LANZAROTE AEROPUERTO,31,31,31,31,1,26.14516129032258,21.925806451612903,30.34516129032258,2.1,31,0,0
C029O,Lanzarote,2024,9,LANZAROTE AEROPUERTO,30,30,30,30,1,24.386666666666667,20.356666666666666,28.43,0.1,18,0,0
C029O,Lanzarote,2024,10,LANZAROTE AEROPUERTO,31,31,31,31,1,23.60322580645161,19.906451612903226,27.296774193548387,7.699999999999999,18,0,0
C029O,Lanzarote,2024,11,LANZAROTE AEROPUERTO,30,30,30,30,1,22.673333333333332,18.653333333333332,26.703333333333333,8,7,0,0
C029O,Lanzarote,2024,12,LANZAROTE AEROPUERTO,31,31,31,31,1,19.59032258064516,16.18709677419355,22.970967741935485,10.5,0,0,0
C029O,Lanzarote,2025,1,LANZAROTE AEROPUERTO,31,31,31,31,1,18.383870967741935,14.387096774193548,22.39032258064516,1.2,0,0,0
C029O,Lanzarote,2025,2,LANZAROTE AEROPUERTO,28,28,28,28,1,18.37857142857143,14.221428571428572,22.539285714285715,2.3000000000000003,0,0,0
C029O,Lanzarote,2025,3,LANZAROTE AEROPUERTO,31,31,31,31,1,19.003225806451614,14.925806451612903,23.05483870967742,8.8,0,0,0
C029O,Lanzarote,2025,4,LANZAROTE AEROPUERTO,30,30,30,30,1,20.506666666666668,16.580000000000002,24.413333333333334,7.5,0,0,0
C029O,Lanzarote,2025,5,LANZAROTE AEROPUERTO,31,31,31,31,1,21.748387096774195,17.6,25.893548387096775,0,0,0,0
C029O,Lanzarote,2025,6,LANZAROTE AEROPUERTO,30,30,30,30,1,23.753333333333334,19.773333333333333,27.736666666666668,0,12,0,0
C029O,Lanzarote,2025,7,LANZAROTE AEROPUERTO,31,31,31,31,1,25.39032258064516,21.177419354838708,29.619354838709675,0,30,0,0
C029O,Lanzarote,2025,8,LANZAROTE AEROPUERTO,31,31,31,31,1,26.79032258064516,22.52258064516129,31.080645161290324,0,30,3,0
C029O,Lanzarote,2025,9,LANZAROTE AEROPUERTO,30,30,30,30,1,26.2,21.796666666666667,30.576666666666668,0.2,27,2,0
C029O,Lanzarote,2025,10,LANZAROTE AEROPUERTO,31,31,31,31,1,23.516129032258064,19.77741935483871,27.241935483870968,0.3,14,0,0
C029O,Lanzarote,2025,11,LANZAROTE AEROPUERTO,30,30,30,30,1,21.463333333333335,17.54,25.39,8.5,3,0,0
C029O,Lanzarote,2025,12,LANZAROTE AEROPUERTO,31,31,31,31,1,18,14.180645161290322,21.81935483870968,53.7,0,0,0
C038N,Lanzarote,2015,1,HARÍA,31,31,29,29,0.9354838709677419,14.96896551724138,12.920689655172414,17.017241379310345,14.8,0,0,0
C038N,Lanzarote,2015,2,HARÍA,28,28,28,28,1,14.010714285714286,11.717857142857143,16.29285714285714,7.6000000000000005,0,0,0
C038N,Lanzarote,2015,3,HARÍA,31,31,29,28,0.9354838709677419,15.662068965517241,12.26896551724138,19.041379310344826,15.6,0,0,0
C038N,Lanzarote,2015,4,HARÍA,30,30,30,29,1,16.683333333333334,13.063333333333333,20.29,0.2,0,0,0
C038N,Lanzarote,2015,5,HARÍA,31,31,31,31,1,19.809677419354838,15.783870967741935,23.858064516129033,0,2,0,0
C038N,Lanzarote,2015,6,HARÍA,30,30,30,30,1,19.85,16.426666666666666,23.253333333333334,0.2,0,0,0
C038N,Lanzarote,2015,7,HARÍA,31,31,31,31,1,23.016129032258064,19.293548387096774,26.748387096774195,0,6,0,0
C038N,Lanzarote,2015,8,HARÍA,31,31,30,30,0.967741935483871,23.06,19.68,26.436666666666667,0,9,0,0
C038N,Lanzarote,2015,9,HARÍA,30,30,30,30,1,22.65,19.29,26.013333333333335,0,5,0,0
C038N,Lanzarote,2015,10,HARÍA,31,31,30,28,0.967741935483871,21.63,18.206666666666667,25.046666666666667,0,4,0,0
C038N,Lanzarote,2015,11,HARÍA,30,30,28,28,0.9333333333333333,18.82857142857143,15.957142857142857,21.71785714285714,2.4,0,0,0
C038N,Lanzarote,2015,12,HARÍA,31,31,31,31,1,17.545161290322582,14.1,20.983870967741936,10.799999999999999,0,0,0
C038N,Lanzarote,2016,1,HARÍA,31,31,31,31,1,16.57741935483871,13.2,19.95806451612903,10.6,0,0,0
C038N,Lanzarote,2016,2,HARÍA,29,29,29,29,1,15.43448275862069,12.710344827586207,18.16896551724138,16.6,0,0,0
C038N,Lanzarote,2016,3,HARÍA,31,28,28,28,0.9032258064516129,15.321428571428571,12.496428571428572,18.132142857142856,5,0,0,0
C038N,Lanzarote,2016,4,HARÍA,30,30,30,30,1,16.64,13.52,19.766666666666666,4.8,0,0,0
C038N,Lanzarote,2016,5,HARÍA,31,31,31,31,1,17.954838709677418,15.119354838709677,20.793548387096774,3.2,0,0,0
C038N,Lanzarote,2016,6,HARÍA,30,30,30,30,1,20.45,17.03,23.876666666666665,0.4,0,0,0
C038N,Lanzarote,2016,7,HARÍA,31,31,31,31,1,22.193548387096772,18.725806451612904,25.661290322580644,0.4,4,0,0
C038N,Lanzarote,2016,8,HARÍA,31,31,31,31,1,23.225806451612904,19.6,26.848387096774193,0,7,0,0
C038N,Lanzarote,2016,9,HARÍA,30,30,30,30,1,21.883333333333333,18.883333333333333,24.863333333333333,0,0,0,0
C038N,Lanzarote,2016,10,HARÍA,31,31,31,31,1,21.183870967741935,17.864516129032257,24.496774193548386,43.199999999999996,3,0,0
C038N,Lanzarote,2016,11,HARÍA,30,30,30,30,1,18.06,15.383333333333333,20.73,25.2,0,0,0
C038N,Lanzarote,2016,12,HARÍA,31,31,31,31,1,16.741935483870968,14.14516129032258,19.329032258064515,29,0,0,0
C038N,Lanzarote,2017,1,HARÍA,31,31,31,31,1,15.603225806451613,12.90967741935484,18.26451612903226,0.8,0,0,0
C038N,Lanzarote,2017,2,HARÍA,28,28,28,28,1,15.442857142857143,12.375,18.52857142857143,44.6,0,0,0
C038N,Lanzarote,2017,3,HARÍA,31,31,31,31,1,16.74516129032258,13.30967741935484,20.174193548387098,0.6000000000000001,0,0,0
C038N,Lanzarote,2017,4,HARÍA,30,30,30,30,1,18.776666666666667,14.936666666666667,22.623333333333335,0,0,0,0
C038N,Lanzarote,2017,5,HARÍA,31,31,31,31,1,19.580645161290324,16.403225806451612,22.751612903225805,1.7999999999999998,0,0,0
C038N,Lanzarote,2017,6,HARÍA,30,30,30,30,1,21.22,17.94,24.476666666666667,0.2,4,0,0
C038N,Lanzarote,2017,7,HARÍA,31,31,31,31,1,22.27741935483871,18.809677419354838,25.75483870967742,0,2,0,0
C038N,Lanzarote,2017,8,HARÍA,31,30,29,30,0.9354838709677419,23.586206896551726,19.872413793103448,27.320689655172416,0,6,1,0
C038N,Lanzarote,2017,9,HARÍA,30,30,30,29,1,22.066666666666666,18.96,25.153333333333332,0,1,0,0
C038N,Lanzarote,2017,10,HARÍA,31,30,27,30,0.8709677419354839,22.462962962962962,18.103703703703705,26.83703703703704,0,4,2,0
C038N,Lanzarote,2017,11,HARÍA,30,30,29,29,0.9666666666666667,19.73448275862069,16.56551724137931,22.9,7.999999999999999,2,0,0
C038N,Lanzarote,2017,12,HARÍA,31,31,31,31,1,15.987096774193548,13.187096774193549,18.774193548387096,5.8,0,0,0
C038N,Lanzarote,2018,1,HARÍA,31,31,31,31,1,14.825806451612904,12.348387096774193,17.31290322580645,11.4,0,0,0
C038N,Lanzarote,2018,2,HARÍA,28,28,28,28,1,14.246428571428572,11.467857142857143,17.017857142857142,14.8,0,0,0
C038N,Lanzarote,2018,3,HARÍA,31,31,31,31,1,16.729032258064517,13.73225806451613,19.725806451612904,5.4,0,0,0
C038N,Lanzarote,2018,4,HARÍA,30,30,30,30,1,16.516666666666666,13.646666666666667,19.386666666666667,10.8,0,0,0
C038N,Lanzarote,2018,5,HARÍA,31,31,30,30,0.967741935483871,17.14,14.44,19.846666666666668,0.2,0,0,0
C038N,Lanzarote,2018,6,HARÍA,30,30,30,30,1,18.95,16.256666666666668,21.64666666666667,1,0,0,0
C038N,Lanzarote,2018,7,HARÍA,31,31,31,31,1,20.848387096774193,18.003225806451614,23.693548387096776,0,1,0,0
C038N,Lanzarote,2018,8,HARÍA,31,31,31,31,1,22.241935483870968,19.248387096774195,25.24516129032258,2.6,3,0,0
C038N,Lanzarote,2018,9,HARÍA,30,30,30,30,1,22.72,19.393333333333334,26.063333333333333,0.4,7,0,0
C038N,Lanzarote,2018,10,HARÍA,31,31,31,31,1,20.60967741935484,17.4,23.783870967741937,16.8,1,0,0
C038N,Lanzarote,2018,11,HARÍA,30,30,30,30,1,17.493333333333332,15.076666666666666,19.89666666666667,29.400000000000002,0,0,0
C038N,Lanzarote,2018,12,HARÍA,31,31,31,31,1,16.729032258064517,13.519354838709678,19.938709677419354,0,0,0,0
C038N,Lanzarote,2019,1,HARÍA,31,31,31,31,1,14.870967741935484,11.861290322580645,17.874193548387098,13.5,0,0,0
C038N,Lanzarote,2019,2,HARÍA,28,28,28,28,1,16.167857142857144,12.085714285714285,20.25,5.800000000000001,0,0,0
C038N,Lanzarote,2019,3,HARÍA,31,31,31,31,1,16.248387096774195,13.135483870967741,19.37741935483871,3.4000000000000004,0,0,0
C038N,Lanzarote,2019,4,HARÍA,30,30,30,30,1,16.996666666666666,13.956666666666667,20.043333333333333,6.800000000000001,0,0,0
C038N,Lanzarote,2019,5,HARÍA,31,31,31,31,1,18.806451612903224,15.5,22.096774193548388,0.2,0,0,0
C038N,Lanzarote,2019,6,HARÍA,30,30,30,30,1,20.32,17.043333333333333,23.62,2.2,1,0,0
C038N,Lanzarote,2019,7,HARÍA,31,31,31,31,1,20.92258064516129,18.161290322580644,23.703225806451613,0.6000000000000001,0,0,0
C038N,Lanzarote,2019,8,HARÍA,31,31,31,31,1,22.412903225806453,19.16774193548387,25.648387096774194,0.2,4,0,0
C038N,Lanzarote,2019,9,HARÍA,30,30,30,30,1,21.776666666666667,18.716666666666665,24.83,0,1,0,0
C038N,Lanzarote,2019,10,HARÍA,31,31,31,31,1,20.835483870967742,17.725806451612904,23.941935483870967,0,2,0,0
C038N,Lanzarote,2019,11,HARÍA,30,30,29,29,0.9666666666666667,18.479310344827585,16.106896551724137,20.841379310344827,0,0,0,0
C038N,Lanzarote,2019,12,HARÍA,31,31,30,30,0.967741935483871,16.876666666666665,14.29,19.443333333333335,32.6,0,0,0
C038N,Lanzarote,2020,1,HARÍA,31,31,31,31,1,15.55483870967742,12.351612903225806,18.738709677419354,4,0,0,0
C038N,Lanzarote,2020,2,HARÍA,29,29,29,29,1,17.70689655172414,14.310344827586206,21.093103448275862,0,0,0,0
C038N,Lanzarote,2020,3,HARÍA,31,31,31,31,1,16.38064516129032,13.406451612903226,19.35483870967742,17.6,0,0,0
C038N,Lanzarote,2020,4,HARÍA,30,30,30,30,1,17.82,14.726666666666667,20.9,3.2,0,0,0
C038N,Lanzarote,2020,5,HARÍA,31,31,31,31,1,19.529032258064515,16.1,22.961290322580645,6.2,0,0,0
C038N,Lanzarote,2020,6,HARÍA,30,30,30,30,1,20.726666666666667,17.53333333333333,23.92,0.2,0,0,0
C038N,Lanzarote,2020,7,HARÍA,31,31,31,31,1,22.825806451612902,19.283870967741937,26.361290322580643,0.2,5,0,0
C038N,Lanzarote,2020,8,HARÍA,31,31,29,29,0.9354838709677419,23.43448275862069,20.24137931034483,26.637931034482758,1.8,9,2,0
C038N,Lanzarote,2020,9,HARÍA,30,30,30,30,1,23.03,19.566666666666666,26.486666666666665,0,10,0,0
C038N,Lanzarote,2020,10,HARÍA,31,31,31,31,1,20.77741935483871,17.796774193548387,23.774193548387096,6.6000000000000005,0,0,0
C038N,Lanzarote,2020,11,HARÍA,30,30,30,30,1,19.346666666666668,16.073333333333334,22.61,47,2,0,0
C038N,Lanzarote,2020,12,HARÍA,31,31,31,31,1,16.4,14.080645161290322,18.70967741935484,26.4,0,0,0
C038N,Lanzarote,2021,1,HARÍA,31,31,31,31,1,15.512903225806452,12.764516129032257,18.26774193548387,35,0,0,0
C038N,Lanzarote,2021,2,HARÍA,28,28,28,28,1,15.45,12.446428571428571,18.446428571428573,63,0,0,0
C038N,Lanzarote,2021,3,HARÍA,31,31,31,31,1,16.76451612903226,13.45483870967742,20.06451612903226,12.200000000000001,0,0,0
C038N,Lanzarote,2021,4,HARÍA,30,30,30,30,1,18.053333333333335,14.87,21.256666666666668,2.6,0,0,0
C038N,Lanzarote,2021,5,HARÍA,31,31,31,31,1,18.5,15.812903225806451,21.190322580645162,0,0,0,0
C038N,Lanzarote,2021,6,HARÍA,30,30,30,30,1,19.956666666666667,16.796666666666667,23.10333333333333,0.2,1,0,0
C038N,Lanzarote,2021,7,HARÍA,31,31,31,31,1,21.92258064516129,18.39032258064516,25.451612903225808,0,3,0,0
C038N,Lanzarote,2021,8,HARÍA,31,31,31,31,1,22.732258064516127,19.370967741935484,26.087096774193547,0,6,1,0
C038N,Lanzarote,2021,9,HARÍA,30,30,30,30,1,22.34,19.27,25.433333333333334,0,8,0,0
C038N,Lanzarote,2021,10,HARÍA,31,31,30,30,0.967741935483871,20.62,17.41,23.83,0,1,0,0
C038N,Lanzarote,2021,11,HARÍA,30,30,30,30,1,17.580000000000002,14.683333333333334,20.466666666666665,3.4,0,0,0
C038N,Lanzarote,2021,12,HARÍA,31,31,31,31,1,17.14516129032258,14.351612903225806,19.919354838709676,5.2,0,0,0
C038N,Lanzarote,2022,1,HARÍA,31,31,31,31,1,16.161290322580644,13.03225806451613,19.283870967741937,12,0,0,0
C038N,Lanzarote,2022,2,HARÍA,28,28,28,28,1,17.589285714285715,14.435714285714285,20.771428571428572,8.6,0,0,0
C038N,Lanzarote,2022,3,HARÍA,31,31,30,30,0.967741935483871,15.776666666666667,13.036666666666667,18.503333333333334,40,0,0,0
C038N,Lanzarote,2022,4,HARÍA,30,30,29,29,0.9666666666666667,16.924137931034483,13.96896551724138,19.875862068965517,19.400000000000002,0,0,0
C038N,Lanzarote,2022,5,HARÍA,31,31,31,31,1,19.387096774193548,15.974193548387097,22.796774193548387,0,0,0,0
C038N,Lanzarote,2022,6,HARÍA,30,30,30,30,1,20.093333333333334,17.26,22.923333333333332,1.2,0,0,0
C038N,Lanzarote,2022,7,HARÍA,31,31,31,31,1,23.25483870967742,19.63225806451613,26.86774193548387,0.2,9,2,0
C038N,Lanzarote,2022,8,HARÍA,31,31,31,31,1,22.496774193548386,19.596774193548388,25.393548387096775,0,5,0,0
C038N,Lanzarote,2022,9,HARÍA,30,30,30,30,1,21.97,19.45,24.506666666666668,76.8,9,0,0
C038N,Lanzarote,2022,10,HARÍA,31,31,31,31,1,21.616129032258065,18.138709677419357,25.10967741935484,3.8,2,0,0
C038N,Lanzarote,2022,11,HARÍA,30,30,30,30,1,20.246666666666666,17.10333333333333,23.403333333333332,0.8,0,0,0
C038N,Lanzarote,2022,12,HARÍA,31,31,31,31,1,18.42258064516129,15.258064516129032,21.6,28.6,0,0,0
C038N,Lanzarote,2023,1,HARÍA,31,31,31,31,1,16.183870967741935,13.664516129032258,18.696774193548386,12.6,0,0,0
C038N,Lanzarote,2023,2,HARÍA,28,28,28,28,1,14.817857142857143,11.832142857142857,17.810714285714287,50.6,0,0,0
C038N,Lanzarote,2023,3,HARÍA,31,31,31,31,1,18.403225806451612,14.587096774193547,22.203225806451613,1.2000000000000002,0,0,0
C038N,Lanzarote,2023,4,HARÍA,30,30,30,30,1,18.606666666666666,15.47,21.736666666666668,0.6,0,0,0
C038N,Lanzarote,2023,5,HARÍA,31,31,31,31,1,19.412903225806453,16.274193548387096,22.574193548387097,1.7999999999999998,0,0,0
C038N,Lanzarote,2023,6,HARÍA,30,30,30,30,1,22.15,18.65,25.65,2.4000000000000004,2,0,0
C038N,Lanzarote,2023,7,HARÍA,31,31,31,31,1,22.87741935483871,19.729032258064517,26.019354838709678,0,9,0,0
C038N,Lanzarote,2023,8,HARÍA,31,31,31,31,1,24.516129032258064,20.903225806451612,28.129032258064516,0,21,0,0
C038N,Lanzarote,2023,9,HARÍA,30,30,30,30,1,22.616666666666667,19.376666666666665,25.86,3.6,9,0,0
C038N,Lanzarote,2023,10,HARÍA,31,31,31,31,1,24.006451612903227,20.02258064516129,27.993548387096773,9.799999999999999,17,1,0
C038N,Lanzarote,2023,11,HARÍA,30,30,29,29,0.9666666666666667,20.13448275862069,16.71034482758621,23.593103448275862,2.2,0,0,0
C038N,Lanzarote,2023,12,HARÍA,31,31,31,31,1,17.37741935483871,14.061290322580644,20.68709677419355,53.4,0,0,0
C038N,Lanzarote,2024,1,HARÍA,31,31,31,31,1,18.516129032258064,14.819354838709677,22.177419354838708,2.2,2,0,0
C038N,Lanzarote,2024,2,HARÍA,29,29,29,29,1,18.23103448275862,15.1,21.375862068965517,4.3999999999999995,0,0,0
C038N,Lanzarote,2024,3,HARÍA,31,31,31,31,1,17.096774193548388,14.070967741935483,20.11935483870968,31.400000000000002,0,0,0
C038N,Lanzarote,2024,4,HARÍA,30,30,30,30,1,19.73,15.826666666666666,23.626666666666665,1,1,0,0
C038N,Lanzarote,2024,5,HARÍA,31,31,30,30,0.967741935483871,18.856666666666666,16.03,21.663333333333334,5,0,0,0
C038N,Lanzarote,2024,6,HARÍA,30,30,29,30,0.9666666666666667,19.658620689655173,17.041379310344826,22.282758620689656,1.6,0,0,0
C038N,Lanzarote,2024,7,HARÍA,31,31,30,31,0.967741935483871,22.14,18.9,25.4,0.4,3,0,0
C038N,Lanzarote,2024,8,HARÍA,31,31,30,31,0.967741935483871,22.75,19.89,25.616666666666667,0,10,0,0
C038N,Lanzarote,2024,9,HARÍA,30,30,29,30,0.9666666666666667,21.455172413793104,18.52413793103448,24.386206896551723,0,0,0,0
C038N,Lanzarote,2024,10,HARÍA,31,31,31,31,1,20.75483870967742,18.309677419354838,23.18709677419355,0,1,0,0
C038N,Lanzarote,2024,11,HARÍA,30,29,29,29,0.9666666666666667,21.286206896551725,17.755172413793105,24.841379310344827,0,7,0,0
C038N,Lanzarote,2024,12,HARÍA,31,31,31,31,1,17.506451612903227,14.745161290322581,20.274193548387096,0.8,0,0,0
C038N,Lanzarote,2025,1,HARÍA,31,31,31,31,1,16.177419354838708,12.970967741935484,19.383870967741935,1.5999999999999999,0,0,0
C038N,Lanzarote,2025,2,HARÍA,28,28,28,28,1,16.139285714285716,13.060714285714285,19.232142857142858,9,0,0,0
C038N,Lanzarote,2025,3,HARÍA,31,31,31,31,1,16.27741935483871,13.470967741935484,19.1,48.6,0,0,0
C038N,Lanzarote,2025,4,HARÍA,30,30,29,29,0.9666666666666667,17.606896551724137,14.913793103448276,20.29310344827586,37.6,0,0,0
C038N,Lanzarote,2025,5,HARÍA,31,31,31,30,1,18.758064516129032,15.651612903225807,21.835483870967742,2.5999999999999996,0,0,0
C038N,Lanzarote,2025,6,HARÍA,30,30,30,30,1,20.42,17.516666666666666,23.346666666666668,0,0,0,0
C038N,Lanzarote,2025,7,HARÍA,31,31,31,31,1,22.303225806451614,19.14516129032258,25.467741935483872,2,3,1,0
C038N,Lanzarote,2025,8,HARÍA,31,31,31,31,1,24.135483870967743,20.61935483870968,27.648387096774194,1.2,22,1,0
C038N,Lanzarote,2025,9,HARÍA,30,30,30,30,1,22.933333333333334,19.72,26.133333333333333,2.2,11,0,0
C038N,Lanzarote,2025,10,HARÍA,31,31,31,31,1,20.961290322580645,18.093548387096774,23.835483870967742,0.8,0,0,0
C038N,Lanzarote,2025,11,HARÍA,30,30,30,30,1,19.42,16.613333333333333,22.226666666666667,22.2,0,0,0
C038N,Lanzarote,2025,12,HARÍA,31,31,31,31,1,16.16774193548387,13.458064516129033,18.89677419354839,74.6,0,0,0
C048W,Lanzarote,2015,1,TINAJO,31,30,26,28,0.8387096774193549,14.561538461538461,12.253846153846155,16.865384615384617,3,0,0,0
C048W,Lanzarote,2015,2,TINAJO,28,28,28,28,1,13.967857142857143,11.971428571428572,15.975,5.6,0,0,0
C048W,Lanzarote,2015,3,TINAJO,31,31,30,29,0.967741935483871,15.5,12.483333333333334,18.526666666666667,24.8,0,0,0
C048W,Lanzarote,2015,4,TINAJO,30,29,27,26,0.9,16.296296296296298,13.492592592592592,19.107407407407408,0,0,0,0
C048W,Lanzarote,2015,5,TINAJO,31,31,31,31,1,19.232258064516127,15.738709677419354,22.725806451612904,0,2,0,0
C048W,Lanzarote,2015,6,TINAJO,30,30,29,29,0.9666666666666667,18.879310344827587,16.486206896551725,21.26551724137931,0.4,0,0,0
C048W,Lanzarote,2015,7,TINAJO,31,31,31,31,1,21.532258064516128,18.970967741935485,24.093548387096774,0,2,0,0
C048W,Lanzarote,2015,8,TINAJO,31,30,29,29,0.9354838709677419,22.368965517241378,19.586206896551726,25.158620689655173,2.5999999999999996,8,0,0
C048W,Lanzarote,2015,9,TINAJO,30,30,30,30,1,22.346666666666668,19.263333333333332,25.43,1,7,0,0
C048W,Lanzarote,2015,10,TINAJO,31,28,26,26,0.8387096774193549,21.484615384615385,18.334615384615386,24.615384615384617,67.8,5,0,0
C048W,Lanzarote,2015,11,TINAJO,30,27,25,25,0.8333333333333334,19.348,16.32,22.38,0.8,0,0,0
C048W,Lanzarote,2015,12,TINAJO,31,25,18,19,0.5806451612903226,18.094444444444445,14.827777777777778,21.366666666666667,1.4,0,0,0
C048W,Lanzarote,2016,1,TINAJO,31,28,26,25,0.8387096774193549,17.23846153846154,13.507692307692308,20.96923076923077,0.4,0,0,0
C048W,Lanzarote,2016,2,TINAJO,29,29,29,29,1,15.610344827586207,12.86896551724138,18.36551724137931,29,0,0,0
C048W,Lanzarote,2016,3,TINAJO,31,31,31,31,1,15.674193548387096,12.819354838709677,18.51290322580645,7.8,0,0,0
C048W,Lanzarote,2016,4,TINAJO,30,30,30,30,1,16.56,13.573333333333334,19.55,11,0,0,0
C048W,Lanzarote,2016,5,TINAJO,31,31,30,30,0.967741935483871,17.60333333333333,15.07,20.15,4,0,0,0
C048W,Lanzarote,2016,6,TINAJO,30,30,30,30,1,19.546666666666667,17.009999999999998,22.09,0,0,0,0
C048W,Lanzarote,2016,7,TINAJO,31,31,31,31,1,20.741935483870968,18.316129032258065,23.174193548387098,0,1,0,0
C048W,Lanzarote,2016,8,TINAJO,31,31,31,31,1,22.325806451612902,19.63225806451613,25.058064516129033,0,6,0,0
C048W,Lanzarote,2016,9,TINAJO,30,30,30,30,1,21.346666666666668,18.943333333333335,23.75,0,2,0,0
C048W,Lanzarote,2016,10,TINAJO,31,31,31,31,1,20.951612903225808,17.883870967741935,24.003225806451614,53.6,1,0,0
C048W,Lanzarote,2016,11,TINAJO,30,30,30,30,1,18.176666666666666,15.08,21.25,28.6,0,0,0
C048W,Lanzarote,2016,12,TINAJO,31,31,31,31,1,16.83225806451613,14.209677419354838,19.45806451612903,24.2,0,0,0
C048W,Lanzarote,2017,1,TINAJO,31,31,31,31,1,15.593548387096774,12.990322580645161,18.18709677419355,5.8,0,0,0
C048W,Lanzarote,2017,2,TINAJO,28,28,28,28,1,15.585714285714285,12.903571428571428,18.267857142857142,37.800000000000004,0,0,0
C048W,Lanzarote,2017,3,TINAJO,31,31,31,31,1,17.13225806451613,13.603225806451613,20.64516129032258,2.2,1,0,0
C048W,Lanzarote,2017,4,TINAJO,30,29,29,29,0.9666666666666667,19.3,15.524137931034483,23.093103448275862,0,2,0,0
C048W,Lanzarote,2017,5,TINAJO,31,31,31,31,1,19.419354838709676,16.490322580645163,22.361290322580647,1.2000000000000002,0,0,0
C048W,Lanzarote,2017,6,TINAJO,30,30,30,30,1,20.37,17.803333333333335,22.93,0,1,0,0
C048W,Lanzarote,2017,7,TINAJO,31,31,31,31,1,20.974193548387095,18.490322580645163,23.44516129032258,0.2,0,0,0
C048W,Lanzarote,2017,8,TINAJO,31,31,31,31,1,22.59032258064516,19.525806451612905,25.63225806451613,0,6,0,0
C048W,Lanzarote,2017,9,TINAJO,30,30,30,30,1,21.593333333333334,18.86,24.326666666666668,0,1,0,0
C048W,Lanzarote,2017,10,TINAJO,31,31,31,31,1,22.641935483870967,18.635483870967743,26.629032258064516,0,5,2,0
C048W,Lanzarote,2017,11,TINAJO,30,30,30,29,1,20.113333333333333,16.80666666666667,23.426666666666666,1,1,0,0
C048W,Lanzarote,2017,12,TINAJO,31,31,31,31,1,15.748387096774193,12.812903225806451,18.677419354838708,19.599999999999998,0,0,0
C048W,Lanzarote,2018,1,TINAJO,31,31,31,31,1,14.932258064516128,12.216129032258065,17.64516129032258,23.8,0,0,0
C048W,Lanzarote,2018,2,TINAJO,28,28,28,28,1,14.221428571428572,11.45357142857143,16.964285714285715,45.8,0,0,0
C048W,Lanzarote,2018,3,TINAJO,31,31,31,31,1,16.89677419354839,14.119354838709677,19.674193548387098,7,0,0,0
C048W,Lanzarote,2018,4,TINAJO,30,30,30,30,1,16.12,13.766666666666667,18.48,13,0,0,0
C048W,Lanzarote,2018,5,TINAJO,31,31,31,31,1,16.83225806451613,14.541935483870969,19.138709677419353,1.2,0,0,0
C048W,Lanzarote,2018,6,TINAJO,30,30,30,30,1,18.616666666666667,16.293333333333333,20.92,0.2,0,0,0
C048W,Lanzarote,2018,7,TINAJO,31,31,31,31,1,20.261290322580646,17.85483870967742,22.65483870967742,0,0,0,0
C048W,Lanzarote,2018,8,TINAJO,31,31,31,31,1,21.474193548387095,19.074193548387097,23.87741935483871,0,1,0,0
C048W,Lanzarote,2018,9,TINAJO,30,30,30,30,1,22.096666666666668,19.383333333333333,24.79,0,7,0,0
C048W,Lanzarote,2018,10,TINAJO,31,31,31,31,1,20.525806451612905,17.558064516129033,23.493548387096773,22.8,0,0,0
C048W,Lanzarote,2018,11,TINAJO,30,30,29,30,0.9666666666666667,17.43793103448276,15.058620689655173,19.824137931034482,41,0,0,0
C048W,Lanzarote,2018,12,TINAJO,31,31,31,31,1,17.351612903225806,13.77741935483871,20.925806451612903,0.4,0,0,0
C048W,Lanzarote,2019,1,TINAJO,31,31,31,31,1,14.82258064516129,11.870967741935484,17.751612903225805,9.4,0,0,0
C048W,Lanzarote,2019,2,TINAJO,28,28,28,28,1,17.05,12.821428571428571,21.289285714285715,5.6,0,0,0
C048W,Lanzarote,2019,3,TINAJO,31,31,31,31,1,16.18064516129032,13.303225806451612,19.05483870967742,1.4,0,0,0
C048W,Lanzarote,2019,4,TINAJO,30,30,30,30,1,16.696666666666665,14.03,19.373333333333335,3.2,0,0,0
C048W,Lanzarote,2019,5,TINAJO,31,31,31,31,1,18.080645161290324,15.62258064516129,20.51290322580645,0,0,0,0
C048W,Lanzarote,2019,6,TINAJO,30,30,30,30,1,19.67,16.75,22.583333333333332,0,0,0,0
C048W,Lanzarote,2019,7,TINAJO,31,31,31,31,1,20.29032258064516,18.038709677419355,22.54193548387097,0,0,0,0
C048W,Lanzarote,2019,8,TINAJO,31,31,31,31,1,21.574193548387097,19.019354838709678,24.12258064516129,0,1,0,0
C048W,Lanzarote,2019,9,TINAJO,30,30,30,30,1,21.49,18.856666666666666,24.116666666666667,0,0,0,0
C048W,Lanzarote,2019,10,TINAJO,31,31,30,29,0.967741935483871,20.876666666666665,17.94,23.806666666666665,0,3,0,0
C048W,Lanzarote,2019,11,TINAJO,30,30,24,24,0.8,18.633333333333333,16.2125,21.0625,2.2,0,0,0
C048W,Lanzarote,2019,12,TINAJO,31,30,29,29,0.9354838709677419,17.224137931034484,14.651724137931035,19.810344827586206,15.6,0,0,0
C048W,Lanzarote,2020,1,TINAJO,31,31,31,31,1,15.6,12.209677419354838,18.97741935483871,1.6,0,0,0
C048W,Lanzarote,2020,2,TINAJO,29,29,29,29,1,18.28965517241379,14.820689655172414,21.75862068965517,0,1,0,0
C048W,Lanzarote,2020,3,TINAJO,31,31,31,31,1,16.580645161290324,13.470967741935484,19.693548387096776,16,0,0,0
C048W,Lanzarote,2020,4,TINAJO,30,30,30,30,1,17.546666666666667,14.63,20.466666666666665,4.8,0,0,0
C048W,Lanzarote,2020,5,TINAJO,31,31,31,31,1,19.161290322580644,16.096774193548388,22.216129032258063,2.6,0,0,0
C048W,Lanzarote,2020,6,TINAJO,30,29,29,29,0.9666666666666667,20.76551724137931,17.648275862068967,23.886206896551723,0.8,0,0,0
C048W,Lanzarote,2020,7,TINAJO,31,31,31,31,1,21.39677419354839,18.906451612903226,23.89677419354839,0,2,0,0
C048W,Lanzarote,2020,8,TINAJO,31,31,30,30,0.967741935483871,22.193333333333335,19.57,24.82,0.4,6,0,0
C048W,Lanzarote,2020,9,TINAJO,30,30,30,30,1,22.473333333333333,19.47,25.486666666666668,0,11,0,0
C048W,Lanzarote,2020,10,TINAJO,31,31,31,31,1,20.725806451612904,17.56451612903226,23.893548387096775,0.8,0,0,0
C048W,Lanzarote,2020,11,TINAJO,30,30,30,30,1,19.606666666666666,16.133333333333333,23.096666666666668,19.8,3,0,0
C048W,Lanzarote,2020,12,TINAJO,31,31,31,31,1,16.574193548387097,14.135483870967741,19.003225806451614,22.8,0,0,0
C048W,Lanzarote,2021,1,TINAJO,31,31,31,31,1,15.593548387096774,12.751612903225807,18.42258064516129,32,0,0,0
C048W,Lanzarote,2021,2,TINAJO,28,28,28,28,1,15.664285714285715,12.696428571428571,18.632142857142856,44,0,0,0
C048W,Lanzarote,2021,3,TINAJO,31,31,31,31,1,16.816129032258065,13.896774193548387,19.725806451612904,6.6000000000000005,0,0,0
C048W,Lanzarote,2021,4,TINAJO,30,30,30,30,1,17.796666666666667,14.92,20.663333333333334,2.8000000000000003,0,0,0
C048W,Lanzarote,2021,5,TINAJO,31,31,31,31,1,18,15.835483870967742,20.174193548387098,0,0,0,0
C048W,Lanzarote,2021,6,TINAJO,30,30,30,30,1,19.166666666666668,16.64666666666667,21.69,1.2,0,0,0
C048W,Lanzarote,2021,7,TINAJO,31,31,31,31,1,20.441935483870967,18.01290322580645,22.85483870967742,0,1,0,0
C048W,Lanzarote,2021,8,TINAJO,31,31,31,31,1,21.648387096774194,18.86774193548387,24.451612903225808,0,3,0,0
C048W,Lanzarote,2021,9,TINAJO,30,30,30,30,1,22.23,19.286666666666665,25.173333333333332,0.6,8,0,0
C048W,Lanzarote,2021,10,TINAJO,31,31,31,31,1,20.674193548387098,17.87741935483871,23.454838709677418,0.8,1,0,0
C048W,Lanzarote,2021,11,TINAJO,30,28,28,28,0.9333333333333333,17.339285714285715,14.471428571428572,20.214285714285715,9.8,0,0,0
C048W,Lanzarote,2021,12,TINAJO,31,31,31,31,1,17.083870967741934,13.964516129032258,20.196774193548386,1.2,0,0,0
C048W,Lanzarote,2022,1,TINAJO,31,31,31,31,1,16.248387096774195,13.1,19.39032258064516,6.800000000000001,0,0,0
C048W,Lanzarote,2022,2,TINAJO,28,22,22,22,0.7857142857142857,17.154545454545456,14.204545454545455,20.127272727272725,6,0,0,0
C048W,Lanzarote,2022,3,TINAJO,31,31,31,31,1,15.635483870967741,13.180645161290322,18.096774193548388,12.4,0,0,0
C048W,Lanzarote,2022,4,TINAJO,30,30,30,30,1,17.03,14.12,19.936666666666667,11.2,1,0,0
C048W,Lanzarote,2022,5,TINAJO,31,31,31,31,1,19.15483870967742,16.083870967741934,22.23548387096774,0,1,0,0
C048W,Lanzarote,2022,6,TINAJO,30,30,30,30,1,19.633333333333333,17.356666666666666,21.9,0,0,0,0
C048W,Lanzarote,2022,7,TINAJO,31,31,31,31,1,21.635483870967743,18.92258064516129,24.351612903225806,0.2,5,0,0
C048W,Lanzarote,2022,8,TINAJO,31,31,31,31,1,21.65483870967742,19.280645161290323,24.032258064516128,0,3,0,0
C048W,Lanzarote,2022,9,TINAJO,30,30,30,26,1,21.87,19.526666666666667,24.2,0.6000000000000001,7,0,0
C048W,Lanzarote,2022,10,TINAJO,31,31,31,31,1,21.538709677419355,18.351612903225806,24.73548387096774,4,0,0,0
C048W,Lanzarote,2022,11,TINAJO,30,30,30,30,1,20.3,17.013333333333332,23.606666666666666,0,0,0,0
C048W,Lanzarote,2022,12,TINAJO,31,29,29,29,0.9354838709677419,18.689655172413794,15.479310344827587,21.886206896551723,7,0,0,0
C048W,Lanzarote,2023,1,TINAJO,31,31,31,31,1,16.029032258064515,13.319354838709678,18.751612903225805,2.6,0,0,0
C048W,Lanzarote,2023,2,TINAJO,28,28,28,28,1,14.739285714285714,11.842857142857143,17.635714285714286,17,0,0,0
C048W,Lanzarote,2023,3,TINAJO,31,31,31,31,1,18.438709677419354,14.664516129032258,22.21290322580645,0.2,0,0,0
C048W,Lanzarote,2023,4,TINAJO,30,30,30,30,1,18.506666666666668,15.58,21.436666666666667,4,0,0,0
C048W,Lanzarote,2023,5,TINAJO,31,31,31,31,1,19.093548387096774,16.16774193548387,22.025806451612905,0.6,0,0,0
C048W,Lanzarote,2023,6,TINAJO,30,30,30,30,1,21.78666666666667,18.713333333333335,24.856666666666666,0,4,0,0
C048W,Lanzarote,2023,7,TINAJO,31,31,31,31,1,21.96451612903226,19.56774193548387,24.361290322580643,0,4,0,0
C048W,Lanzarote,2023,8,TINAJO,31,31,31,31,1,23.39032258064516,20.60322580645161,26.15806451612903,0,23,0,0
C048W,Lanzarote,2023,9,TINAJO,30,30,30,30,1,22.206666666666667,19.233333333333334,25.166666666666668,0,8,0,0
C048W,Lanzarote,2023,10,TINAJO,31,31,31,31,1,24.561290322580646,20.374193548387098,28.741935483870968,4.8,15,2,0
C048W,Lanzarote,2023,11,TINAJO,30,30,29,29,0.9666666666666667,20.355172413793102,17.044827586206896,23.648275862068967,1.8,1,0,0
C048W,Lanzarote,2023,12,TINAJO,31,31,31,31,1,17.75483870967742,14.387096774193548,21.12258064516129,8.200000000000001,0,0,0
C048W,Lanzarote,2024,1,TINAJO,31,31,31,31,1,18.767741935483873,15.061290322580644,22.470967741935485,0.4,0,0,0
C048W,Lanzarote,2024,2,TINAJO,29,29,29,29,1,18.513793103448275,15.427586206896551,21.6,1.2,0,0,0
C048W,Lanzarote,2024,3,TINAJO,31,31,31,31,1,17.058064516129033,14.109677419354838,20.019354838709678,44.199999999999996,0,0,0
C048W,Lanzarote,2024,4,TINAJO,30,30,30,30,1,19.36,15.65,23.063333333333333,0.2,0,0,0
C048W,Lanzarote,2024,5,TINAJO,31,31,31,31,1,18.364516129032257,16.009677419354837,20.706451612903226,0.8,0,0,0
C048W,Lanzarote,2024,6,TINAJO,30,30,30,30,1,19.13,16.983333333333334,21.266666666666666,0.4,0,0,0
C048W,Lanzarote,2024,7,TINAJO,31,31,31,31,1,20.548387096774192,18.322580645161292,22.770967741935483,0,0,0,0
C048W,Lanzarote,2024,8,TINAJO,31,31,31,31,1,22.02258064516129,19.7,24.33225806451613,0.2,7,0,0
C048W,Lanzarote,2024,9,TINAJO,30,30,30,30,1,20.996666666666666,18.5,23.496666666666666,0,0,0,0
C048W,Lanzarote,2024,10,TINAJO,31,31,31,31,1,20.44516129032258,18.070967741935483,22.809677419354838,7,1,0,0
C048W,Lanzarote,2024,11,TINAJO,30,28,27,27,0.9,21.522222222222222,18.1,24.951851851851853,25.6,8,0,0
C048W,Lanzarote,2024,12,TINAJO,31,31,31,31,1,17.60322580645161,14.519354838709678,20.68709677419355,4.6,0,0,0
C048W,Lanzarote,2025,1,TINAJO,31,31,31,31,1,16.24516129032258,13.09032258064516,19.387096774193548,8.4,0,0,0
C048W,Lanzarote,2025,2,TINAJO,28,28,28,28,1,16.039285714285715,12.617857142857144,19.45,6.2,0,0,0
C048W,Lanzarote,2025,3,TINAJO,31,31,31,31,1,16.174193548387098,13.174193548387096,19.18709677419355,14.8,0,0,0
C048W,Lanzarote,2025,4,TINAJO,30,30,29,29,0.9666666666666667,17.544827586206896,14.693103448275862,20.396551724137932,22,0,0,0
C048W,Lanzarote,2025,5,TINAJO,31,31,31,30,1,18.474193548387095,15.670967741935485,21.28709677419355,2.2,0,0,0
C048W,Lanzarote,2025,6,TINAJO,30,30,30,30,1,19.726666666666667,17.43,22.016666666666666,0,0,0,0
C048W,Lanzarote,2025,7,TINAJO,31,31,31,31,1,21.37741935483871,18.738709677419354,24.016129032258064,0.2,1,0,0
C048W,Lanzarote,2025,8,TINAJO,31,31,31,31,1,23,20.003225806451614,26.003225806451614,0,16,0,0
C048W,Lanzarote,2025,9,TINAJO,30,30,30,30,1,22.62,19.506666666666668,25.75,0,5,0,0
C048W,Lanzarote,2025,10,TINAJO,31,31,31,31,1,20.793548387096774,17.92258064516129,23.683870967741935,0,0,0,0
C048W,Lanzarote,2025,11,TINAJO,30,30,30,29,1,19.643333333333334,16.53333333333333,22.756666666666668,20.2,0,0,0
C048W,Lanzarote,2025,12,TINAJO,31,31,31,31,1,16.161290322580644,13.361290322580645,18.96451612903226,54.599999999999994,0,0,0
C117A,La Palma,2015,1,PUNTAGORDA,31,31,31,31,1,12.674193548387096,8.948387096774194,16.406451612903226,13.2,0,0,0
C117A,La Palma,2015,2,PUNTAGORDA,28,28,28,28,1,12.375,8.928571428571429,15.817857142857143,21.8,0,0,0
C117A,La Palma,2015,3,PUNTAGORDA,31,31,31,31,1,14.270967741935484,10.067741935483872,18.474193548387095,27.2,0,0,0
C117A,La Palma,2015,4,PUNTAGORDA,30,30,30,30,1,13.79,9.736666666666666,17.85,16,0,0,0
C117A,La Palma,2015,5,PUNTAGORDA,31,31,31,31,1,18.525806451612905,13.703225806451613,23.361290322580647,1.7999999999999998,4,0,0
C117A,La Palma,2015,6,PUNTAGORDA,30,30,30,30,1,17.01,12.953333333333333,21.066666666666666,0.4,0,0,0
C117A,La Palma,2015,7,PUNTAGORDA,31,31,31,31,1,23.75483870967742,18.516129032258064,28.961290322580645,1.8,10,2,0
C117A,La Palma,2015,8,PUNTAGORDA,31,31,31,31,1,20.803225806451614,16.490322580645163,25.135483870967743,19,4,0,0
C117A,La Palma,2015,9,PUNTAGORDA,30,30,30,30,1,20.073333333333334,16.583333333333332,23.583333333333332,29.2,0,0,0
C117A,La Palma,2015,10,PUNTAGORDA,31,31,31,31,1,18.583870967741934,15.574193548387097,21.587096774193547,128.2,2,0,0
C117A,La Palma,2015,11,PUNTAGORDA,30,30,30,30,1,17.57,13.776666666666667,21.33,0.2,0,0,0
C117A,La Palma,2015,12,PUNTAGORDA,31,31,30,31,0.967741935483871,16.516666666666666,12.863333333333333,20.18,25.6,0,0,0
C117A,La Palma,2016,1,PUNTAGORDA,31,31,31,31,1,15.829032258064515,12.17741935483871,19.467741935483872,7,0,0,0
C117A,La Palma,2016,2,PUNTAGORDA,29,29,29,29,1,13.86551724137931,10.227586206896552,17.510344827586206,89.2,0,0,0
C117A,La Palma,2016,3,PUNTAGORDA,31,31,31,31,1,13.203225806451613,9.664516129032258,16.725806451612904,89,0,0,0
C117A,La Palma,2016,4,PUNTAGORDA,30,30,30,30,1,13.986666666666666,10.656666666666666,17.31,20.2,0,0,0
C117A,La Palma,2016,5,PUNTAGORDA,31,31,31,31,1,14.561290322580644,10.87741935483871,18.270967741935483,20.6,0,0,0
C117A,La Palma,2016,6,PUNTAGORDA,30,30,30,30,1,18.9,14.44,23.356666666666666,0,2,1,0
C117A,La Palma,2016,7,PUNTAGORDA,31,31,31,31,1,22.34516129032258,17.72258064516129,26.97741935483871,0,8,1,0
C117A,La Palma,2016,8,PUNTAGORDA,31,31,30,31,0.967741935483871,24.02,19,29.03,0,10,2,0
C117A,La Palma,2016,9,PUNTAGORDA,30,30,30,30,1,19.55,15.116666666666667,23.993333333333332,0.6000000000000001,0,0,0
C117A,La Palma,2016,10,PUNTAGORDA,31,31,31,31,1,18.112903225806452,14.706451612903226,21.516129032258064,119.2,0,0,0
C117A,La Palma,2016,11,PUNTAGORDA,30,30,30,30,1,15.81,12.633333333333333,18.976666666666667,111.8,0,0,0
C117A,La Palma,2016,12,PUNTAGORDA,31,31,31,31,1,14.693548387096774,11.593548387096774,17.806451612903224,45.6,0,0,0
C117A,La Palma,2017,1,PUNTAGORDA,31,31,31,31,1,13.654838709677419,10.203225806451613,17.106451612903225,14.2,0,0,0
C117A,La Palma,2017,2,PUNTAGORDA,28,28,27,28,0.9642857142857143,12.948148148148148,9.588888888888889,16.322222222222223,88.2,0,0,0
C117A,La Palma,2017,3,PUNTAGORDA,31,31,31,31,1,15.464516129032258,11.396774193548387,19.525806451612905,15.4,1,0,0
C117A,La Palma,2017,4,PUNTAGORDA,30,30,30,30,1,16.59,12.71,20.47,28.799999999999997,1,0,0
C117A,La Palma,2017,5,PUNTAGORDA,31,31,30,31,0.967741935483871,16.37,12.656666666666666,20.063333333333333,11.8,0,0,0
C117A,La Palma,2017,6,PUNTAGORDA,30,30,30,30,1,19.236666666666668,15.2,23.276666666666667,1.2,4,0,0
C117A,La Palma,2017,7,PUNTAGORDA,31,31,31,31,1,20.641935483870967,16.164516129032258,25.106451612903225,0,5,2,0
C117A,La Palma,2017,8,PUNTAGORDA,31,31,31,31,1,23.23225806451613,18.55483870967742,27.90967741935484,0,12,2,0
C117A,La Palma,2017,9,PUNTAGORDA,30,30,30,30,1,20.79,16.666666666666668,24.906666666666666,0.4,1,0,0
C117A,La Palma,2017,10,PUNTAGORDA,31,31,31,31,1,20.39032258064516,16.561290322580646,24.206451612903226,0,6,0,0
C117A,La Palma,2017,11,PUNTAGORDA,30,30,30,30,1,17.81,14.62,21.016666666666666,60.199999999999996,1,0,0
C117A,La Palma,2017,12,PUNTAGORDA,31,31,31,31,1,14.196774193548388,10.696774193548388,17.703225806451613,34.2,0,0,0
C117A,La Palma,2018,1,PUNTAGORDA,31,31,31,31,1,13.983870967741936,10.374193548387098,17.564516129032256,34.6,0,0,0
C117A,La Palma,2018,2,PUNTAGORDA,28,28,28,28,1,12.207142857142857,9.117857142857144,15.307142857142857,106,0,0,0
C117A,La Palma,2018,3,PUNTAGORDA,31,31,31,31,1,13.770967741935484,10.432258064516128,17.1,60.800000000000004,0,0,0
C117A,La Palma,2018,4,PUNTAGORDA,30,30,30,30,1,13.44,10.133333333333333,16.736666666666668,24,0,0,0
C117A,La Palma,2018,5,PUNTAGORDA,31,31,31,31,1,14.216129032258065,10.690322580645162,17.73548387096774,12.2,0,0,0
C117A,La Palma,2018,6,PUNTAGORDA,30,30,30,30,1,16.62,12.803333333333333,20.44333333333333,0.8,0,0,0
C117A,La Palma,2018,7,PUNTAGORDA,31,31,31,31,1,19.506451612903227,14.935483870967742,24.06774193548387,0,1,0,0
C117A,La Palma,2018,8,PUNTAGORDA,31,31,31,31,1,21.306451612903224,16.838709677419356,25.774193548387096,1.4,5,0,0
C117A,La Palma,2018,9,PUNTAGORDA,30,30,30,30,1,20.656666666666666,16.546666666666667,24.753333333333334,1.8,6,0,0
C117A,La Palma,2018,10,PUNTAGORDA,31,31,31,31,1,17.81935483870968,14.512903225806452,21.10322580645161,63.2,0,0,0
C117A,La Palma,2018,11,PUNTAGORDA,30,30,30,30,1,15.033333333333333,12.033333333333333,18.03666666666667,104,0,0,0
C117A,La Palma,2018,12,PUNTAGORDA,31,31,31,31,1,16.322580645161292,12.412903225806451,20.193548387096776,1,0,0,0
C117A,La Palma,2019,1,PUNTAGORDA,31,31,31,31,1,13.161290322580646,9.341935483870968,16.974193548387095,14,0,0,0
C117A,La Palma,2019,2,PUNTAGORDA,28,28,28,28,1,15.167857142857143,11.007142857142856,19.339285714285715,17.6,0,0,0
C117A,La Palma,2019,3,PUNTAGORDA,31,31,31,31,1,14.061290322580644,10.074193548387097,18.051612903225806,22.8,0,0,0
C117A,La Palma,2019,4,PUNTAGORDA,30,30,30,30,1,13.523333333333333,10.08,16.976666666666667,36.800000000000004,0,0,0
C117A,La Palma,2019,5,PUNTAGORDA,31,31,31,31,1,15.941935483870967,11.803225806451612,20.1,1,0,0,0
C117A,La Palma,2019,6,PUNTAGORDA,30,30,30,30,1,17.523333333333333,13.673333333333334,21.373333333333335,4.6,1,0,0
C117A,La Palma,2019,7,PUNTAGORDA,31,30,29,29,0.9354838709677419,18.862068965517242,14.637931034482758,23.075862068965517,2.2,0,0,0
C117A,La Palma,2019,8,PUNTAGORDA,31,31,31,31,1,23.151612903225807,18.306451612903224,27.99032258064516,0,8,2,0
C117A,La Palma,2019,9,PUNTAGORDA,30,30,30,30,1,19.476666666666667,15.226666666666667,23.716666666666665,1.9000000000000001,1,0,0
C117A,La Palma,2019,10,PUNTAGORDA,31,31,31,31,1,20.270967741935483,16.232258064516127,24.31290322580645,14.399999999999999,5,1,0
C117A,La Palma,2019,11,PUNTAGORDA,30,30,30,30,1,17.346666666666668,13.806666666666667,20.893333333333334,10.6,2,0,0
C117A,La Palma,2019,12,PUNTAGORDA,31,31,31,31,1,15.506451612903225,12.135483870967741,18.87741935483871,47.6,0,0,0
C117A,La Palma,2020,1,PUNTAGORDA,31,31,31,31,1,13.861290322580645,10.106451612903225,17.606451612903225,3.2,0,0,0
C117A,La Palma,2020,2,PUNTAGORDA,29,29,29,29,1,17.5,13.427586206896551,21.56551724137931,0.4,0,0,0
C117A,La Palma,2020,3,PUNTAGORDA,31,31,31,31,1,15.248387096774193,11.36774193548387,19.141935483870967,37,0,0,0
C117A,La Palma,2020,4,PUNTAGORDA,30,30,30,30,1,14.93,11.543333333333333,18.313333333333333,39.199999999999996,0,0,0
C117A,La Palma,2020,5,PUNTAGORDA,31,31,31,31,1,17.683870967741935,13.938709677419356,21.429032258064517,3.4,5,0,0
C117A,La Palma,2020,6,PUNTAGORDA,30,30,30,30,1,18.063333333333333,14.3,21.813333333333333,39.9,0,0,0
C117A,La Palma,2020,7,PUNTAGORDA,31,31,31,31,1,23.33225806451613,18.18709677419355,28.5,0,6,3,0
C117A,La Palma,2020,8,PUNTAGORDA,31,31,31,31,1,23.525806451612905,19.2,27.84516129032258,0,10,4,1
C117A,La Palma,2020,9,PUNTAGORDA,30,30,30,30,1,22.166666666666668,17.9,26.433333333333334,0.4,6,2,0
C117A,La Palma,2020,10,PUNTAGORDA,31,31,31,31,1,19.251612903225805,15.270967741935484,23.238709677419354,30.6,2,0,0
C117A,La Palma,2020,11,PUNTAGORDA,30,30,30,30,1,17.44,14.28,20.6,96.2,1,0,0
C117A,La Palma,2020,12,PUNTAGORDA,31,31,31,31,1,14.280645161290323,11.36774193548387,17.21290322580645,38.6,0,0,0
C117A,La Palma,2021,1,PUNTAGORDA,31,31,31,31,1,13.790322580645162,10.725806451612904,16.851612903225806,132.4,0,0,0
C117A,La Palma,2021,2,PUNTAGORDA,28,28,28,28,1,13.2,9.757142857142858,16.639285714285716,81.6,0,0,0
C117A,La Palma,2021,3,PUNTAGORDA,31,31,31,31,1,13.290322580645162,9.735483870967743,16.838709677419356,38.800000000000004,0,0,0
C117A,La Palma,2021,4,PUNTAGORDA,30,30,30,30,1,15.08,11.553333333333333,18.61,14.4,0,0,0
C117A,La Palma,2021,5,PUNTAGORDA,31,31,31,31,1,16.4,12.464516129032258,20.329032258064515,0.8,0,0,0
C117A,La Palma,2021,6,PUNTAGORDA,30,30,30,30,1,17.843333333333334,13.83,21.876666666666665,7.4,3,0,0
C117A,La Palma,2021,7,PUNTAGORDA,31,31,31,31,1,21.57741935483871,17.025806451612905,26.13225806451613,0,6,2,0
C117A,La Palma,2021,8,PUNTAGORDA,31,31,31,31,1,22.519354838709678,18.141935483870967,26.903225806451612,4.4,7,3,1
C117A,La Palma,2021,9,PUNTAGORDA,30,30,30,30,1,21.076666666666668,17.12,25.043333333333333,0.2,4,0,0
C117A,La Palma,2021,10,PUNTAGORDA,31,31,31,31,1,19.84516129032258,15.916129032258064,23.78709677419355,0,6,0,0
C117A,La Palma,2021,11,PUNTAGORDA,30,30,30,30,1,15.913333333333334,12.616666666666667,19.22,44.6,0,0,0
C117A,La Palma,2021,12,PUNTAGORDA,31,31,31,31,1,14.703225806451613,11.561290322580644,17.85483870967742,29.200000000000003,0,0,0
C117A,La Palma,2022,1,PUNTAGORDA,31,31,30,31,0.967741935483871,14.93,11.666666666666666,18.18,28.4,0,0,0
C117A,La Palma,2022,2,PUNTAGORDA,28,28,28,28,1,15.003571428571428,11.342857142857143,18.646428571428572,41.4,0,0,0
C117A,La Palma,2022,3,PUNTAGORDA,31,31,31,31,1,12.741935483870968,9.448387096774194,16.03548387096774,111.6,0,0,0
C117A,La Palma,2022,4,PUNTAGORDA,30,30,30,30,1,14.416666666666666,10.836666666666666,18.003333333333334,44.8,1,0,0
C117A,La Palma,2022,5,PUNTAGORDA,31,31,31,31,1,16.238709677419354,12.477419354838709,20.03548387096774,16.4,0,0,0
C117A,La Palma,2022,6,PUNTAGORDA,30,30,30,30,1,17.77,13.593333333333334,21.94333333333333,0,1,0,0
C117A,La Palma,2022,7,PUNTAGORDA,31,31,31,31,1,21.89032258064516,16.93548387096774,26.85483870967742,0,9,3,0
C117A,La Palma,2022,8,PUNTAGORDA,31,31,31,31,1,22.935483870967744,18.048387096774192,27.829032258064515,9.6,10,1,0
C117A,La Palma,2022,9,PUNTAGORDA,30,30,30,30,1,20.233333333333334,16.64666666666667,23.8,31.8,1,0,0
C117A,La Palma,2022,10,PUNTAGORDA,31,31,31,31,1,19.212903225806453,15.412903225806451,23.00967741935484,0,2,0,0
C117A,La Palma,2022,11,PUNTAGORDA,30,30,30,30,1,17.983333333333334,14.173333333333334,21.793333333333333,0.4,0,0,0
C117A,La Palma,2022,12,PUNTAGORDA,31,31,31,31,1,15.883870967741936,12.841935483870968,18.93548387096774,129.4,0,0,0
C117A,La Palma,2023,1,PUNTAGORDA,31,31,31,31,1,14.154838709677419,10.796774193548387,17.519354838709678,1.2000000000000002,0,0,0
C117A,La Palma,2023,2,PUNTAGORDA,28,28,28,28,1,12.635714285714286,9.471428571428572,15.782142857142857,82,0,0,0
C117A,La Palma,2023,3,PUNTAGORDA,31,31,31,31,1,18.580645161290324,14.616129032258064,22.545161290322582,0,6,0,0
C117A,La Palma,2023,4,PUNTAGORDA,30,30,30,30,1,17.236666666666668,12.763333333333334,21.71,14.2,1,0,0
C117A,La Palma,2023,5,PUNTAGORDA,31,31,31,31,1,17.10322580645161,13.04516129032258,21.174193548387098,23.400000000000002,0,0,0
C117A,La Palma,2023,6,PUNTAGORDA,30,30,30,30,1,19.116666666666667,15.25,22.973333333333333,37,1,0,0
C117A,La Palma,2023,7,PUNTAGORDA,31,31,31,31,1,21.583870967741934,16.861290322580643,26.309677419354838,0,4,2,0
C117A,La Palma,2023,8,PUNTAGORDA,31,31,31,31,1,25.293548387096774,20.893548387096775,29.66774193548387,1,13,6,3
C117A,La Palma,2023,9,PUNTAGORDA,30,30,30,30,1,19.763333333333332,16.113333333333333,23.416666666666668,5.2,0,0,0
C117A,La Palma,2023,10,PUNTAGORDA,31,31,31,31,1,23.46451612903226,19.793548387096774,27.129032258064516,24.2,15,4,0
C117A,La Palma,2023,11,PUNTAGORDA,30,30,30,30,1,19.63,16.10333333333333,23.16,79,5,0,0
C117A,La Palma,2023,12,PUNTAGORDA,31,31,31,31,1,16.322580645161292,12.983870967741936,19.68709677419355,10.799999999999999,0,0,0
C117A,La Palma,2024,1,PUNTAGORDA,31,31,31,31,1,16.648387096774194,13.235483870967743,20.070967741935483,27,0,0,0
C117A,La Palma,2024,2,PUNTAGORDA,29,29,29,29,1,16.689655172413794,12.827586206896552,20.56206896551724,8.2,0,0,0
C117A,La Palma,2024,3,PUNTAGORDA,31,31,31,31,1,14.32258064516129,10.764516129032257,17.858064516129033,91.8,0,0,0
C117A,La Palma,2024,4,PUNTAGORDA,30,30,30,30,1,18.356666666666666,14.323333333333334,22.373333333333335,4,5,1,0
C117A,La Palma,2024,5,PUNTAGORDA,31,31,31,31,1,16.770967741935483,12.85483870967742,20.661290322580644,0.8,0,0,0
C117A,La Palma,2024,6,PUNTAGORDA,30,30,30,30,1,17.73,13.623333333333333,21.833333333333332,11.4,0,0,0
C117A,La Palma,2024,7,PUNTAGORDA,31,31,31,31,1,21.706451612903226,16.98709677419355,26.416129032258066,0.2,7,0,0
C117A,La Palma,2024,8,PUNTAGORDA,31,31,31,31,1,22.774193548387096,17.97741935483871,27.587096774193547,0.2,7,0,0
C117A,La Palma,2024,9,PUNTAGORDA,30,30,30,30,1,18.726666666666667,14.943333333333333,22.5,0.6000000000000001,0,0,0
C117A,La Palma,2024,10,PUNTAGORDA,31,31,31,31,1,18.725806451612904,15.261290322580646,22.183870967741935,73,1,0,0
C117A,La Palma,2024,11,PUNTAGORDA,30,30,30,30,1,18.253333333333334,15.063333333333333,21.443333333333335,65.2,1,0,0
C117A,La Palma,2024,12,PUNTAGORDA,31,31,31,31,1,15.845161290322581,12.251612903225807,19.448387096774194,174.6,1,0,0
C117A,La Palma,2025,1,PUNTAGORDA,31,31,31,31,1,14.225806451612904,10.890322580645162,17.548387096774192,48,0,0,0
C117A,La Palma,2025,2,PUNTAGORDA,28,28,28,28,1,13.357142857142858,9.928571428571429,16.825,21.6,0,0,0
C117A,La Palma,2025,3,PUNTAGORDA,31,31,31,31,1,12.683870967741935,9.661290322580646,15.687096774193549,132,0,0,0
C117A,La Palma,2025,4,PUNTAGORDA,30,30,30,30,1,13.81,10.58,17.053333333333335,78.4,0,0,0
C117A,La Palma,2025,5,PUNTAGORDA,31,31,31,31,1,15.290322580645162,11.474193548387097,19.11935483870968,34.4,0,0,0
C117A,La Palma,2025,6,PUNTAGORDA,30,30,30,30,1,18.076666666666668,13.623333333333333,22.533333333333335,1,0,0,0
C117A,La Palma,2025,7,PUNTAGORDA,31,31,31,31,1,21.248387096774195,16.27741935483871,26.21290322580645,0.6000000000000001,3,2,0
C117A,La Palma,2025,8,PUNTAGORDA,31,31,31,31,1,22.545161290322582,18.019354838709678,27.080645161290324,1.7999999999999998,7,3,0
C117A,La Palma,2025,9,PUNTAGORDA,30,30,30,30,1,21.143333333333334,16.613333333333333,25.67,0.2,5,0,0
C117A,La Palma,2025,10,PUNTAGORDA,31,31,31,31,1,18.838709677419356,15.364516129032259,22.31290322580645,11,0,0,0
C117A,La Palma,2025,11,PUNTAGORDA,30,27,26,26,0.8666666666666667,17.78076923076923,14.373076923076923,21.118518518518517,74.6,1,0,0
C117A,La Palma,2025,12,PUNTAGORDA,31,31,31,31,1,13.890322580645162,10.919354838709678,16.851612903225806,100.4,0,0,0
C126A,La Palma,2015,1,EL PASO,31,31,27,31,0.8709677419354839,11.322222222222223,8.625925925925927,14.011111111111111,12.8,0,0,0
C126A,La Palma,2015,2,EL PASO,28,28,0,28,0,,,,28.8,0,0,0
C126A,La Palma,2015,3,EL PASO,31,31,0,31,0,,,,1.2,0,0,0
C126A,La Palma,2015,4,EL PASO,30,30,0,29,0,,,,14.600000000000001,0,0,0
C126A,La Palma,2015,5,EL PASO,31,31,9,31,0.2903225806451613,25.211111111111112,19.57777777777778,30.822222222222223,0,5,0,0
C126A,La Palma,2015,6,EL PASO,30,30,13,30,0.43333333333333335,17.56153846153846,11.638461538461538,23.49230769230769,0.6,0,0,0
C126A,La Palma,2015,7,EL PASO,31,31,31,31,1,24.81935483870968,20.003225806451614,29.658064516129034,0,15,7,0
C126A,La Palma,2015,8,EL PASO,31,31,31,31,1,20.558064516129033,15.780645161290323,25.34516129032258,28.2,2,0,0
C126A,La Palma,2015,9,EL PASO,30,30,30,29,1,19.253333333333334,14.71,23.79,19,0,0,0
C126A,La Palma,2015,10,EL PASO,31,31,31,31,1,17.258064516129032,13.303225806451612,21.203225806451613,185.8,1,0,0
C126A,La Palma,2015,11,EL PASO,30,30,30,30,1,15.906666666666666,12.26,19.573333333333334,16.2,0,0,0
C126A,La Palma,2015,12,EL PASO,31,31,31,31,1,14.783870967741935,10.141935483870968,19.412903225806453,25.6,0,0,0
C126A,La Palma,2016,1,EL PASO,31,31,31,31,1,14.158064516129032,9.441935483870967,18.864516129032257,37.6,0,0,0
C126A,La Palma,2016,2,EL PASO,29,29,29,29,1,12.627586206896552,8.155172413793103,17.093103448275862,46.6,0,0,0
C126A,La Palma,2016,3,EL PASO,31,31,30,31,0.967741935483871,12.033333333333333,7.58,16.486666666666668,16.6,0,0,0
C126A,La Palma,2016,4,EL PASO,30,30,30,30,1,12.99,8.92,17.05,36.2,0,0,0
C126A,La Palma,2016,5,EL PASO,31,31,31,31,1,13.312903225806451,9.096774193548388,17.545161290322582,34.2,0,0,0
C126A,La Palma,2016,6,EL PASO,30,30,30,30,1,18.79,13.62,23.976666666666667,3.2,2,1,0
C126A,La Palma,2016,7,EL PASO,31,31,31,31,1,24.15483870967742,19.135483870967743,29.161290322580644,0,17,4,0
C126A,La Palma,2016,8,EL PASO,31,31,31,31,1,25.261290322580646,20.06451612903226,30.454838709677418,0,16,4,0
C126A,La Palma,2016,9,EL PASO,30,30,29,30,0.9666666666666667,19.393103448275863,14.76206896551724,24.03793103448276,0,2,0,0
C126A,La Palma,2016,10,EL PASO,31,31,31,31,1,16.51290322580645,11.864516129032259,21.158064516129034,34.6,0,0,0
C126A,La Palma,2016,11,EL PASO,30,30,30,30,1,13.94,10.43,17.473333333333333,112.8,0,0,0
C126A,La Palma,2016,12,EL PASO,31,31,31,31,1,13.13225806451613,9.474193548387097,16.79032258064516,100.8,0,0,0
C126A,La Palma,2017,1,EL PASO,31,31,31,31,1,12.3,8.303225806451612,16.280645161290323,8.4,0,0,0
C126A,La Palma,2017,2,EL PASO,28,28,27,27,0.9642857142857143,11.42962962962963,7.411111111111111,15.459259259259259,141.8,0,0,0
C126A,La Palma,2017,3,EL PASO,31,31,31,31,1,13.887096774193548,9.364516129032259,18.42258064516129,13.4,0,0,0
C126A,La Palma,2017,4,EL PASO,30,30,30,30,1,15.953333333333333,10.863333333333333,21.04,58.8,0,0,0
C126A,La Palma,2017,5,EL PASO,31,31,31,31,1,15.487096774193548,10.73225806451613,20.229032258064517,3.1,0,0,0
C126A,La Palma,2017,6,EL PASO,30,30,30,30,1,19.513333333333332,14.546666666666667,24.44,0,5,0,0
C126A,La Palma,2017,7,EL PASO,31,31,31,31,1,21.248387096774195,16.135483870967743,26.35483870967742,0,8,1,0
C126A,La Palma,2017,8,EL PASO,31,31,31,31,1,24.34193548387097,19.18064516129032,29.493548387096773,1,13,6,0
C126A,La Palma,2017,9,EL PASO,30,30,30,30,1,21.113333333333333,16.283333333333335,25.93,0.2,3,0,0
C126A,La Palma,2017,10,EL PASO,31,31,31,31,1,19.42258064516129,14.474193548387097,24.370967741935484,7.6,3,0,0
C126A,La Palma,2017,11,EL PASO,30,30,30,30,1,16.376666666666665,12.916666666666666,19.813333333333333,156.6,0,0,0
C126A,La Palma,2017,12,EL PASO,31,31,31,31,1,12.609677419354838,9.3,15.92258064516129,38.6,0,0,0
C126A,La Palma,2018,1,EL PASO,31,31,31,31,1,12.709677419354838,8.761290322580646,16.664516129032258,20.2,0,0,0
C126A,La Palma,2018,2,EL PASO,28,28,28,28,1,10.507142857142856,6.9714285714285715,14.035714285714286,188.6,0,0,0
C126A,La Palma,2018,3,EL PASO,31,31,31,31,1,12.658064516129032,8.561290322580644,16.76451612903226,136.8,0,0,0
C126A,La Palma,2018,4,EL PASO,30,30,30,30,1,12.48,7.636666666666667,17.323333333333334,5.4,0,0,0
C126A,La Palma,2018,5,EL PASO,31,31,31,31,1,12.729032258064516,8.516129032258064,16.92258064516129,1.6,0,0,0
C126A,La Palma,2018,6,EL PASO,30,30,30,30,1,16.333333333333332,11.586666666666666,21.123333333333335,1.4,0,0,0
C126A,La Palma,2018,7,EL PASO,31,31,31,31,1,20.35483870967742,15.03225806451613,25.677419354838708,0,1,0,0
C126A,La Palma,2018,8,EL PASO,31,31,31,31,1,21.703225806451613,16.829032258064515,26.593548387096774,2.4,7,2,0
C126A,La Palma,2018,9,EL PASO,30,30,30,30,1,19.99,15.056666666666667,24.913333333333334,0,3,0,0
C126A,La Palma,2018,10,EL PASO,31,31,31,31,1,16.403225806451612,12.235483870967743,20.56451612903226,81.8,0,0,0
C126A,La Palma,2018,11,EL PASO,30,30,30,30,1,13.433333333333334,9.476666666666667,17.386666666666667,96,0,0,0
C126A,La Palma,2018,12,EL PASO,31,31,31,31,1,15.070967741935483,10.241935483870968,19.89677419354839,0,0,0,0
C126A,La Palma,2019,1,EL PASO,31,31,31,31,1,11.561290322580644,6.967741935483871,16.174193548387098,4.6,0,0,0
C126A,La Palma,2019,2,EL PASO,28,28,28,28,1,13.946428571428571,8.596428571428572,19.317857142857143,4.4,0,0,0
C126A,La Palma,2019,3,EL PASO,31,31,31,31,1,12.806451612903226,8.364516129032259,17.24516129032258,29,0,0,0
C126A,La Palma,2019,4,EL PASO,30,30,30,30,1,12.683333333333334,8.040000000000001,17.316666666666666,27,0,0,0
C126A,La Palma,2019,5,EL PASO,31,31,31,31,1,16.23548387096774,11.116129032258065,21.358064516129033,0,0,0,0
C126A,La Palma,2019,6,EL PASO,30,30,30,30,1,16.85,12.566666666666666,21.143333333333334,4.2,2,0,0
C126A,La Palma,2019,7,EL PASO,31,31,31,31,1,19.448387096774194,14.719354838709677,24.18709677419355,0,2,0,0
C126A,La Palma,2019,8,EL PASO,31,31,31,31,1,24.23548387096774,18.906451612903226,29.564516129032256,0,11,4,0
C126A,La Palma,2019,9,EL PASO,30,30,30,30,1,19.143333333333334,13.96,24.326666666666668,1.6,0,0,0
C126A,La Palma,2019,10,EL PASO,31,31,31,31,1,19.183870967741935,14.751612903225807,23.61935483870968,39.6,4,0,0
C126A,La Palma,2019,11,EL PASO,30,30,30,30,1,15.38,12.13,18.656666666666666,44.199999999999996,1,0,0
C126A,La Palma,2019,12,EL PASO,31,31,31,31,1,13.993548387096775,9.758064516129032,18.229032258064517,7.199999999999999,0,0,0
C126A,La Palma,2020,1,EL PASO,31,31,31,31,1,12.016129032258064,7.438709677419355,16.606451612903225,2.8,0,0,0
C126A,La Palma,2020,2,EL PASO,29,29,29,28,1,16.27241379310345,11.689655172413794,20.851724137931036,0,0,0,0
C126A,La Palma,2020,3,EL PASO,31,31,31,31,1,14.219354838709677,9.535483870967742,18.906451612903226,9.2,0,0,0
C126A,La Palma,2020,4,EL PASO,30,30,30,30,1,13.496666666666666,8.903333333333332,18.1,54.800000000000004,0,0,0
C126A,La Palma,2020,5,EL PASO,31,31,31,31,1,17.216129032258063,12.174193548387096,22.24516129032258,0.4,3,0,0
C126A,La Palma,2020,6,EL PASO,30,30,30,30,1,17.463333333333335,13.383333333333333,21.54,56,0,0,0
C126A,La Palma,2020,7,EL PASO,31,31,31,31,1,25.72258064516129,20.40967741935484,31.051612903225806,0,16,3,0
C126A,La Palma,2020,8,EL PASO,31,31,31,31,1,24.18709677419355,19.57741935483871,28.80322580645161,0,12,6,0
C126A,La Palma,2020,9,EL PASO,30,30,30,30,1,21.823333333333334,17.003333333333334,26.653333333333332,0.4,6,2,0
C126A,La Palma,2020,10,EL PASO,31,31,31,31,1,18.074193548387097,14.448387096774194,21.712903225806453,54.8,3,0,0
C126A,La Palma,2020,11,EL PASO,30,30,30,30,1,15.893333333333333,12.053333333333333,19.723333333333333,100.60000000000001,1,0,0
C126A,La Palma,2020,12,EL PASO,31,31,31,31,1,12.458064516129033,9.303225806451612,15.609677419354838,90,0,0,0
C126A,La Palma,2021,1,EL PASO,31,31,31,31,1,12.425806451612903,8.441935483870967,16.416129032258066,152.6,0,0,0
C126A,La Palma,2021,2,EL PASO,28,28,28,28,1,11.582142857142857,6.928571428571429,16.225,53.6,0,0,0
C126A,La Palma,2021,3,EL PASO,31,31,31,31,1,12.016129032258064,7.732258064516129,16.306451612903224,44.4,0,0,0
C126A,La Palma,2021,4,EL PASO,30,30,30,30,1,13.62,9.133333333333333,18.13,11.6,0,0,0
C126A,La Palma,2021,5,EL PASO,31,31,31,31,1,16.02258064516129,12.083870967741936,19.9741935483871,2.4,2,0,0
C126A,La Palma,2021,6,EL PASO,30,30,30,30,1,17.436666666666667,13.136666666666667,21.736666666666668,4.8,3,0,0
C126A,La Palma,2021,7,EL PASO,31,31,31,31,1,23.470967741935485,18.093548387096774,28.816129032258065,0,10,4,0
C126A,La Palma,2021,8,EL PASO,31,31,31,31,1,22.358064516129033,17.470967741935485,27.24516129032258,1.4000000000000001,7,4,0
C126A,La Palma,2021,9,EL PASO,30,30,30,30,1,20.18,16.036666666666665,24.316666666666666,0.8,4,0,0
C126A,La Palma,2021,10,EL PASO,31,31,31,31,1,18.56774193548387,14.55483870967742,22.574193548387097,12,4,0,0
C126A,La Palma,2021,11,EL PASO,30,30,30,30,1,14.02,11.173333333333334,16.86,55,0,0,0
C126A,La Palma,2021,12,EL PASO,31,31,31,31,1,12.519354838709678,9.4,15.625806451612902,77.2,0,0,0
C126A,La Palma,2022,1,EL PASO,31,31,31,31,1,12.796774193548387,9.274193548387096,16.322580645161292,61.6,0,0,0
C126A,La Palma,2022,2,EL PASO,28,28,28,28,1,13.175,9.403571428571428,16.935714285714287,39.8,0,0,0
C126A,La Palma,2022,3,EL PASO,31,31,31,31,1,11.180645161290322,7.167741935483871,15.193548387096774,126.8,0,0,0
C126A,La Palma,2022,4,EL PASO,30,30,30,30,1,13.913333333333334,8.803333333333333,19.016666666666666,106.6,0,0,0
C126A,La Palma,2022,5,EL PASO,31,31,31,31,1,16.148387096774194,10.612903225806452,21.67741935483871,43,0,0,0
C126A,La Palma,2022,6,EL PASO,30,30,30,30,1,17.613333333333333,12.333333333333334,22.873333333333335,0,2,0,0
C126A,La Palma,2022,7,EL PASO,31,31,31,31,1,23.77741935483871,17.39677419354839,30.148387096774194,0,11,5,0
C126A,La Palma,2022,8,EL PASO,31,31,31,31,1,24.196774193548386,18.261290322580646,30.10322580645161,5.4,12,4,0
C126A,La Palma,2022,9,EL PASO,30,30,29,30,0.9666666666666667,20.1,15.251724137931035,24.94137931034483,112.2,0,0,0
C126A,La Palma,2022,10,EL PASO,31,31,31,31,1,18.183870967741935,12.606451612903225,23.748387096774195,0,0,0,0
C126A,La Palma,2022,11,EL PASO,30,30,30,30,1,16.816666666666666,11.096666666666668,22.52,3.4,0,0,0
C126A,La Palma,2022,12,EL PASO,31,31,31,31,1,14.080645161290322,9.274193548387096,18.90967741935484,186.6,0,0,0
C126A,La Palma,2023,1,EL PASO,31,31,31,31,1,12.235483870967743,9.151612903225807,15.296774193548387,151.6,0,0,0
C126A,La Palma,2023,2,EL PASO,28,28,28,28,1,10.557142857142857,5.7214285714285715,15.378571428571428,36.4,0,0,0
C126A,La Palma,2023,3,EL PASO,31,31,31,31,1,17.66774193548387,11.977419354838709,23.37741935483871,0,2,0,0
C126A,La Palma,2023,4,EL PASO,30,30,30,30,1,16.723333333333333,10.523333333333333,22.93,1.8,0,0,0
C126A,La Palma,2023,5,EL PASO,31,31,31,31,1,16.096774193548388,11.009677419354839,21.174193548387098,15.8,1,0,0
C126A,La Palma,2023,6,EL PASO,30,30,30,30,1,18.63,12.97,24.31,95.60000000000001,2,0,0
C126A,La Palma,2023,7,EL PASO,31,31,31,31,1,21.89677419354839,15.764516129032257,28.029032258064515,0,4,2,0
C126A,La Palma,2023,8,EL PASO,31,31,31,31,1,26.019354838709678,20.10967741935484,31.925806451612903,0.8,18,4,0
C126A,La Palma,2023,9,EL PASO,30,30,30,30,1,18.94333333333333,13.71,24.163333333333334,10.4,0,0,0
C126A,La Palma,2023,10,EL PASO,31,31,31,31,1,22.3,16.406451612903226,28.2,23.6,9,1,0
C126A,La Palma,2023,11,EL PASO,30,30,30,30,1,18.143333333333334,13.063333333333333,23.223333333333333,89.39999999999999,0,0,0
C126A,La Palma,2023,12,EL PASO,31,31,31,31,1,14.7,9.8,19.583870967741934,25,0,0,0
C126A,La Palma,2024,1,EL PASO,31,31,31,31,1,15.296774193548387,10.13225806451613,20.454838709677418,15.6,0,0,0
C126A,La Palma,2024,2,EL PASO,29,29,29,29,1,15.482758620689655,9.913793103448276,21.044827586206896,30.8,0,0,0
C126A,La Palma,2024,3,EL PASO,31,31,31,31,1,12.987096774193548,7.848387096774194,18.148387096774194,63.4,0,0,0
C126A,La Palma,2024,4,EL PASO,30,30,30,30,1,17.53,11.5,23.546666666666667,1.5999999999999999,2,0,0
C126A,La Palma,2024,5,EL PASO,31,31,31,31,1,16.829032258064515,11.706451612903226,21.954838709677418,0.2,0,0,0
C126A,La Palma,2024,6,EL PASO,30,30,30,30,1,17.133333333333333,11.756666666666666,22.506666666666668,6.2,0,0,0
C126A,La Palma,2024,7,EL PASO,31,31,31,31,1,24.061290322580646,17.690322580645162,30.448387096774194,1.4,12,1,0
C126A,La Palma,2024,8,EL PASO,31,31,31,31,1,24.677419354838708,19.038709677419355,30.33225806451613,0,12,4,0
C126A,La Palma,2024,9,EL PASO,30,30,30,30,1,18.393333333333334,13.403333333333334,23.366666666666667,0.2,0,0,0
C126A,La Palma,2024,10,EL PASO,31,31,31,31,1,18.29032258064516,13.129032258064516,23.451612903225808,94.2,1,0,0
C126A,La Palma,2024,11,EL PASO,30,30,30,30,1,16.82,11.416666666666666,22.236666666666668,92.8,0,0,0
C126A,La Palma,2024,12,EL PASO,31,31,31,31,1,14.574193548387097,10.348387096774193,18.806451612903224,59.4,0,0,0
C126A,La Palma,2025,1,EL PASO,31,31,31,31,1,12.890322580645162,7.490322580645161,18.274193548387096,77,0,0,0
C126A,La Palma,2025,2,EL PASO,28,28,28,28,1,12.617857142857142,7.171428571428572,18.04642857142857,25.4,0,0,0
C126A,La Palma,2025,3,EL PASO,31,26,26,26,0.8387096774193549,10.976923076923077,6.434615384615385,15.515384615384615,69,0,0,0
C126A,La Palma,2025,4,EL PASO,30,14,14,14,0.4666666666666667,13.285714285714285,8.792857142857143,17.75,2.2,0,0,0
C126A,La Palma,2025,5,EL PASO,31,31,31,31,1,14.57741935483871,9.164516129032258,19.983870967741936,28.2,0,0,0
C126A,La Palma,2025,6,EL PASO,30,30,30,30,1,18.03,12.136666666666667,23.956666666666667,0,0,0,0
C126A,La Palma,2025,7,EL PASO,31,31,31,31,1,22.748387096774195,16.370967741935484,29.138709677419353,0,7,3,0
C126A,La Palma,2025,8,EL PASO,31,31,31,31,1,23.89032258064516,17.387096774193548,30.39032258064516,0.4,10,0,0
C126A,La Palma,2025,9,EL PASO,30,30,30,30,1,21.34,16.35,26.326666666666668,1,6,0,0
C126A,La Palma,2025,10,EL PASO,31,31,31,31,1,18.23225806451613,12.887096774193548,23.6,10.2,0,0,0
C126A,La Palma,2025,11,EL PASO,30,30,30,30,1,16.106666666666666,11.756666666666666,20.456666666666667,261.8,0,0,0
C126A,La Palma,2025,12,EL PASO,31,31,31,31,1,12.029032258064516,7.367741935483871,16.68064516129032,42.2,0,0,0
C129V,La Palma,2015,1,FUENCALIENTE,31,31,30,30,0.967741935483871,18.69,16.513333333333332,20.87,6.6,0,0,0
C129V,La Palma,2015,2,FUENCALIENTE,28,28,28,28,1,17.6,15.139285714285714,20.07857142857143,27,0,0,0
C129V,La Palma,2015,3,FUENCALIENTE,31,31,31,31,1,18.42258064516129,15.703225806451613,21.125806451612902,2.2,0,0,0
C129V,La Palma,2015,4,FUENCALIENTE,30,30,30,30,1,18.97,16.206666666666667,21.740000000000002,3.4,0,0,0
C129V,La Palma,2015,5,FUENCALIENTE,31,31,31,31,1,21,18.2,23.796774193548387,0.4,2,0,0
C129V,La Palma,2015,6,FUENCALIENTE,30,30,30,30,1,21.736666666666668,18.95,24.53,0.4,5,0,0
C129V,La Palma,2015,7,FUENCALIENTE,31,31,30,31,0.967741935483871,23.983333333333334,21.37,26.60333333333333,0.2,28,0,0
C129V,La Palma,2015,8,FUENCALIENTE,31,31,30,31,0.967741935483871,25.016666666666666,22.456666666666667,27.57,18.8,30,1,0
C129V,La Palma,2015,9,FUENCALIENTE,30,30,30,30,1,25.263333333333332,22.46666666666667,28.053333333333335,21.2,30,0,0
C129V,La Palma,2015,10,FUENCALIENTE,31,31,31,31,1,23.68709677419355,21.05483870967742,26.329032258064515,83.4,22,1,0
C129V,La Palma,2015,11,FUENCALIENTE,30,30,30,30,1,22.586666666666666,19.963333333333335,25.223333333333333,3.8,15,0,0
C129V,La Palma,2015,12,FUENCALIENTE,31,31,30,31,0.967741935483871,21.333333333333332,18.53,24.143333333333334,5.8,5,0,0
C129V,La Palma,2016,1,FUENCALIENTE,31,31,31,31,1,20.193548387096776,17.580645161290324,22.83225806451613,13.2,0,0,0
C129V,La Palma,2016,2,FUENCALIENTE,29,29,29,29,1,19.131034482758622,16.641379310344828,21.620689655172413,14.4,0,0,0
C129V,La Palma,2016,3,FUENCALIENTE,31,31,31,31,1,18.806451612903224,15.990322580645161,21.616129032258065,7.8,0,0,0
C129V,La Palma,2016,4,FUENCALIENTE,30,30,30,30,1,19.616666666666667,16.96666666666667,22.27,11.4,0,0,0
C129V,La Palma,2016,5,FUENCALIENTE,31,31,30,31,0.967741935483871,20.2,17.533333333333335,22.876666666666665,18.6,0,0,0
C129V,La Palma,2016,6,FUENCALIENTE,30,30,29,30,0.9666666666666667,22.675862068965518,19.958620689655174,25.386206896551723,0.8,18,0,0
C129V,La Palma,2016,7,FUENCALIENTE,31,31,28,31,0.9032258064516129,23.367857142857144,20.792857142857144,25.964285714285715,0,25,0,0
C129V,La Palma,2016,8,FUENCALIENTE,31,31,29,31,0.9354838709677419,24.7,22.086206896551722,27.310344827586206,0,29,0,0
C129V,La Palma,2016,9,FUENCALIENTE,30,30,29,30,0.9666666666666667,24.5,21.893103448275863,27.113793103448277,0,29,0,0
C129V,La Palma,2016,10,FUENCALIENTE,31,31,30,31,0.967741935483871,23.263333333333332,20.69,25.836666666666666,16.8,23,0,0
C129V,La Palma,2016,11,FUENCALIENTE,30,30,30,30,1,21.263333333333332,18.673333333333332,23.823333333333334,40.6,8,0,0
C129V,La Palma,2016,12,FUENCALIENTE,31,31,31,31,1,20.161290322580644,17.63225806451613,22.7,82.4,0,0,0
C129V,La Palma,2017,1,FUENCALIENTE,31,31,30,30,0.967741935483871,19.333333333333332,16.863333333333333,21.79,5.1000000000000005,0,0,0
C129V,La Palma,2017,2,FUENCALIENTE,28,28,28,28,1,18.72142857142857,16.060714285714287,21.37857142857143,25.200000000000003,0,0,0
C129V,La Palma,2017,3,FUENCALIENTE,31,31,31,31,1,19.635483870967743,16.580645161290324,22.66774193548387,1.6,2,0,0
C129V,La Palma,2017,4,FUENCALIENTE,30,30,30,23,1,20.663333333333334,17.973333333333333,23.36,0,1,0,0
C129V,La Palma,2017,5,FUENCALIENTE,31,31,31,15,1,21.81935483870968,19.093548387096774,24.54193548387097,0,6,0,0
C129V,La Palma,2017,6,FUENCALIENTE,30,30,30,30,1,23.2,20.67,25.743333333333332,0,22,0,0
C129V,La Palma,2017,7,FUENCALIENTE,31,31,29,31,0.9354838709677419,23.875862068965517,21.20689655172414,26.52758620689655,0,27,0,0
C129V,La Palma,2017,8,FUENCALIENTE,31,31,24,31,0.7741935483870968,24.708333333333332,22.1125,27.308333333333334,0,24,0,0
C129V,La Palma,2017,9,FUENCALIENTE,30,30,29,30,0.9666666666666667,24.52413793103448,22.155172413793103,26.917241379310344,0,29,0,0
C129V,La Palma,2017,10,FUENCALIENTE,31,31,28,31,0.9032258064516129,24.257142857142856,21.37857142857143,27.142857142857142,0.4,26,0,0
C129V,La Palma,2017,11,FUENCALIENTE,30,30,30,30,1,22.366666666666667,20.236666666666668,24.503333333333334,22.2,20,0,0
C129V,La Palma,2017,12,FUENCALIENTE,31,31,31,31,1,20.18709677419355,17.796774193548387,22.593548387096774,11.6,1,0,0
C129V,La Palma,2018,1,FUENCALIENTE,31,31,31,31,1,18.912903225806453,16.47741935483871,21.383870967741935,9,0,0,0
C129V,La Palma,2018,2,FUENCALIENTE,28,28,28,28,1,17.7,15.17142857142857,20.207142857142856,61.8,0,0,0
C129V,La Palma,2018,3,FUENCALIENTE,31,31,31,31,1,19.135483870967743,16.748387096774195,21.506451612903227,11.4,0,0,0
C129V,La Palma,2018,4,FUENCALIENTE,30,30,30,30,1,19.4,16.626666666666665,22.17,0.8,0,0,0
C129V,La Palma,2018,5,FUENCALIENTE,31,31,31,31,1,19.825806451612902,17.177419354838708,22.47741935483871,1.8,0,0,0
C129V,La Palma,2018,6,FUENCALIENTE,30,30,30,30,1,21.68,19.14,24.203333333333333,0.4,3,0,0
C129V,La Palma,2018,7,FUENCALIENTE,31,31,31,31,1,23.274193548387096,20.88064516129032,25.66774193548387,0,29,0,0
C129V,La Palma,2018,8,FUENCALIENTE,31,31,31,31,1,24.203225806451613,21.738709677419354,26.68709677419355,0.2,31,0,0
C129V,La Palma,2018,9,FUENCALIENTE,30,30,30,30,1,24.563333333333333,22.023333333333333,27.093333333333334,0,30,0,0
C129V,La Palma,2018,10,FUENCALIENTE,31,31,31,31,1,23.116129032258065,20.587096774193547,25.651612903225807,31.8,21,0,0
C129V,La Palma,2018,11,FUENCALIENTE,30,30,30,30,1,20.826666666666668,18.096666666666668,23.566666666666666,25.2,2,0,0
C129V,La Palma,2018,12,FUENCALIENTE,31,31,31,31,1,20.81935483870968,18.293548387096774,23.35483870967742,0,2,0,0
C129V,La Palma,2019,1,FUENCALIENTE,31,31,31,31,1,18.98709677419355,16.33225806451613,21.65483870967742,6.8,0,0,0
C129V,La Palma,2019,2,FUENCALIENTE,28,28,28,28,1,19.539285714285715,16.425,22.62857142857143,4.2,0,0,0
C129V,La Palma,2019,3,FUENCALIENTE,31,31,30,31,0.967741935483871,19.153333333333332,16.58,21.713333333333335,11.6,0,0,0
C129V,La Palma,2019,4,FUENCALIENTE,30,30,30,30,1,19.523333333333333,16.726666666666667,22.313333333333333,11.6,0,0,0
C129V,La Palma,2019,5,FUENCALIENTE,31,31,31,31,1,21.161290322580644,18.503225806451614,23.816129032258065,0,0,0,0
C129V,La Palma,2019,6,FUENCALIENTE,30,30,30,30,1,22.393333333333334,19.746666666666666,25.02,4.8,12,0,0
C129V,La Palma,2019,7,FUENCALIENTE,31,31,31,31,1,23.761290322580646,21.174193548387098,26.329032258064515,0.6000000000000001,29,0,0
C129V,La Palma,2019,8,FUENCALIENTE,31,31,31,31,1,24.716129032258063,22.18709677419355,27.26451612903226,0,31,0,0
C129V,La Palma,2019,9,FUENCALIENTE,30,30,30,30,1,24.383333333333333,21.76,27.003333333333334,1.8,30,0,0
C129V,La Palma,2019,10,FUENCALIENTE,31,31,31,31,1,23.42258064516129,20.861290322580643,25.970967741935485,28,21,0,0
C129V,La Palma,2019,11,FUENCALIENTE,30,30,30,30,1,21.733333333333334,19.366666666666667,24.093333333333334,19.2,10,0,0
C129V,La Palma,2019,12,FUENCALIENTE,31,31,31,31,1,20.60322580645161,18.074193548387097,23.135483870967743,10.4,0,0,0
C129V,La Palma,2020,1,FUENCALIENTE,31,31,31,31,1,20.083870967741937,16.164516129032258,24.009677419354837,4.2,0,0,0
C129V,La Palma,2020,2,FUENCALIENTE,29,29,29,29,1,21.3,17.76551724137931,24.848275862068967,0.4,4,0,0
C129V,La Palma,2020,3,FUENCALIENTE,31,31,31,31,1,19.641935483870967,16.558064516129033,22.71290322580645,2.8,0,0,0
C129V,La Palma,2020,4,FUENCALIENTE,30,30,30,30,1,20.47,17.713333333333335,23.240000000000002,4.6,0,0,0
C129V,La Palma,2020,5,FUENCALIENTE,31,31,31,31,1,21.45806451612903,18.706451612903226,24.212903225806453,0,2,0,0
C129V,La Palma,2020,6,FUENCALIENTE,30,30,30,30,1,23.1,20.66,25.54,15.799999999999999,23,0,0
C129V,La Palma,2020,7,FUENCALIENTE,31,31,31,31,1,23.664516129032258,21.21290322580645,26.135483870967743,0,31,0,0
C129V,La Palma,2020,8,FUENCALIENTE,31,31,31,31,1,24.84193548387097,22.206451612903226,27.493548387096773,0,31,0,0
C129V,La Palma,2020,9,FUENCALIENTE,30,30,30,30,1,25.183333333333334,22.5,27.87,0.8,30,0,0
C129V,La Palma,2020,10,FUENCALIENTE,31,31,31,31,1,24.612903225806452,21.280645161290323,27.951612903225808,17.6,27,0,0
C129V,La Palma,2020,11,FUENCALIENTE,30,30,30,30,1,22.933333333333334,19.576666666666668,26.293333333333333,26.599999999999998,14,0,0
C129V,La Palma,2020,12,FUENCALIENTE,31,31,31,31,1,20.01290322580645,17.548387096774192,22.467741935483872,60.8,0,0,0
C129V,La Palma,2021,1,FUENCALIENTE,31,31,31,31,1,19.029032258064515,16.60967741935484,21.470967741935485,43.6,1,0,0
C129V,La Palma,2021,2,FUENCALIENTE,28,28,28,28,1,18.803571428571427,15.871428571428572,21.728571428571428,15.8,0,0,0
C129V,La Palma,2021,3,FUENCALIENTE,31,31,31,31,1,19.64516129032258,16.79032258064516,22.496774193548386,0.2,0,0,0
C129V,La Palma,2021,4,FUENCALIENTE,30,30,30,30,1,20.963333333333335,17.953333333333333,23.956666666666667,0.6000000000000001,0,0,0
C129V,La Palma,2021,5,FUENCALIENTE,31,31,28,31,0.9032258064516129,21.535714285714285,18.964285714285715,24.09642857142857,0.8,2,0,0
C129V,La Palma,2021,6,FUENCALIENTE,30,30,30,30,1,22.34,19.69,25.003333333333334,1.8,12,0,0
C129V,La Palma,2021,7,FUENCALIENTE,31,31,31,31,1,23.506451612903227,20.96451612903226,26.048387096774192,0.2,29,0,0
C129V,La Palma,2021,8,FUENCALIENTE,31,31,31,31,1,25.1,22.348387096774193,27.835483870967742,0.4,31,2,0
C129V,La Palma,2021,9,FUENCALIENTE,30,30,30,30,1,25.256666666666668,22.81,27.713333333333335,2,30,0,0
C129V,La Palma,2021,10,FUENCALIENTE,31,31,31,31,1,23.725806451612904,21.125806451612902,26.329032258064515,8.6,26,0,0
C129V,La Palma,2021,11,FUENCALIENTE,30,30,30,30,1,21.546666666666667,19.123333333333335,23.973333333333333,40.199999999999996,10,0,0
C129V,La Palma,2021,12,FUENCALIENTE,31,31,31,31,1,20.261290322580646,17.85483870967742,22.661290322580644,10.4,1,0,0
C129V,La Palma,2022,1,FUENCALIENTE,31,31,31,31,1,19.970967741935485,17.474193548387095,22.480645161290322,11,0,0,0
C129V,La Palma,2022,2,FUENCALIENTE,28,28,28,28,1,19.814285714285713,17.135714285714286,22.485714285714288,18,1,0,0
C129V,La Palma,2022,3,FUENCALIENTE,31,31,30,31,0.967741935483871,18.976666666666667,16.046666666666667,21.906666666666666,27.8,0,0,0
C129V,La Palma,2022,4,FUENCALIENTE,30,30,30,30,1,19.703333333333333,16.933333333333334,22.493333333333332,24.6,0,0,0
C129V,La Palma,2022,5,FUENCALIENTE,31,31,31,31,1,21.5,18.703225806451613,24.29032258064516,2.2,3,0,0
C129V,La Palma,2022,6,FUENCALIENTE,30,30,30,30,1,22.633333333333333,19.796666666666667,25.46,0.2,15,0,0
C129V,La Palma,2022,7,FUENCALIENTE,31,31,31,31,1,23.880645161290325,21.106451612903225,26.648387096774194,0,27,0,0
C129V,La Palma,2022,8,FUENCALIENTE,31,31,31,31,1,24.25483870967742,21.635483870967743,26.89032258064516,5.4,30,0,0
C129V,La Palma,2022,9,FUENCALIENTE,30,30,30,30,1,24.586666666666666,22.1,27.07,104.8,30,0,0
C129V,La Palma,2022,10,FUENCALIENTE,31,31,31,31,1,23.606451612903225,20.825806451612902,26.364516129032257,0,23,0,0
C129V,La Palma,2022,11,FUENCALIENTE,30,30,29,30,0.9666666666666667,23.00344827586207,20.393103448275863,25.627586206896552,0,19,0,0
C129V,La Palma,2022,12,FUENCALIENTE,31,31,31,31,1,21.151612903225807,18.635483870967743,23.65806451612903,70.6,8,0,0
C129V,La Palma,2023,1,FUENCALIENTE,31,31,31,31,1,19.606451612903225,17.074193548387097,22.13225806451613,49,0,0,0
C129V,La Palma,2023,2,FUENCALIENTE,28,28,28,28,1,18.514285714285716,15.242857142857142,21.8,21.799999999999997,0,0,0
C129V,La Palma,2023,3,FUENCALIENTE,31,31,31,31,1,21.316129032258065,18.29032258064516,24.35483870967742,0,3,0,0
C129V,La Palma,2023,4,FUENCALIENTE,30,30,30,30,1,21.133333333333333,18.143333333333334,24.133333333333333,1.6,1,0,0
C129V,La Palma,2023,5,FUENCALIENTE,31,31,31,31,1,22.03548387096774,19.29032258064516,24.783870967741937,5.6,8,0,0
C129V,La Palma,2023,6,FUENCALIENTE,30,30,30,30,1,23.713333333333335,20.856666666666666,26.56,17.8,26,0,0
C129V,La Palma,2023,7,FUENCALIENTE,31,31,31,31,1,25.074193548387097,22.46451612903226,27.690322580645162,0,31,0,0
C129V,La Palma,2023,8,FUENCALIENTE,31,31,31,31,1,25.961290322580645,23.393548387096775,28.532258064516128,0.4,31,0,0
C129V,La Palma,2023,9,FUENCALIENTE,30,30,30,30,1,25.5,22.666666666666668,28.323333333333334,1.6,30,0,0
C129V,La Palma,2023,10,FUENCALIENTE,31,31,31,31,1,26.164516129032258,23.01290322580645,29.31935483870968,7.2,31,1,0
C129V,La Palma,2023,11,FUENCALIENTE,30,30,30,30,1,23.506666666666668,20.736666666666668,26.27,34.8,23,0,0
C129V,La Palma,2023,12,FUENCALIENTE,31,31,31,31,1,21.283870967741937,18.470967741935485,24.07741935483871,25.6,2,0,0
C129V,La Palma,2024,1,FUENCALIENTE,31,31,31,31,1,21.36774193548387,18.7,24.00967741935484,5.2,5,0,0
C129V,La Palma,2024,2,FUENCALIENTE,29,29,29,29,1,21.055172413793102,18.27241379310345,23.851724137931033,20.599999999999998,1,0,0
C129V,La Palma,2024,3,FUENCALIENTE,31,31,31,31,1,20.03548387096774,17.025806451612905,23.048387096774192,27.8,0,0,0
C129V,La Palma,2024,4,FUENCALIENTE,30,30,30,30,1,21.64666666666667,18.486666666666668,24.823333333333334,1.8,1,0,0
C129V,La Palma,2024,5,FUENCALIENTE,31,31,31,31,1,21.79032258064516,19.096774193548388,24.48709677419355,0.8,3,0,0
C129V,La Palma,2024,6,FUENCALIENTE,30,30,30,30,1,22.706666666666667,20.026666666666667,25.42,7.8,19,0,0
C129V,La Palma,2024,7,FUENCALIENTE,31,31,31,31,1,23.86774193548387,21.258064516129032,26.483870967741936,0,30,0,0
C129V,La Palma,2024,8,FUENCALIENTE,31,31,31,31,1,25.02258064516129,22.49032258064516,27.548387096774192,0.2,31,0,0
C129V,La Palma,2024,9,FUENCALIENTE,30,30,30,30,1,24.416666666666668,21.813333333333333,27.033333333333335,3,30,0,0
C129V,La Palma,2024,10,FUENCALIENTE,31,31,31,31,1,23.635483870967743,21.15483870967742,26.129032258064516,12.399999999999999,25,0,0
C129V,La Palma,2024,11,FUENCALIENTE,30,30,30,30,1,22.86,19.973333333333333,25.753333333333334,15.2,12,0,0
C129V,La Palma,2024,12,FUENCALIENTE,31,31,31,31,1,21.016129032258064,18.574193548387097,23.483870967741936,26.8,8,0,0
C129V,La Palma,2025,1,FUENCALIENTE,31,31,31,31,1,19.858064516129033,17.39677419354839,22.3,21.2,0,0,0
C129V,La Palma,2025,2,FUENCALIENTE,28,28,28,28,1,19.62857142857143,16.853571428571428,22.417857142857144,7.4,0,0,0
C129V,La Palma,2025,3,FUENCALIENTE,31,31,31,31,1,19.13225806451613,16.393548387096775,21.87741935483871,33.2,0,0,0
C129V,La Palma,2025,4,FUENCALIENTE,30,30,30,30,1,19.91,17.336666666666666,22.506666666666668,49.2,0,0,0
C129V,La Palma,2025,5,FUENCALIENTE,31,31,31,31,1,21.10322580645161,18.225806451612904,23.983870967741936,13.200000000000001,0,0,0
C129V,La Palma,2025,6,FUENCALIENTE,30,30,30,30,1,22.993333333333332,20.286666666666665,25.673333333333332,0.2,20,0,0
C129V,La Palma,2025,7,FUENCALIENTE,31,31,31,31,1,24.325806451612902,21.65483870967742,26.980645161290322,0,31,0,0
C129V,La Palma,2025,8,FUENCALIENTE,31,31,31,31,1,25.170967741935485,22.53548387096774,27.803225806451614,1,31,0,0
C129V,La Palma,2025,9,FUENCALIENTE,30,30,30,30,1,25.123333333333335,22.4,27.863333333333333,0.8,30,0,0
C129V,La Palma,2025,10,FUENCALIENTE,31,31,31,31,1,24.193548387096772,21.674193548387098,26.719354838709677,2.4,30,0,0
C129V,La Palma,2025,11,FUENCALIENTE,30,30,30,30,1,22.443333333333335,19.846666666666668,25.03,60.00000000000001,12,0,0
C129V,La Palma,2025,12,FUENCALIENTE,31,28,26,26,0.8387096774193549,20.096153846153847,17.42222222222222,22.733333333333334,7,0,0,0
C139E,La Palma,2015,1,LA PALMA AEROPUERTO,31,31,31,31,1,18.01290322580645,15.85483870967742,20.164516129032258,26.1,0,0,0
C139E,La Palma,2015,2,LA PALMA AEROPUERTO,28,28,28,28,1,16.978571428571428,14.746428571428572,19.228571428571428,49.8,0,0,0
C139E,La Palma,2015,3,LA PALMA AEROPUERTO,31,31,31,31,1,18.02258064516129,15.54516129032258,20.525806451612905,0.4,0,0,0
C139E,La Palma,2015,4,LA PALMA AEROPUERTO,30,30,30,30,1,18.576666666666668,15.913333333333334,21.24,16,0,0,0
C139E,La Palma,2015,5,LA PALMA AEROPUERTO,31,31,31,31,1,20.670967741935485,18.14516129032258,23.2,0,3,0,0
C139E,La Palma,2015,6,LA PALMA AEROPUERTO,30,30,30,30,1,21.366666666666667,18.883333333333333,23.86,0,5,0,0
C139E,La Palma,2015,7,LA PALMA AEROPUERTO,31,31,31,31,1,23.712903225806453,21.42258064516129,26.01290322580645,6.4,28,0,0
C139E,La Palma,2015,8,LA PALMA AEROPUERTO,31,31,31,31,1,24.85483870967742,22.325806451612902,27.387096774193548,24.7,31,0,0
C139E,La Palma,2015,9,LA PALMA AEROPUERTO,30,30,30,30,1,25.016666666666666,22.346666666666668,27.66,58.2,29,0,0
C139E,La Palma,2015,10,LA PALMA AEROPUERTO,31,31,30,31,0.967741935483871,23.823333333333334,20.913333333333334,26.746666666666666,60.2,21,0,0
C139E,La Palma,2015,11,LA PALMA AEROPUERTO,30,30,30,30,1,22.04,19.636666666666667,24.443333333333335,10.5,16,0,0
C139E,La Palma,2015,12,LA PALMA AEROPUERTO,31,31,31,31,1,21.10967741935484,18.03548387096774,24.203225806451613,7.7,2,0,0
C139E,La Palma,2016,1,LA PALMA AEROPUERTO,31,31,30,31,0.967741935483871,19.74,16.96666666666667,22.538709677419355,8.399999999999999,0,0,0
C139E,La Palma,2016,2,LA PALMA AEROPUERTO,29,29,29,29,1,18.679310344827584,16.479310344827585,20.882758620689657,56.5,0,0,0
C139E,La Palma,2016,3,LA PALMA AEROPUERTO,31,31,31,31,1,18.151612903225807,15.716129032258065,20.583870967741937,24.1,0,0,0
C139E,La Palma,2016,4,LA PALMA AEROPUERTO,30,30,30,30,1,19.58,16.916666666666668,22.236666666666668,4,0,0,0
C139E,La Palma,2016,5,LA PALMA AEROPUERTO,31,31,31,31,1,20.135483870967743,17.629032258064516,22.641935483870967,8,0,0,0
C139E,La Palma,2016,6,LA PALMA AEROPUERTO,30,30,29,30,0.9666666666666667,22.644827586206898,20.19655172413793,25.09655172413793,1.4,20,0,0
C139E,La Palma,2016,7,LA PALMA AEROPUERTO,31,31,29,31,0.9354838709677419,23.26896551724138,21.06,25.493333333333332,0,29,0,0
C139E,La Palma,2016,8,LA PALMA AEROPUERTO,31,31,30,31,0.967741935483871,24.89,22.323333333333334,27.45,0,30,0,0
C139E,La Palma,2016,9,LA PALMA AEROPUERTO,30,30,29,30,0.9666666666666667,24.458620689655174,21.93793103448276,26.955172413793104,0.7,29,0,0
C139E,La Palma,2016,10,LA PALMA AEROPUERTO,31,31,31,31,1,23.232258064516127,20.54193548387097,25.906451612903226,12.3,21,0,0
C139E,La Palma,2016,11,LA PALMA AEROPUERTO,30,30,29,30,0.9666666666666667,21.16551724137931,18.50344827586207,23.83103448275862,56.199999999999996,3,0,0
C139E,La Palma,2016,12,LA PALMA AEROPUERTO,31,31,15,31,0.4838709677419355,21.06,18.013333333333332,24.12666666666667,48.699999999999996,2,0,0
C139E,La Palma,2017,1,LA PALMA AEROPUERTO,31,31,0,31,0,,,,2.4,0,0,0
C139E,La Palma,2017,2,LA PALMA AEROPUERTO,28,28,19,28,0.6785714285714286,17.98421052631579,15.526315789473685,20.426315789473684,40,0,0,0
C139E,La Palma,2017,3,LA PALMA AEROPUERTO,31,31,31,31,1,18.938709677419354,16.038709677419355,21.84516129032258,6.5,1,0,0
C139E,La Palma,2017,4,LA PALMA AEROPUERTO,30,30,29,30,0.9666666666666667,20.224137931034484,17.510344827586206,22.92,40.4,1,0,0
C139E,La Palma,2017,5,LA PALMA AEROPUERTO,31,31,31,31,1,21.241935483870968,18.64516129032258,23.848387096774193,0.4,5,0,0
C139E,La Palma,2017,6,LA PALMA AEROPUERTO,30,30,30,30,1,22.72,20.526666666666667,24.916666666666668,0.5,19,0,0
C139E,La Palma,2017,7,LA PALMA AEROPUERTO,31,31,31,31,1,23.419354838709676,21.174193548387098,25.67741935483871,0.7,29,0,0
C139E,La Palma,2017,8,LA PALMA AEROPUERTO,31,31,31,31,1,24.4,22.058064516129033,26.741935483870968,0,31,0,0
C139E,La Palma,2017,9,LA PALMA AEROPUERTO,30,30,30,30,1,24.11,22.006666666666668,26.23,1.2,30,0,0
C139E,La Palma,2017,10,LA PALMA AEROPUERTO,31,31,31,31,1,23.72258064516129,21.09032258064516,26.351612903225806,4.9,26,0,0
C139E,La Palma,2017,11,LA PALMA AEROPUERTO,30,30,29,30,0.9666666666666667,21.9,19.7,24.09655172413793,44.6,12,0,0
C139E,La Palma,2017,12,LA PALMA AEROPUERTO,31,31,31,31,1,19.40967741935484,17.164516129032258,21.638709677419357,52.5,0,0,0
C139E,La Palma,2018,1,LA PALMA AEROPUERTO,31,31,30,31,0.967741935483871,18.346666666666668,16.126666666666665,20.574193548387097,24.2,0,0,0
C139E,La Palma,2018,2,LA PALMA AEROPUERTO,28,28,28,28,1,17.167857142857144,14.646428571428572,19.682142857142857,95.5,0,0,0
C139E,La Palma,2018,3,LA PALMA AEROPUERTO,31,31,29,31,0.9354838709677419,19.179310344827584,16.368965517241378,21.99655172413793,28.599999999999998,0,0,0
C139E,La Palma,2018,4,LA PALMA AEROPUERTO,30,30,30,30,1,18.883333333333333,16.263333333333332,21.503333333333334,2.1,0,0,0
C139E,La Palma,2018,5,LA PALMA AEROPUERTO,31,31,31,31,1,19.203225806451613,16.825806451612902,21.57741935483871,2.2,0,0,0
C139E,La Palma,2018,6,LA PALMA AEROPUERTO,30,30,30,30,1,21.05,18.77,23.323333333333334,0.2,3,0,0
C139E,La Palma,2018,7,LA PALMA AEROPUERTO,31,31,31,31,1,22.906451612903226,20.64516129032258,25.151612903225807,0,27,0,0
C139E,La Palma,2018,8,LA PALMA AEROPUERTO,31,31,31,31,1,23.77741935483871,21.490322580645163,26.061290322580646,0.5,30,0,0
C139E,La Palma,2018,9,LA PALMA AEROPUERTO,30,30,30,30,1,24.143333333333334,21.833333333333332,26.463333333333335,0.5,29,0,0
C139E,La Palma,2018,10,LA PALMA AEROPUERTO,31,31,31,31,1,22.529032258064515,19.89032258064516,25.151612903225807,123.10000000000001,17,0,0
C139E,La Palma,2018,11,LA PALMA AEROPUERTO,30,30,30,30,1,20,17.32,22.686666666666667,45.3,1,0,0
C139E,La Palma,2018,12,LA PALMA AEROPUERTO,31,31,31,31,1,19.967741935483872,17.219354838709677,22.703225806451613,1.6,0,0,0
C139E,La Palma,2019,1,LA PALMA AEROPUERTO,31,31,31,31,1,18.11935483870968,15.351612903225806,20.883870967741935,16.1,0,0,0
C139E,La Palma,2019,2,LA PALMA AEROPUERTO,28,28,28,28,1,18.79642857142857,15.428571428571429,22.167857142857144,6.2,0,0,0
C139E,La Palma,2019,3,LA PALMA AEROPUERTO,31,31,31,31,1,18.519354838709678,15.964516129032258,21.070967741935483,6.8,0,0,0
C139E,La Palma,2019,4,LA PALMA AEROPUERTO,30,30,29,30,0.9666666666666667,18.841379310344827,16.193103448275863,21.47241379310345,9.9,0,0,0
C139E,La Palma,2019,5,LA PALMA AEROPUERTO,31,31,30,31,0.967741935483871,20.606666666666666,18.383333333333333,22.82,0,0,0,0
C139E,La Palma,2019,6,LA PALMA AEROPUERTO,30,30,30,30,1,21.676666666666666,19.11,24.23,9.3,6,0,0
C139E,La Palma,2019,7,LA PALMA AEROPUERTO,31,31,31,31,1,23.122580645161293,20.81935483870968,25.43225806451613,0.4,27,0,0
C139E,La Palma,2019,8,LA PALMA AEROPUERTO,31,31,31,31,1,24.370967741935484,21.98709677419355,26.74516129032258,0,31,0,0
C139E,La Palma,2019,9,LA PALMA AEROPUERTO,30,30,30,30,1,23.626666666666665,21.3,25.97,6.9,29,0,0
C139E,La Palma,2019,10,LA PALMA AEROPUERTO,31,31,31,31,1,22.951612903225808,20.4,25.509677419354837,50.9,20,0,0
C139E,La Palma,2019,11,LA PALMA AEROPUERTO,30,30,29,30,0.9666666666666667,20.906896551724138,18.633333333333333,23.179310344827588,29.7,4,0,0
C139E,La Palma,2019,12,LA PALMA AEROPUERTO,31,31,31,31,1,19.748387096774195,16.961290322580645,22.52258064516129,11.4,0,0,0
C139E,La Palma,2020,1,LA PALMA AEROPUERTO,31,31,31,31,1,18.2,15.32258064516129,21.07741935483871,5.3,0,0,0
C139E,La Palma,2020,2,LA PALMA AEROPUERTO,29,29,29,29,1,20.20689655172414,17.144827586206898,23.28965517241379,0.6,1,0,0
C139E,La Palma,2020,3,LA PALMA AEROPUERTO,31,31,31,31,1,18.65483870967742,15.970967741935484,21.325806451612902,6.3,0,0,0
C139E,La Palma,2020,4,LA PALMA AEROPUERTO,30,30,30,30,1,19.759999999999998,16.86,22.663333333333334,11.5,0,0,0
C139E,La Palma,2020,5,LA PALMA AEROPUERTO,31,31,31,31,1,20.864516129032257,18.229032258064517,23.519354838709678,0.1,1,0,0
C139E,La Palma,2020,6,LA PALMA AEROPUERTO,30,30,30,30,1,22.8,20.096666666666668,25.5,12.7,19,0,0
C139E,La Palma,2020,7,LA PALMA AEROPUERTO,31,31,31,31,1,23.238709677419354,21.038709677419355,25.425806451612903,0,30,0,0
C139E,La Palma,2020,8,LA PALMA AEROPUERTO,31,31,31,31,1,24.454838709677418,21.97741935483871,26.93225806451613,0,31,0,0
C139E,La Palma,2020,9,LA PALMA AEROPUERTO,30,30,30,30,1,24.38,21.85333333333333,26.913333333333334,1.9,30,0,0
C139E,La Palma,2020,10,LA PALMA AEROPUERTO,31,31,31,31,1,23.190322580645162,20.674193548387098,25.72258064516129,60.6,21,0,0
C139E,La Palma,2020,11,LA PALMA AEROPUERTO,30,30,29,30,0.9666666666666667,21.59655172413793,18.610344827586207,24.586206896551722,37,8,0,0
C139E,La Palma,2020,12,LA PALMA AEROPUERTO,31,31,31,31,1,19.161290322580644,16.693548387096776,21.61935483870968,53.2,0,0,0
C139E,La Palma,2021,1,LA PALMA AEROPUERTO,31,31,31,31,1,18.20967741935484,15.825806451612904,20.570967741935483,47.7,0,0,0
C139E,La Palma,2021,2,LA PALMA AEROPUERTO,28,28,28,28,1,18.057142857142857,15.167857142857143,20.97142857142857,15.2,0,0,0
C139E,La Palma,2021,3,LA PALMA AEROPUERTO,31,31,31,31,1,18.770967741935483,16.232258064516127,21.329032258064515,5.8,0,0,0
C139E,La Palma,2021,4,LA PALMA AEROPUERTO,30,30,30,30,1,19.983333333333334,17.203333333333333,22.776666666666667,5.2,0,0,0
C139E,La Palma,2021,5,LA PALMA AEROPUERTO,31,31,30,31,0.967741935483871,20.83,18.6,23.04,1.2,2,0,0
C139E,La Palma,2021,6,LA PALMA AEROPUERTO,30,30,30,30,1,21.613333333333333,19.363333333333333,23.866666666666667,2.4,6,0,0
C139E,La Palma,2021,7,LA PALMA AEROPUERTO,31,31,31,31,1,22.938709677419354,20.78709677419355,25.087096774193547,0,30,0,0
C139E,La Palma,2021,8,LA PALMA AEROPUERTO,31,31,31,31,1,24.56451612903226,21.89032258064516,27.251612903225805,0.6,30,1,0
C139E,La Palma,2021,9,LA PALMA AEROPUERTO,30,30,30,30,1,24.586666666666666,22.21,26.97,10.700000000000001,30,0,0
C139E,La Palma,2021,10,LA PALMA AEROPUERTO,31,31,31,31,1,23.064516129032256,20.55483870967742,25.574193548387097,8.5,21,0,0
C139E,La Palma,2021,11,LA PALMA AEROPUERTO,30,30,30,30,1,20.55,18.266666666666666,22.826666666666668,118.7,2,0,0
C139E,La Palma,2021,12,LA PALMA AEROPUERTO,31,31,31,31,1,19.480645161290322,16.980645161290322,21.974193548387095,24.1,0,0,0
C139E,La Palma,2022,1,LA PALMA AEROPUERTO,31,31,31,31,1,19.09032258064516,16.309677419354838,21.874193548387098,41.300000000000004,0,0,0
C139E,La Palma,2022,2,LA PALMA AEROPUERTO,28,28,28,28,1,18.964285714285715,16.321428571428573,21.603571428571428,31.7,0,0,0
C139E,La Palma,2022,3,LA PALMA AEROPUERTO,31,31,31,31,1,18.26451612903226,15.680645161290322,20.838709677419356,38.8,0,0,0
C139E,La Palma,2022,4,LA PALMA AEROPUERTO,30,30,30,30,1,19.053333333333335,16.580000000000002,21.523333333333333,19.8,0,0,0
C139E,La Palma,2022,5,LA PALMA AEROPUERTO,31,31,31,31,1,21.15806451612903,18.558064516129033,23.74516129032258,1.2,4,0,0
C139E,La Palma,2022,6,LA PALMA AEROPUERTO,30,30,30,30,1,21.953333333333333,19.55,24.346666666666668,10.1,11,0,0
C139E,La Palma,2022,7,LA PALMA AEROPUERTO,31,31,31,31,1,23.31290322580645,21.009677419354837,25.60967741935484,0.1,25,0,0
C139E,La Palma,2022,8,LA PALMA AEROPUERTO,31,31,31,31,1,23.88064516129032,21.561290322580646,26.177419354838708,7.6,30,0,0
C139E,La Palma,2022,9,LA PALMA AEROPUERTO,30,30,30,30,1,24.1,21.78,26.443333333333335,187.3,28,0,0
C139E,La Palma,2022,10,LA PALMA AEROPUERTO,31,31,31,31,1,23.064516129032256,20.532258064516128,25.60322580645161,1.1,20,0,0
C139E,La Palma,2022,11,LA PALMA AEROPUERTO,30,30,30,30,1,22.28,19.77,24.793333333333333,8.2,14,0,0
C139E,La Palma,2022,12,LA PALMA AEROPUERTO,31,31,31,31,1,20.85483870967742,17.938709677419354,23.76451612903226,91.3,2,0,0
C139E,La Palma,2023,1,LA PALMA AEROPUERTO,31,31,31,31,1,18.774193548387096,16.54193548387097,21.019354838709678,76.7,0,0,0
C139E,La Palma,2023,2,LA PALMA AEROPUERTO,28,28,28,28,1,17.660714285714285,14.757142857142858,20.560714285714287,38.9,0,0,0
C139E,La Palma,2023,3,LA PALMA AEROPUERTO,31,31,31,31,1,20.548387096774192,17.635483870967743,23.474193548387095,0.7,2,0,0
C139E,La Palma,2023,4,LA PALMA AEROPUERTO,30,30,30,30,1,20.336666666666666,17.833333333333332,22.830000000000002,2.9,1,0,0
C139E,La Palma,2023,5,LA PALMA AEROPUERTO,31,31,31,31,1,21.15806451612903,18.825806451612902,23.474193548387095,0.3,6,0,0
C139E,La Palma,2023,6,LA PALMA AEROPUERTO,30,30,30,30,1,22.963333333333335,20.54,25.39,24,24,0,0
C139E,La Palma,2023,7,LA PALMA AEROPUERTO,31,31,31,31,1,24.096774193548388,22.31935483870968,25.874193548387098,0,31,0,0
C139E,La Palma,2023,8,LA PALMA AEROPUERTO,31,31,31,31,1,25.387096774193548,23.206451612903226,27.561290322580646,0.3,31,0,0
C139E,La Palma,2023,9,LA PALMA AEROPUERTO,30,30,30,30,1,24.366666666666667,22.076666666666668,26.69,6.8,30,0,0
C139E,La Palma,2023,10,LA PALMA AEROPUERTO,31,31,31,31,1,24.97741935483871,22.003225806451614,27.938709677419354,13.4,27,0,0
C139E,La Palma,2023,11,LA PALMA AEROPUERTO,30,30,30,30,1,22.153333333333332,19.833333333333332,24.466666666666665,56,15,0,0
C139E,La Palma,2023,12,LA PALMA AEROPUERTO,31,31,31,31,1,20.18064516129032,17.770967741935483,22.580645161290324,71.7,0,0,0
C139E,La Palma,2024,1,LA PALMA AEROPUERTO,31,31,31,31,1,20.348387096774193,17.429032258064517,23.258064516129032,5.7,1,0,0
C139E,La Palma,2024,2,LA PALMA AEROPUERTO,29,29,29,29,1,20.06896551724138,17.5,22.620689655172413,6.7,1,0,0
C139E,La Palma,2024,3,LA PALMA AEROPUERTO,31,31,31,31,1,19.016129032258064,16.587096774193547,21.43225806451613,15.700000000000001,0,0,0
C139E,La Palma,2024,4,LA PALMA AEROPUERTO,30,30,30,30,1,20.336666666666666,17.883333333333333,22.78333333333333,2.1999999999999997,1,0,0
C139E,La Palma,2024,5,LA PALMA AEROPUERTO,31,31,31,31,1,20.36774193548387,18.561290322580646,22.151612903225807,8.9,0,0,0
C139E,La Palma,2024,6,LA PALMA AEROPUERTO,30,30,30,30,1,21.33,19.456666666666667,23.203333333333333,4.4,7,0,0
C139E,La Palma,2024,7,LA PALMA AEROPUERTO,31,31,31,31,1,22.574193548387097,20.951612903225804,24.212903225806453,0,28,0,0
C139E,La Palma,2024,8,LA PALMA AEROPUERTO,31,31,31,31,1,23.961290322580645,22.177419354838708,25.748387096774195,0.2,31,0,0
C139E,La Palma,2024,9,LA PALMA AEROPUERTO,30,30,30,30,1,23.133333333333333,21.076666666666668,25.206666666666667,6.1000000000000005,26,0,0
C139E,La Palma,2024,10,LA PALMA AEROPUERTO,31,31,31,31,1,22.61935483870968,20.448387096774194,24.803225806451614,16.099999999999998,23,0,0
C139E,La Palma,2024,11,LA PALMA AEROPUERTO,30,30,30,30,1,21.95,18.973333333333333,24.95,25.5,5,0,0
C139E,La Palma,2024,12,LA PALMA AEROPUERTO,31,31,30,31,0.967741935483871,20.093333333333334,17.76,22.413333333333334,22.3,4,0,0
C139E,La Palma,2025,1,LA PALMA AEROPUERTO,31,31,31,31,1,18.767741935483873,16.33225806451613,21.190322580645162,16.2,0,0,0
C139E,La Palma,2025,2,LA PALMA AEROPUERTO,28,28,28,28,1,18.27857142857143,16.125,20.446428571428573,15.4,0,0,0
C139E,La Palma,2025,3,LA PALMA AEROPUERTO,31,31,31,31,1,18.309677419354838,15.587096774193549,21.00967741935484,23.9,0,0,0
C139E,La Palma,2025,4,LA PALMA AEROPUERTO,30,30,30,30,1,19.099999999999998,16.89,21.316666666666666,49.6,0,0,0
C139E,La Palma,2025,5,LA PALMA AEROPUERTO,31,31,31,31,1,20.238709677419354,17.948387096774194,22.53548387096774,0.5,0,0,0
C139E,La Palma,2025,6,LA PALMA AEROPUERTO,30,30,30,30,1,21.823333333333334,19.923333333333332,23.713333333333335,1.1,15,0,0
C139E,La Palma,2025,7,LA PALMA AEROPUERTO,31,31,31,31,1,23.241935483870968,21.45806451612903,25.029032258064515,0,30,0,0
C139E,La Palma,2025,8,LA PALMA AEROPUERTO,31,31,31,31,1,24.029032258064515,22.33225806451613,25.748387096774195,3.1,31,0,0
C139E,La Palma,2025,9,LA PALMA AEROPUERTO,30,30,30,30,1,24.083333333333332,21.91,26.243333333333332,10.3,28,0,0
C139E,La Palma,2025,10,LA PALMA AEROPUERTO,31,31,31,31,1,23.43548387096774,21.39677419354839,25.467741935483872,1.1,29,0,0
C139E,La Palma,2025,11,LA PALMA AEROPUERTO,30,30,30,30,1,21.613333333333333,19.253333333333334,23.976666666666667,92.3,11,0,0
C139E,La Palma,2025,12,LA PALMA AEROPUERTO,31,31,31,31,1,18.606451612903225,16.241935483870968,20.980645161290322,36.8,0,0,0
C148F,La Palma,2015,1,SAN ANDRÉS Y SAUCES,31,31,31,31,1,14.570967741935483,12.635483870967741,16.503225806451614,72.4,0,0,0
C148F,La Palma,2015,2,SAN ANDRÉS Y SAUCES,28,28,28,28,1,13.717857142857143,11.653571428571428,15.789285714285715,98.8,0,0,0
C148F,La Palma,2015,3,SAN ANDRÉS Y SAUCES,31,31,31,31,1,14.67741935483871,12.17741935483871,17.177419354838708,30.5,0,0,0
C148F,La Palma,2015,4,SAN ANDRÉS Y SAUCES,30,30,30,30,1,15.653333333333334,12.97,18.35,17.400000000000002,0,0,0
C148F,La Palma,2015,5,SAN ANDRÉS Y SAUCES,31,31,31,31,1,18.183870967741935,15.119354838709677,21.229032258064517,4.2,0,0,0
C148F,La Palma,2015,6,SAN ANDRÉS Y SAUCES,30,30,30,30,1,18.903333333333332,15.85,21.95,3,0,0,0
C148F,La Palma,2015,7,SAN ANDRÉS Y SAUCES,31,31,31,31,1,21.56774193548387,18.112903225806452,25.032258064516128,45.599999999999994,2,0,0
C148F,La Palma,2015,8,SAN ANDRÉS Y SAUCES,31,31,31,31,1,22.29032258064516,19.009677419354837,25.56451612903226,41.2,6,0,0
C148F,La Palma,2015,9,SAN ANDRÉS Y SAUCES,30,30,30,30,1,22.333333333333332,19.223333333333333,25.416666666666668,107.8,7,0,0
C148F,La Palma,2015,10,SAN ANDRÉS Y SAUCES,31,31,31,31,1,20.525806451612905,17.793548387096774,23.241935483870968,331.8,4,0,0
C148F,La Palma,2015,11,SAN ANDRÉS Y SAUCES,30,30,29,30,0.9666666666666667,18.713793103448275,16.27241379310345,21.158620689655173,31.599999999999998,0,0,0
C148F,La Palma,2015,12,SAN ANDRÉS Y SAUCES,31,31,31,31,1,18.219354838709677,15.138709677419355,21.3,73.19999999999999,1,0,0
C148F,La Palma,2016,1,SAN ANDRÉS Y SAUCES,31,31,31,31,1,16.970967741935485,14.219354838709677,19.725806451612904,34.4,0,0,0
C148F,La Palma,2016,2,SAN ANDRÉS Y SAUCES,29,29,29,29,1,15.13448275862069,12.96896551724138,17.317241379310346,67.8,0,0,0
C148F,La Palma,2016,3,SAN ANDRÉS Y SAUCES,31,31,31,31,1,14.783870967741935,12.419354838709678,17.15806451612903,67.4,0,0,0
C148F,La Palma,2016,4,SAN ANDRÉS Y SAUCES,30,30,30,30,1,16.476666666666667,13.606666666666667,19.35333333333333,46.6,0,0,0
C148F,La Palma,2016,5,SAN ANDRÉS Y SAUCES,31,31,31,31,1,17.33225806451613,14.241935483870968,20.403225806451612,11.4,0,0,0
C148F,La Palma,2016,6,SAN ANDRÉS Y SAUCES,30,30,30,30,1,19.923333333333332,16.57,23.28,7.3999999999999995,0,0,0
C148F,La Palma,2016,7,SAN ANDRÉS Y SAUCES,31,31,31,31,1,20.796774193548387,17.33225806451613,24.27741935483871,0,0,0,0
C148F,La Palma,2016,8,SAN ANDRÉS Y SAUCES,31,31,31,31,1,22.558064516129033,18.98709677419355,26.119354838709675,0,4,0,0
C148F,La Palma,2016,9,SAN ANDRÉS Y SAUCES,30,30,30,29,1,21.726666666666667,18.17,25.246666666666666,0,0,0,0
C148F,La Palma,2016,10,SAN ANDRÉS Y SAUCES,31,31,31,0,1,20.63225806451613,17.412903225806453,23.858064516129033,,0,0,0
C148F,La Palma,2016,11,SAN ANDRÉS Y SAUCES,30,30,30,0,1,17.576666666666668,15.07,20.066666666666666,,0,0,0
C148F,La Palma,2016,12,SAN ANDRÉS Y SAUCES,31,31,31,0,1,17.093548387096774,14.474193548387097,19.738709677419354,,0,0,0
C148F,La Palma,2017,1,SAN ANDRÉS Y SAUCES,31,31,31,0,1,15.874193548387098,13.26774193548387,18.480645161290322,,0,0,0
C148F,La Palma,2017,2,SAN ANDRÉS Y SAUCES,28,28,27,14,0.9642857142857143,15.462962962962964,12.937037037037037,17.996296296296297,19.4,0,0,0
C148F,La Palma,2017,3,SAN ANDRÉS Y SAUCES,31,31,31,31,1,16.232258064516127,13.05483870967742,19.40967741935484,44,0,0,0
C148F,La Palma,2017,4,SAN ANDRÉS Y SAUCES,30,30,30,30,1,17.926666666666666,14.703333333333333,21.143333333333334,84,0,0,0
C148F,La Palma,2017,5,SAN ANDRÉS Y SAUCES,31,31,31,31,1,18.84516129032258,15.567741935483872,22.141935483870967,17.8,0,0,0
C148F,La Palma,2017,6,SAN ANDRÉS Y SAUCES,30,30,30,30,1,20.113333333333333,17.333333333333332,22.906666666666666,17,0,0,0
C148F,La Palma,2017,7,SAN ANDRÉS Y SAUCES,31,31,31,31,1,20.967741935483872,17.803225806451614,24.13225806451613,18.4,0,0,0
C148F,La Palma,2017,8,SAN ANDRÉS Y SAUCES,31,31,31,31,1,22.383870967741935,18.848387096774193,25.916129032258063,5.4,2,0,0
C148F,La Palma,2017,9,SAN ANDRÉS Y SAUCES,30,30,30,30,1,21.6,18.73,24.46,7.8,0,0,0
C148F,La Palma,2017,10,SAN ANDRÉS Y SAUCES,31,31,31,31,1,21.46451612903226,18.07741935483871,24.84193548387097,20.4,2,0,0
C148F,La Palma,2017,11,SAN ANDRÉS Y SAUCES,30,30,30,30,1,19.22,16.75,21.683333333333334,55.6,0,0,0
C148F,La Palma,2017,12,SAN ANDRÉS Y SAUCES,31,31,31,31,1,16.55483870967742,14.238709677419354,18.848387096774193,96.6,0,0,0
C148F,La Palma,2018,1,SAN ANDRÉS Y SAUCES,31,31,31,31,1,15.296774193548387,12.916129032258064,17.683870967741935,106,0,0,0
C148F,La Palma,2018,2,SAN ANDRÉS Y SAUCES,28,28,28,28,1,14.082142857142857,11.539285714285715,16.635714285714286,128.6,0,0,0
C148F,La Palma,2018,3,SAN ANDRÉS Y SAUCES,31,31,31,31,1,16.219354838709677,13.374193548387098,19.06451612903226,31.400000000000002,0,0,0
C148F,La Palma,2018,4,SAN ANDRÉS Y SAUCES,30,30,30,30,1,15.94,13.193333333333333,18.683333333333334,54,0,0,0
C148F,La Palma,2018,5,SAN ANDRÉS Y SAUCES,31,31,31,31,1,16.629032258064516,13.941935483870967,19.296774193548387,29.2,0,0,0
C148F,La Palma,2018,6,SAN ANDRÉS Y SAUCES,30,30,30,30,1,18.81,15.653333333333334,21.973333333333333,23.8,0,0,0
C148F,La Palma,2018,7,SAN ANDRÉS Y SAUCES,31,31,31,31,1,20.774193548387096,17.467741935483872,24.058064516129033,0.4,0,0,0
C148F,La Palma,2018,8,SAN ANDRÉS Y SAUCES,31,31,31,31,1,21.690322580645162,18.47741935483871,24.916129032258066,13,0,0,0
C148F,La Palma,2018,9,SAN ANDRÉS Y SAUCES,30,30,30,30,1,21.8,18.62,24.98,0.4,1,0,0
C148F,La Palma,2018,10,SAN ANDRÉS Y SAUCES,31,31,31,31,1,20.338709677419356,17.164516129032258,23.509677419354837,139.4,0,0,0
C148F,La Palma,2018,11,SAN ANDRÉS Y SAUCES,30,30,30,30,1,17.173333333333332,14.596666666666668,19.759999999999998,246.79999999999998,0,0,0
C148F,La Palma,2018,12,SAN ANDRÉS Y SAUCES,31,31,31,31,1,17.35483870967742,14.30967741935484,20.387096774193548,2,0,0,0
C148F,La Palma,2019,1,SAN ANDRÉS Y SAUCES,31,24,24,23,0.7741935483870968,15.504166666666666,12.683333333333334,18.320833333333333,34.4,0,0,0
C148F,La Palma,2019,3,SAN ANDRÉS Y SAUCES,31,16,16,16,0.5161290322580645,15.8375,13.01875,18.66875,48.6,0,0,0
C148F,La Palma,2019,4,SAN ANDRÉS Y SAUCES,30,30,30,30,1,15.886666666666667,13.013333333333334,18.756666666666668,92,0,0,0
C148F,La Palma,2019,5,SAN ANDRÉS Y SAUCES,31,31,31,31,1,17.906451612903226,15.009677419354839,20.809677419354838,7.6,0,0,0
C148F,La Palma,2019,6,SAN ANDRÉS Y SAUCES,30,30,30,30,1,19.706666666666667,16.38,23.026666666666667,28.4,0,0,0
C148F,La Palma,2019,7,SAN ANDRÉS Y SAUCES,31,31,31,31,1,20.9,17.641935483870967,24.164516129032258,23.8,0,0,0
C148F,La Palma,2019,8,SAN ANDRÉS Y SAUCES,31,31,31,31,1,22.39032258064516,18.570967741935483,26.203225806451613,2.2,2,0,0
C148F,La Palma,2019,9,SAN ANDRÉS Y SAUCES,30,30,30,30,1,21.4,18.126666666666665,24.676666666666666,24.6,0,0,0
C148F,La Palma,2019,10,SAN ANDRÉS Y SAUCES,31,31,31,31,1,20.470967741935485,17.419354838709676,23.525806451612905,147.2,0,0,0
C148F,La Palma,2019,11,SAN ANDRÉS Y SAUCES,30,30,30,30,1,17.953333333333333,15.616666666666667,20.30666666666667,93.8,0,0,0
C148F,La Palma,2019,12,SAN ANDRÉS Y SAUCES,31,31,31,31,1,16.916129032258063,14.229032258064516,19.580645161290324,55.4,0,0,0
C148F,La Palma,2020,1,SAN ANDRÉS Y SAUCES,31,31,31,31,1,15.603225806451613,12.712903225806452,18.506451612903227,24.4,0,0,0
C148F,La Palma,2020,2,SAN ANDRÉS Y SAUCES,29,29,29,29,1,17.78965517241379,14.437931034482759,21.131034482758622,3.4000000000000004,0,0,0
C148F,La Palma,2020,3,SAN ANDRÉS Y SAUCES,31,31,31,31,1,16.106451612903225,13.032258064516128,19.206451612903226,66.8,0,0,0
C148F,La Palma,2020,4,SAN ANDRÉS Y SAUCES,30,30,30,30,1,17.57,14.11,21.026666666666667,14.8,0,0,0
C148F,La Palma,2020,5,SAN ANDRÉS Y SAUCES,31,31,31,31,1,18.648387096774194,15.193548387096774,22.083870967741934,17.2,0,0,0
C148F,La Palma,2020,6,SAN ANDRÉS Y SAUCES,30,30,30,30,1,20.4,17.253333333333334,23.55666666666667,26.2,0,0,0
C148F,La Palma,2020,7,SAN ANDRÉS Y SAUCES,31,31,31,31,1,21.206451612903226,17.76774193548387,24.651612903225807,4.6000000000000005,0,0,0
C148F,La Palma,2020,8,SAN ANDRÉS Y SAUCES,31,31,31,31,1,22.529032258064515,18.677419354838708,26.364516129032257,7.2,1,0,0
C148F,La Palma,2020,9,SAN ANDRÉS Y SAUCES,30,30,30,30,1,22.34,19.043333333333333,25.636666666666667,5.6,6,0,0
C148F,La Palma,2020,10,SAN ANDRÉS Y SAUCES,31,31,31,31,1,20.26451612903226,17.638709677419357,22.916129032258063,89.6,0,0,0
C148F,La Palma,2020,11,SAN ANDRÉS Y SAUCES,30,30,30,30,1,18.746666666666666,15.953333333333333,21.536666666666665,162.6,0,0,0
C148F,La Palma,2020,12,SAN ANDRÉS Y SAUCES,31,31,31,31,1,16.219354838709677,13.974193548387097,18.46451612903226,147.6,0,0,0
C148F,La Palma,2021,1,SAN ANDRÉS Y SAUCES,31,31,31,31,1,15.35483870967742,12.85483870967742,17.870967741935484,124.39999999999999,0,0,0
C148F,La Palma,2021,2,SAN ANDRÉS Y SAUCES,28,28,28,28,1,15.303571428571429,12.117857142857142,18.507142857142856,112.8,0,0,0
C148F,La Palma,2021,3,SAN ANDRÉS Y SAUCES,31,31,31,31,1,15.816129032258065,13.003225806451614,18.651612903225807,24,0,0,0
C148F,La Palma,2021,4,SAN ANDRÉS Y SAUCES,30,30,30,30,1,17.816666666666666,14.34,21.286666666666665,21.8,0,0,0
C148F,La Palma,2021,5,SAN ANDRÉS Y SAUCES,31,31,31,31,1,18.44516129032258,14.964516129032258,21.925806451612903,4.2,0,0,0
C148F,La Palma,2021,6,SAN ANDRÉS Y SAUCES,30,30,30,30,1,19.7,16.236666666666668,23.143333333333334,15.399999999999999,0,0,0
C148F,La Palma,2021,7,SAN ANDRÉS Y SAUCES,31,31,31,31,1,21.064516129032256,17.48709677419355,24.629032258064516,5,0,0,0
C148F,La Palma,2021,8,SAN ANDRÉS Y SAUCES,31,31,31,31,1,23.10967741935484,19.26451612903226,26.96451612903226,10.4,5,2,0
C148F,La Palma,2021,9,SAN ANDRÉS Y SAUCES,30,30,30,13,1,22.213333333333335,19.023333333333333,25.406666666666666,0,5,0,0
C148F,La Palma,2021,10,SAN ANDRÉS Y SAUCES,31,31,31,31,1,20.767741935483873,17.283870967741937,24.238709677419354,15.8,1,0,0
C148F,La Palma,2021,11,SAN ANDRÉS Y SAUCES,30,30,30,30,1,17.713333333333335,15.08,20.36,187.2,0,0,0
C148F,La Palma,2021,12,SAN ANDRÉS Y SAUCES,31,31,31,31,1,16.496774193548386,14.038709677419355,18.94516129032258,73.6,0,0,0
C148F,La Palma,2022,1,SAN ANDRÉS Y SAUCES,31,31,31,31,1,16.34193548387097,13.529032258064516,19.161290322580644,114,0,0,0
C148F,La Palma,2022,2,SAN ANDRÉS Y SAUCES,28,28,28,28,1,15.928571428571429,13.253571428571428,18.6,80.2,0,0,0
C148F,La Palma,2022,3,SAN ANDRÉS Y SAUCES,31,31,31,31,1,15.303225806451612,12.538709677419355,18.083870967741937,64.6,0,0,0
C148F,La Palma,2022,4,SAN ANDRÉS Y SAUCES,30,30,30,30,1,16.143333333333334,13.226666666666667,19.063333333333333,30.8,0,0,0
C148F,La Palma,2022,5,SAN ANDRÉS Y SAUCES,31,31,31,31,1,18.51290322580645,15.251612903225807,21.77741935483871,3.6,0,0,0
C148F,La Palma,2022,6,SAN ANDRÉS Y SAUCES,30,30,30,30,1,19.536666666666665,16.273333333333333,22.776666666666667,13.4,0,0,0
C148F,La Palma,2022,7,SAN ANDRÉS Y SAUCES,31,31,31,31,1,20.954838709677418,17.474193548387095,24.438709677419354,13.4,1,0,0
C148F,La Palma,2022,8,SAN ANDRÉS Y SAUCES,31,31,31,31,1,21.238709677419354,17.98709677419355,24.46451612903226,20.2,0,0,0
C148F,La Palma,2022,9,SAN ANDRÉS Y SAUCES,30,30,30,30,1,21.506666666666668,18.55,24.463333333333335,366.6,1,0,0
C148F,La Palma,2022,10,SAN ANDRÉS Y SAUCES,31,31,31,31,1,20.18709677419355,17.238709677419354,23.14516129032258,9.2,0,0,0
C148F,La Palma,2022,11,SAN ANDRÉS Y SAUCES,30,30,30,30,1,18.913333333333334,16.30666666666667,21.506666666666668,69.6,0,0,0
C148F,La Palma,2022,12,SAN ANDRÉS Y SAUCES,31,31,31,31,1,17.93548387096774,14.8,21.080645161290324,124.4,0,0,0
C148F,La Palma,2023,1,SAN ANDRÉS Y SAUCES,31,31,31,31,1,15.425806451612903,13.293548387096774,17.558064516129033,213.6,0,0,0
C148F,La Palma,2023,2,SAN ANDRÉS Y SAUCES,28,28,28,28,1,14.79642857142857,11.885714285714286,17.692857142857143,78.8,0,0,0
C148F,La Palma,2023,3,SAN ANDRÉS Y SAUCES,31,31,31,31,1,18.351612903225806,14.667741935483871,22.02258064516129,53.800000000000004,1,0,0
C148F,La Palma,2023,4,SAN ANDRÉS Y SAUCES,30,30,30,30,1,17.94,14.573333333333334,21.296666666666667,5.2,0,0,0
C148F,La Palma,2023,5,SAN ANDRÉS Y SAUCES,31,31,31,31,1,19.2,15.55483870967742,22.83225806451613,13.200000000000001,0,0,0
C148F,La Palma,2023,6,SAN ANDRÉS Y SAUCES,30,30,30,30,1,21.126666666666665,17.486666666666668,24.78333333333333,36.4,0,0,0
C148F,La Palma,2023,7,SAN ANDRÉS Y SAUCES,31,31,31,31,1,22.43225806451613,18.7,26.164516129032258,4.8,1,0,0
C148F,La Palma,2023,8,SAN ANDRÉS Y SAUCES,31,31,31,31,1,23.8,19.883870967741935,27.706451612903226,1.8,13,0,0
C148F,La Palma,2023,9,SAN ANDRÉS Y SAUCES,30,30,30,30,1,22.52,18.71,26.303333333333335,38.6,0,0,0
C148F,La Palma,2023,10,SAN ANDRÉS Y SAUCES,31,31,31,31,1,23.906451612903226,19.825806451612902,27.95806451612903,46.2,13,1,0
C148F,La Palma,2023,11,SAN ANDRÉS Y SAUCES,30,30,30,30,1,19.916666666666668,16.576666666666668,23.266666666666666,167,0,0,0
C148F,La Palma,2023,12,SAN ANDRÉS Y SAUCES,31,31,31,31,1,17.70967741935484,14.9,20.532258064516128,160.4,0,0,0
C148F,La Palma,2024,1,SAN ANDRÉS Y SAUCES,31,31,31,31,1,18.46451612903226,14.941935483870967,21.97741935483871,24.400000000000002,0,0,0
C148F,La Palma,2024,2,SAN ANDRÉS Y SAUCES,29,29,29,29,1,17.955172413793104,14.606896551724137,21.286206896551725,36.6,0,0,0
C148F,La Palma,2024,3,SAN ANDRÉS Y SAUCES,31,31,31,31,1,16.43548387096774,13.496774193548386,19.36774193548387,90.4,0,0,0
C148F,La Palma,2024,4,SAN ANDRÉS Y SAUCES,30,30,30,30,1,19.32,15.25,23.386666666666667,12.4,1,0,0
C148F,La Palma,2024,5,SAN ANDRÉS Y SAUCES,31,31,31,31,1,18.606451612903225,15.270967741935484,21.951612903225808,20.4,0,0,0
C148F,La Palma,2024,6,SAN ANDRÉS Y SAUCES,30,30,30,30,1,19.526666666666667,16.35333333333333,22.71,22.6,0,0,0
C148F,La Palma,2024,7,SAN ANDRÉS Y SAUCES,31,31,31,31,1,21.116129032258065,17.370967741935484,24.86774193548387,28.4,0,0,0
C148F,La Palma,2024,8,SAN ANDRÉS Y SAUCES,31,31,31,31,1,22.40967741935484,18.68709677419355,26.13225806451613,7.800000000000001,0,0,0
C148F,La Palma,2024,9,SAN ANDRÉS Y SAUCES,30,30,30,30,1,21.113333333333333,17.743333333333332,24.473333333333333,33.6,0,0,0
C148F,La Palma,2024,10,SAN ANDRÉS Y SAUCES,31,31,31,31,1,20.40967741935484,17.13225806451613,23.706451612903226,71.2,0,0,0
C148F,La Palma,2024,11,SAN ANDRÉS Y SAUCES,30,30,30,30,1,19.976666666666667,16.276666666666667,23.666666666666668,45.199999999999996,0,0,0
C148F,La Palma,2024,12,SAN ANDRÉS Y SAUCES,31,31,31,31,1,17.412903225806453,14.667741935483871,20.174193548387098,64.4,1,0,0
C148F,La Palma,2025,1,SAN ANDRÉS Y SAUCES,31,31,31,31,1,16.438709677419354,13.516129032258064,19.364516129032257,62.199999999999996,0,0,0
C148F,La Palma,2025,2,SAN ANDRÉS Y SAUCES,28,28,28,28,1,15.707142857142857,12.860714285714286,18.567857142857143,84.6,0,0,0
C148F,La Palma,2025,3,SAN ANDRÉS Y SAUCES,31,31,31,31,1,15.654838709677419,12.493548387096775,18.825806451612902,167.6,0,0,0
C148F,La Palma,2025,4,SAN ANDRÉS Y SAUCES,30,30,30,30,1,16.44,13.68,19.19333333333333,82.4,0,0,0
C148F,La Palma,2025,5,SAN ANDRÉS Y SAUCES,31,31,31,31,1,17.9,14.751612903225807,21.025806451612905,30.6,0,0,0
C148F,La Palma,2025,6,SAN ANDRÉS Y SAUCES,30,30,30,30,1,19.81,16.74,22.886666666666667,15.799999999999999,0,0,0
C148F,La Palma,2025,7,SAN ANDRÉS Y SAUCES,31,31,31,31,1,21.561290322580646,18.15483870967742,24.99032258064516,17.2,1,0,0
C148F,La Palma,2025,8,SAN ANDRÉS Y SAUCES,31,31,31,31,1,21.66774193548387,18.738709677419354,24.6,34.2,0,0,0
C148F,La Palma,2025,9,SAN ANDRÉS Y SAUCES,30,30,30,30,1,21.996666666666666,18.48,25.513333333333332,31,3,0,0
C148F,La Palma,2025,10,SAN ANDRÉS Y SAUCES,31,31,31,31,1,21.12258064516129,18.01290322580645,24.229032258064517,40,0,0,0
C148F,La Palma,2025,11,SAN ANDRÉS Y SAUCES,30,30,30,30,1,18.946666666666665,16.016666666666666,21.883333333333333,155.8,0,0,0
C148F,La Palma,2025,12,SAN ANDRÉS Y SAUCES,31,31,31,31,1,15.861290322580645,13.42258064516129,18.293548387096774,154.4,0,0,0
C229J,Fuerteventura,2015,1,PÁJARA,31,16,15,14,0.4838709677419355,16.693333333333335,14.16,19.226666666666667,0.7,0,0,0
C229J,Fuerteventura,2015,2,PÁJARA,28,25,25,25,0.8928571428571429,16.52,13.888,19.176,0.8,0,0,0
C229J,Fuerteventura,2015,3,PÁJARA,31,26,24,24,0.7741935483870968,17.533333333333335,14.166666666666666,20.90416666666667,9.4,0,0,0
C229J,Fuerteventura,2015,4,PÁJARA,30,30,28,28,0.9333333333333333,18.27857142857143,14.878571428571428,21.682142857142857,0,0,0,0
C229J,Fuerteventura,2015,5,PÁJARA,31,31,31,31,1,21.296774193548387,17.34516129032258,25.261290322580646,0,3,0,0
C229J,Fuerteventura,2015,6,PÁJARA,30,30,30,30,1,21.51,18.216666666666665,24.830000000000002,0,0,0,0
C229J,Fuerteventura,2015,7,PÁJARA,31,24,23,22,0.7419354838709677,25,20.83478260869565,29.152173913043477,0.2,18,0,0
C229J,Fuerteventura,2015,8,PÁJARA,31,31,29,29,0.9354838709677419,25.110344827586207,21.55862068965517,28.679310344827588,0.9,29,0,0
C229J,Fuerteventura,2015,9,PÁJARA,30,30,30,30,1,24.14666666666667,21,27.286666666666665,5.5,26,0,0
C229J,Fuerteventura,2015,10,PÁJARA,31,27,25,23,0.8064516129032258,23.784,20.4,27.192,5.800000000000001,14,0,0
C229J,Fuerteventura,2015,11,PÁJARA,30,23,23,23,0.7666666666666667,21.095652173913045,17.93913043478261,24.230434782608697,3,1,0,0
C229J,Fuerteventura,2015,12,PÁJARA,31,31,29,29,0.9354838709677419,19.717241379310344,17.541379310344826,21.910344827586208,0.9,0,0,0
C229J,Fuerteventura,2016,1,PÁJARA,31,31,31,31,1,19.006451612903227,15.845161290322581,22.16774193548387,0.7,0,0,0
C229J,Fuerteventura,2016,2,PÁJARA,29,29,29,29,1,17.73448275862069,14.658620689655173,20.810344827586206,23,0,0,0
C229J,Fuerteventura,2016,3,PÁJARA,31,31,31,31,1,17.361290322580647,14.332258064516129,20.387096774193548,6.1,0,0,0
C229J,Fuerteventura,2016,4,PÁJARA,30,30,29,30,0.9666666666666667,18.713793103448275,15.479310344827587,21.97241379310345,0.7999999999999999,0,0,0
C229J,Fuerteventura,2016,5,PÁJARA,31,31,30,30,0.967741935483871,19.863333333333333,16.89,22.846666666666668,0,0,0,0
C229J,Fuerteventura,2016,6,PÁJARA,30,30,28,30,0.9333333333333333,22.29642857142857,18.864285714285714,25.71785714285714,0,3,0,0
C229J,Fuerteventura,2016,7,PÁJARA,31,31,29,31,0.9354838709677419,24.25862068965517,20.44137931034483,28.06896551724138,0,19,0,0
C229J,Fuerteventura,2016,8,PÁJARA,31,31,31,31,1,25.370967741935484,21.087096774193547,29.664516129032258,0,29,0,0
C229J,Fuerteventura,2016,9,PÁJARA,30,30,30,30,1,23.93,20.506666666666668,27.363333333333333,1.2,26,0,0
C229J,Fuerteventura,2016,10,PÁJARA,31,31,31,31,1,22.870967741935484,19.45806451612903,26.261290322580646,19.4,10,0,0
C229J,Fuerteventura,2016,11,PÁJARA,30,30,29,30,0.9666666666666667,20.517241379310345,17.53793103448276,23.50344827586207,11.2,0,0,0
C229J,Fuerteventura,2016,12,PÁJARA,31,31,30,31,0.967741935483871,18.776666666666667,16.776666666666667,20.78,7.4,0,0,0
C229J,Fuerteventura,2017,1,PÁJARA,31,20,20,20,0.6451612903225806,17.62,15.345,19.9,3.8000000000000003,0,0,0
C229J,Fuerteventura,2017,2,PÁJARA,28,13,12,11,0.42857142857142855,17.641666666666666,14.825,20.475,4.5,0,0,0
C229J,Fuerteventura,2017,3,PÁJARA,31,31,29,31,0.9354838709677419,20.351724137931033,16.29310344827586,24.413793103448278,5,3,0,0
C229J,Fuerteventura,2017,4,PÁJARA,30,30,30,30,1,21.716666666666665,17.826666666666668,25.61,0.2,1,0,0
C229J,Fuerteventura,2017,5,PÁJARA,31,31,27,29,0.8709677419354839,22.95925925925926,19.485185185185184,26.433333333333334,0.30000000000000004,9,0,0
C229J,Fuerteventura,2017,6,PÁJARA,30,30,30,30,1,24.453333333333333,20.506666666666668,28.393333333333334,1,16,0,0
C229J,Fuerteventura,2017,7,PÁJARA,31,31,30,31,0.967741935483871,25.256666666666668,21.856666666666666,28.643333333333334,0,30,0,0
C229J,Fuerteventura,2017,8,PÁJARA,31,31,31,31,1,26.696774193548386,22.951612903225808,30.441935483870967,0.1,31,0,0
C229J,Fuerteventura,2017,9,PÁJARA,30,30,30,30,1,26.36,22.843333333333334,29.886666666666667,0,30,1,0
C229J,Fuerteventura,2017,10,PÁJARA,31,31,31,31,1,28.129032258064516,24.42258064516129,31.851612903225806,0,31,9,0
C229J,Fuerteventura,2017,11,PÁJARA,30,30,30,29,1,25.186666666666667,21.9,28.46666666666667,0,25,3,0
C229J,Fuerteventura,2017,12,PÁJARA,31,31,30,31,0.967741935483871,18.713333333333335,16.016666666666666,21.403333333333332,9.3,0,0,0
C229J,Fuerteventura,2018,1,PÁJARA,31,31,31,31,1,17.883870967741935,14.470967741935484,21.296774193548387,20,0,0,0
C229J,Fuerteventura,2018,2,PÁJARA,28,28,28,28,1,17.146428571428572,14.1,20.21785714285714,25.7,0,0,0
C229J,Fuerteventura,2018,3,PÁJARA,31,31,31,31,1,19.370967741935484,15.925806451612903,22.829032258064515,0.5,1,0,0
C229J,Fuerteventura,2018,4,PÁJARA,30,27,25,26,0.8333333333333334,18.968,15.724,22.208,3.2,0,0,0
C229J,Fuerteventura,2018,5,PÁJARA,31,31,31,30,1,19.929032258064517,16.68709677419355,23.174193548387098,1,0,0,0
C229J,Fuerteventura,2018,6,PÁJARA,30,30,29,30,0.9666666666666667,22.220689655172414,18.351724137931036,26.082758620689656,0.30000000000000004,3,0,0
C229J,Fuerteventura,2018,7,PÁJARA,31,31,30,31,0.967741935483871,24.626666666666665,20.76,28.493333333333332,0.6,27,0,0
C229J,Fuerteventura,2018,8,PÁJARA,31,31,29,31,0.9354838709677419,25.72758620689655,21.513793103448275,29.944827586206898,0,29,0,0
C229J,Fuerteventura,2018,9,PÁJARA,30,25,25,25,0.8333333333333334,25.808,21.972,29.64,0,25,0,0
C229J,Fuerteventura,2018,10,PÁJARA,31,13,12,12,0.3870967741935484,24.775,20.641666666666666,28.875,0.5,10,0,0
C229J,Fuerteventura,2018,11,PÁJARA,30,30,29,30,0.9666666666666667,21.21034482758621,17.982758620689655,24.451724137931034,6.5,2,0,0
C229J,Fuerteventura,2018,12,PÁJARA,31,31,30,31,0.967741935483871,20.906666666666666,17.766666666666666,24.06,0,2,0,0
C229J,Fuerteventura,2019,1,PÁJARA,31,31,31,31,1,18.538709677419355,15.580645161290322,21.490322580645163,3,0,0,0
C229J,Fuerteventura,2019,2,PÁJARA,28,28,28,28,1,19.825,15.975,23.667857142857144,1.1,0,0,0
C229J,Fuerteventura,2019,3,PÁJARA,31,31,31,31,1,19.616129032258065,15.516129032258064,23.7,8.7,0,0,0
C229J,Fuerteventura,2019,4,PÁJARA,30,30,30,30,1,20.44333333333333,16.996666666666666,23.886666666666667,3.5,0,0,0
C229J,Fuerteventura,2019,5,PÁJARA,31,31,28,29,0.9032258064516129,22.135714285714286,18.2,26.064285714285713,0.5,1,0,0
C229J,Fuerteventura,2019,6,PÁJARA,30,30,27,30,0.9,23.20740740740741,19.48148148148148,26.944444444444443,0.4,11,0,0
C229J,Fuerteventura,2019,7,PÁJARA,31,31,30,31,0.967741935483871,24.833333333333332,21.153333333333332,28.52,1.4,30,0,0
C229J,Fuerteventura,2019,8,PÁJARA,31,31,30,31,0.967741935483871,26.203333333333333,22.18,30.226666666666667,0,30,1,0
C229J,Fuerteventura,2019,9,PÁJARA,30,30,28,30,0.9333333333333333,25.375,21.335714285714285,29.439285714285713,1.8,28,0,0
C229J,Fuerteventura,2019,10,PÁJARA,31,31,31,31,1,24.70967741935484,20.864516129032257,28.558064516129033,0.4,26,0,0
C229J,Fuerteventura,2019,11,PÁJARA,30,30,30,30,1,21.873333333333335,19.18,24.573333333333334,11.1,7,0,0
C229J,Fuerteventura,2019,12,PÁJARA,31,31,31,31,1,20.141935483870967,17.570967741935483,22.725806451612904,10.4,4,0,0
C229J,Fuerteventura,2020,1,PÁJARA,31,31,31,31,1,18.751612903225805,16.53548387096774,20.974193548387095,0.1,1,0,0
C229J,Fuerteventura,2020,2,PÁJARA,29,29,29,29,1,21.324137931034482,17.76206896551724,24.882758620689653,0,6,0,0
C229J,Fuerteventura,2020,3,PÁJARA,31,31,31,31,1,19.412903225806453,16.12258064516129,22.7,8.9,0,0,0
C229J,Fuerteventura,2020,4,PÁJARA,30,30,30,30,1,20.863333333333333,17.936666666666667,23.773333333333333,0.7,1,0,0
C229J,Fuerteventura,2020,5,PÁJARA,31,31,31,31,1,22.287096774193547,19.096774193548388,25.448387096774194,0,4,0,0
C229J,Fuerteventura,2020,6,PÁJARA,30,30,30,30,1,23.676666666666666,20.856666666666666,26.516666666666666,0.1,27,0,0
C229J,Fuerteventura,2020,7,PÁJARA,31,31,30,31,0.967741935483871,25.84,22.263333333333332,29.406666666666666,0,30,1,0
C229J,Fuerteventura,2020,8,PÁJARA,31,31,30,30,0.967741935483871,26.526666666666667,22.856666666666666,30.21666666666667,0,30,4,0
C229J,Fuerteventura,2020,9,PÁJARA,30,30,30,30,1,25.733333333333334,22.3,29.153333333333332,0.7,30,1,0
C229J,Fuerteventura,2020,10,PÁJARA,31,31,31,30,1,23.65483870967742,20.925806451612903,26.393548387096775,1.6,24,0,0
C229J,Fuerteventura,2020,11,PÁJARA,30,30,30,30,1,22.546666666666667,19.536666666666665,25.55,8.2,15,0,0
C229J,Fuerteventura,2020,12,PÁJARA,31,31,31,31,1,19.951612903225808,17.758064516129032,22.14516129032258,2,0,0,0
C229J,Fuerteventura,2021,1,PÁJARA,31,31,31,31,1,18.696774193548386,16,21.39677419354839,7.5,0,0,0
C229J,Fuerteventura,2021,2,PÁJARA,28,28,28,27,1,18.817857142857143,15.935714285714285,21.689285714285713,12,0,0,0
C229J,Fuerteventura,2021,3,PÁJARA,31,31,31,31,1,19.638709677419357,16.725806451612904,22.545161290322582,1.7,2,0,0
C229J,Fuerteventura,2021,4,PÁJARA,30,30,28,30,0.9333333333333333,21.09285714285714,18.09642857142857,24.067857142857143,0.1,0,0,0
C229J,Fuerteventura,2021,5,PÁJARA,31,30,27,26,0.8709677419354839,21.55925925925926,18.90740740740741,24.22962962962963,0,4,0,0
C229J,Fuerteventura,2021,6,PÁJARA,30,30,26,29,0.8666666666666667,23.073076923076922,19.853846153846153,26.273076923076925,1,12,0,0
C229J,Fuerteventura,2021,7,PÁJARA,31,31,28,29,0.9032258064516129,25.17142857142857,21.603571428571428,28.728571428571428,0.6,26,0,0
C229J,Fuerteventura,2021,8,PÁJARA,31,31,30,30,0.967741935483871,25.62,22.246666666666666,29.006666666666668,0,30,2,0
C229J,Fuerteventura,2021,9,PÁJARA,30,30,30,30,1,25.273333333333333,22.4,28.143333333333334,0.2,30,0,0
C229J,Fuerteventura,2021,10,PÁJARA,31,31,30,31,0.967741935483871,23.776666666666667,20.82,26.74,0,28,0,0
C229J,Fuerteventura,2021,11,PÁJARA,30,30,29,30,0.9666666666666667,20.77241379310345,18.372413793103448,23.17241379310345,2.4000000000000004,4,0,0
C229J,Fuerteventura,2021,12,PÁJARA,31,31,31,31,1,19.825806451612902,17.37741935483871,22.261290322580646,0,1,0,0
C229J,Fuerteventura,2022,1,PÁJARA,31,31,31,31,1,19.34193548387097,16.612903225806452,22.074193548387097,26.3,2,0,0
C229J,Fuerteventura,2022,2,PÁJARA,28,27,25,26,0.8928571428571429,21.04,17.692,24.388,1.3,6,0,0
C229J,Fuerteventura,2022,3,PÁJARA,31,31,31,31,1,18.796774193548387,16.048387096774192,21.53548387096774,7.6,0,0,0
C229J,Fuerteventura,2022,4,PÁJARA,30,30,30,30,1,20.483333333333334,17.30666666666667,23.666666666666668,1.2,2,1,0
C229J,Fuerteventura,2022,5,PÁJARA,31,31,30,30,0.967741935483871,22.44,18.983333333333334,25.903333333333332,0.4,3,0,0
C229J,Fuerteventura,2022,6,PÁJARA,30,30,29,30,0.9666666666666667,23.603448275862068,20.513793103448275,26.682758620689654,0,25,0,0
C229J,Fuerteventura,2022,7,PÁJARA,31,31,31,30,1,26.174193548387098,22.248387096774195,30.087096774193547,0.5,29,1,0
C229J,Fuerteventura,2022,8,PÁJARA,31,30,30,30,0.967741935483871,26.23,22.726666666666667,29.723333333333333,0.1,30,1,0
C229J,Fuerteventura,2022,9,PÁJARA,30,30,30,30,1,25.14,22.4,27.903333333333332,58.599999999999994,28,0,0
C229J,Fuerteventura,2022,10,PÁJARA,31,31,27,29,0.8709677419354839,24.918518518518518,21.833333333333332,28.014814814814816,7.1,27,0,0
C229J,Fuerteventura,2022,11,PÁJARA,30,30,29,28,0.9666666666666667,23.23793103448276,20.52413793103448,25.948275862068964,0.6,19,0,0
C229J,Fuerteventura,2022,12,PÁJARA,31,31,30,31,0.967741935483871,21.39,19.336666666666666,23.446666666666665,6.5,9,0,0
C229J,Fuerteventura,2023,1,PÁJARA,31,31,30,30,0.967741935483871,19.51,17.276666666666667,21.71,13.1,0,0,0
C229J,Fuerteventura,2023,2,PÁJARA,28,28,25,28,0.8928571428571429,18.288,15.812,20.776,21.1,0,0,0
C229J,Fuerteventura,2023,3,PÁJARA,31,31,30,31,0.967741935483871,21.740000000000002,17.943333333333335,25.516666666666666,0,2,0,0
C229J,Fuerteventura,2023,4,PÁJARA,30,29,28,28,0.9333333333333333,21.917857142857144,18.521428571428572,25.310714285714287,0.6,5,0,0
C229J,Fuerteventura,2023,5,PÁJARA,31,25,24,24,0.7741935483870968,23.029166666666665,19.729166666666668,26.3125,0.8,9,0,0
C229J,Fuerteventura,2023,6,PÁJARA,30,30,30,30,1,25.05,21.97,28.126666666666665,0,29,0,0
C229J,Fuerteventura,2023,7,PÁJARA,31,29,13,29,0.41935483870967744,26.123076923076923,22.8,29.453846153846154,0,13,0,0
C229J,Fuerteventura,2023,8,PÁJARA,31,31,30,30,0.967741935483871,27.533333333333335,24.11,30.963333333333335,0.1,30,6,0
C229J,Fuerteventura,2023,9,PÁJARA,30,30,30,30,1,25.673333333333332,23.386666666666667,27.97,0,30,0,0
C229J,Fuerteventura,2023,10,PÁJARA,31,31,31,31,1,26.838709677419356,23.61935483870968,30.058064516129033,0.9,31,7,1
C229J,Fuerteventura,2023,11,PÁJARA,30,30,30,30,1,23.616666666666667,21.08,26.163333333333334,0.4,24,0,0
C229J,Fuerteventura,2023,12,PÁJARA,31,31,31,31,1,21.135483870967743,19.148387096774194,23.12258064516129,52.4,6,0,0
C229J,Fuerteventura,2024,1,PÁJARA,31,31,30,30,0.967741935483871,21.496666666666666,19.23,23.75,0,8,0,0
C229J,Fuerteventura,2024,2,PÁJARA,29,29,29,29,1,21.510344827586206,18.820689655172412,24.19655172413793,0.2,3,0,0
C229J,Fuerteventura,2024,3,PÁJARA,31,31,30,30,0.967741935483871,20.023333333333333,17.55666666666667,22.483333333333334,44.9,1,0,0
C229J,Fuerteventura,2024,4,PÁJARA,30,30,30,30,1,22.47,19.3,25.653333333333332,0.1,6,0,0
C229J,Fuerteventura,2024,5,PÁJARA,31,31,31,30,1,21.95483870967742,19.454838709677418,24.44516129032258,0,6,0,0
C229J,Fuerteventura,2024,6,PÁJARA,30,30,29,30,0.9666666666666667,22.948275862068964,20.482758620689655,25.44137931034483,0,28,0,0
C229J,Fuerteventura,2024,7,PÁJARA,31,31,31,31,1,25.241935483870968,22.203225806451613,28.274193548387096,0.2,31,0,0
C229J,Fuerteventura,2024,8,PÁJARA,31,31,31,31,1,26.287096774193547,23.37741935483871,29.203225806451613,0.8,31,0,0
C229J,Fuerteventura,2024,9,PÁJARA,30,30,22,30,0.7333333333333333,24.490909090909092,21.722727272727273,27.240909090909092,0,21,0,0
C229J,Fuerteventura,2024,10,PÁJARA,31,31,31,31,1,23.75483870967742,21.316129032258065,26.203225806451613,1,29,0,0
C229J,Fuerteventura,2024,11,PÁJARA,30,30,30,29,1,24.176666666666666,21.376666666666665,26.956666666666667,8.899999999999999,19,3,0
C229J,Fuerteventura,2024,12,PÁJARA,31,31,31,31,1,21.42258064516129,19.11935483870968,23.716129032258063,4.7,9,0,0
C229J,Fuerteventura,2025,1,PÁJARA,31,30,29,29,0.9354838709677419,20.17241379310345,17.644827586206898,22.682758620689654,1.2,0,0,0
C229J,Fuerteventura,2025,2,PÁJARA,28,21,15,19,0.5357142857142857,20.19333333333333,17.426666666666666,22.973333333333333,0.7,0,0,0
C229J,Fuerteventura,2025,3,PÁJARA,31,30,30,30,0.967741935483871,19.99,17.55666666666667,22.42,9.8,0,0,0
C229J,Fuerteventura,2025,4,PÁJARA,30,30,30,30,1,20.19333333333333,17.919999999999998,22.47,6.4,0,0,0
C229J,Fuerteventura,2025,5,PÁJARA,31,31,30,29,0.967741935483871,21.563333333333333,18.983333333333334,24.093333333333334,0.2,1,0,0
C229J,Fuerteventura,2025,6,PÁJARA,30,30,30,30,1,23.47,20.67,26.273333333333333,0,25,0,0
C229J,Fuerteventura,2025,7,PÁJARA,31,31,31,31,1,25.070967741935483,22.048387096774192,28.112903225806452,0,31,2,0
C229J,Fuerteventura,2025,8,PÁJARA,31,31,31,31,1,26.564516129032256,23.38064516129032,29.748387096774195,1.2,31,1,0
C229J,Fuerteventura,2025,9,PÁJARA,30,30,30,30,1,25.686666666666667,22.843333333333334,28.523333333333333,0.6,30,2,0
C229J,Fuerteventura,2025,10,PÁJARA,31,31,31,31,1,23.651612903225807,21.303225806451614,26.003225806451614,0,30,0,0
C229J,Fuerteventura,2025,11,PÁJARA,30,30,30,29,1,22.273333333333333,19.85,24.69333333333333,5.8,15,0,0
C229J,Fuerteventura,2025,12,PÁJARA,31,31,31,31,1,19.258064516129032,16.983870967741936,21.558064516129033,30,0,0,0
C239N,Fuerteventura,2015,1,"TUINEJE,PUERTO GRAN TARAJAL",31,16,16,16,0.5161290322580645,17.725,14.8375,20.6,0.2,0,0,0
C239N,Fuerteventura,2015,2,"TUINEJE,PUERTO GRAN TARAJAL",28,28,28,28,1,17.110714285714284,14.096428571428572,20.142857142857142,9.8,0,0,0
C239N,Fuerteventura,2015,3,"TUINEJE,PUERTO GRAN TARAJAL",31,30,27,26,0.8709677419354839,19.014814814814816,15.166666666666666,22.85925925925926,0.2,0,0,0
C239N,Fuerteventura,2015,4,"TUINEJE,PUERTO GRAN TARAJAL",30,30,29,29,0.9666666666666667,19.410344827586208,15.63448275862069,23.193103448275863,0,0,0,0
C239N,Fuerteventura,2015,5,"TUINEJE,PUERTO GRAN TARAJAL",31,31,30,30,0.967741935483871,22.81,18.416666666666668,27.213333333333335,0,4,0,0
C239N,Fuerteventura,2015,6,"TUINEJE,PUERTO GRAN TARAJAL",30,30,29,30,0.9666666666666667,23.106896551724137,19.055172413793102,27.151724137931033,0,6,0,0
C239N,Fuerteventura,2015,7,"TUINEJE,PUERTO GRAN TARAJAL",31,31,28,29,0.9032258064516129,26.935714285714287,22.396428571428572,31.475,0,26,1,0
C239N,Fuerteventura,2015,8,"TUINEJE,PUERTO GRAN TARAJAL",31,31,31,31,1,26.219354838709677,22.65483870967742,29.796774193548387,0,30,4,0
C239N,Fuerteventura,2015,9,"TUINEJE,PUERTO GRAN TARAJAL",30,30,30,30,1,24.986666666666668,21.656666666666666,28.316666666666666,2.2,27,1,0
C239N,Fuerteventura,2015,10,"TUINEJE,PUERTO GRAN TARAJAL",31,26,24,23,0.7741935483870968,24.2625,21.15416666666667,27.375,45.6,18,0,0
C239N,Fuerteventura,2015,11,"TUINEJE,PUERTO GRAN TARAJAL",30,28,21,22,0.7,22.795238095238094,19.495238095238097,26.090476190476192,0.2,8,0,0
C239N,Fuerteventura,2015,12,"TUINEJE,PUERTO GRAN TARAJAL",31,25,20,20,0.6451612903225806,20.155,17.115,23.21,0,2,0,0
C239N,Fuerteventura,2016,1,"TUINEJE,PUERTO GRAN TARAJAL",31,29,27,26,0.8709677419354839,19.196296296296296,15.707407407407407,22.666666666666668,0.8,0,0,0
C239N,Fuerteventura,2016,2,"TUINEJE,PUERTO GRAN TARAJAL",29,29,29,29,1,18.73103448275862,15.565517241379311,21.896551724137932,16.2,0,0,0
C239N,Fuerteventura,2016,3,"TUINEJE,PUERTO GRAN TARAJAL",31,31,31,31,1,18.454838709677418,15.264516129032257,21.635483870967743,0,0,0,0
C239N,Fuerteventura,2016,4,"TUINEJE,PUERTO GRAN TARAJAL",30,30,30,30,1,20.016666666666666,16.046666666666667,23.993333333333332,0,0,0,0
C239N,Fuerteventura,2016,5,"TUINEJE,PUERTO GRAN TARAJAL",31,31,30,31,0.967741935483871,21.606666666666666,17.85,25.37,0,0,0,0
C239N,Fuerteventura,2016,6,"TUINEJE,PUERTO GRAN TARAJAL",30,30,30,30,1,24.05,19.833333333333332,28.303333333333335,0,15,0,0
C239N,Fuerteventura,2016,7,"TUINEJE,PUERTO GRAN TARAJAL",31,31,31,31,1,26.006451612903227,21.748387096774195,30.24516129032258,0,30,0,0
C239N,Fuerteventura,2016,8,"TUINEJE,PUERTO GRAN TARAJAL",31,31,31,31,1,27.003225806451614,22.809677419354838,31.183870967741935,0,31,3,0
C239N,Fuerteventura,2016,9,"TUINEJE,PUERTO GRAN TARAJAL",30,30,30,30,1,24.643333333333334,21.216666666666665,28.06,1.2,27,0,0
C239N,Fuerteventura,2016,10,"TUINEJE,PUERTO GRAN TARAJAL",31,31,31,31,1,23.65806451612903,20.225806451612904,27.1,59.800000000000004,16,0,0
C239N,Fuerteventura,2016,11,"TUINEJE,PUERTO GRAN TARAJAL",30,30,30,30,1,20.866666666666667,17.786666666666665,23.946666666666665,7.8,4,0,0
C239N,Fuerteventura,2016,12,"TUINEJE,PUERTO GRAN TARAJAL",31,31,31,31,1,19.56774193548387,16.974193548387095,22.15806451612903,2.4,1,0,0
C239N,Fuerteventura,2017,1,"TUINEJE,PUERTO GRAN TARAJAL",31,31,31,31,1,17.6,14.335483870967742,20.851612903225806,0.6000000000000001,0,0,0
C239N,Fuerteventura,2017,2,"TUINEJE,PUERTO GRAN TARAJAL",28,28,28,28,1,18.132142857142856,14.407142857142857,21.853571428571428,10.4,0,0,0
C239N,Fuerteventura,2017,3,"TUINEJE,PUERTO GRAN TARAJAL",31,31,31,31,1,19.93225806451613,15.864516129032259,23.983870967741936,14.2,2,0,0
C239N,Fuerteventura,2017,4,"TUINEJE,PUERTO GRAN TARAJAL",30,30,30,30,1,21.923333333333332,18.19333333333333,25.66,0.6,4,0,0
C239N,Fuerteventura,2017,5,"TUINEJE,PUERTO GRAN TARAJAL",31,31,30,30,0.967741935483871,22.993333333333332,19.156666666666666,26.833333333333332,1.4,8,0,0
C239N,Fuerteventura,2017,6,"TUINEJE,PUERTO GRAN TARAJAL",30,30,30,30,1,24.94,20.986666666666668,28.89,0,19,1,0
C239N,Fuerteventura,2017,7,"TUINEJE,PUERTO GRAN TARAJAL",31,31,31,31,1,25.47741935483871,21.62258064516129,29.33225806451613,0,29,1,0
C239N,Fuerteventura,2017,8,"TUINEJE,PUERTO GRAN TARAJAL",31,31,31,31,1,26.74516129032258,22.89032258064516,30.6,0.4,31,2,0
C239N,Fuerteventura,2017,9,"TUINEJE,PUERTO GRAN TARAJAL",30,30,30,30,1,25.05,21.636666666666667,28.466666666666665,0.4,28,0,0
C239N,Fuerteventura,2017,10,"TUINEJE,PUERTO GRAN TARAJAL",31,31,31,31,1,24.638709677419353,20.90967741935484,28.374193548387098,0,20,1,0
C239N,Fuerteventura,2017,11,"TUINEJE,PUERTO GRAN TARAJAL",30,30,30,30,1,21.85,18.333333333333332,25.37,0,7,0,0
C239N,Fuerteventura,2017,12,"TUINEJE,PUERTO GRAN TARAJAL",31,31,31,31,1,18.7,16,21.40967741935484,8,0,0,0
C239N,Fuerteventura,2018,1,"TUINEJE,PUERTO GRAN TARAJAL",31,31,31,23,1,17.861290322580647,14.967741935483872,20.751612903225805,8,0,0,0
C239N,Fuerteventura,2018,2,"TUINEJE,PUERTO GRAN TARAJAL",28,28,27,21,0.9642857142857143,16.903703703703705,13.903703703703703,19.903703703703705,5.3999999999999995,0,0,0
C239N,Fuerteventura,2018,3,"TUINEJE,PUERTO GRAN TARAJAL",31,31,31,31,1,19.75483870967742,16.3,23.196774193548386,0.4,1,0,0
C239N,Fuerteventura,2018,4,"TUINEJE,PUERTO GRAN TARAJAL",30,30,30,30,1,19.85333333333333,16.096666666666668,23.60333333333333,0,0,0,0
C239N,Fuerteventura,2018,5,"TUINEJE,PUERTO GRAN TARAJAL",31,31,31,31,1,20.448387096774194,16.954838709677418,23.916129032258066,0,0,0,0
C239N,Fuerteventura,2018,6,"TUINEJE,PUERTO GRAN TARAJAL",30,30,30,30,1,22.580000000000002,18.976666666666667,26.176666666666666,0,6,0,0
C239N,Fuerteventura,2018,7,"TUINEJE,PUERTO GRAN TARAJAL",31,31,31,31,1,24.43548387096774,20.587096774193547,28.26451612903226,0,26,0,0
C239N,Fuerteventura,2018,8,"TUINEJE,PUERTO GRAN TARAJAL",31,31,31,31,1,25.596774193548388,21.9,29.283870967741937,0,31,0,0
C239N,Fuerteventura,2018,9,"TUINEJE,PUERTO GRAN TARAJAL",30,30,30,30,1,25.146666666666665,21.813333333333333,28.493333333333332,0,27,0,0
C239N,Fuerteventura,2018,10,"TUINEJE,PUERTO GRAN TARAJAL",31,30,30,28,0.967741935483871,23.513333333333332,20.1,26.933333333333334,1.4000000000000001,19,0,0
C239N,Fuerteventura,2018,11,"TUINEJE,PUERTO GRAN TARAJAL",30,30,30,30,1,19.76,16.173333333333332,23.333333333333332,7,0,0,0
C239N,Fuerteventura,2018,12,"TUINEJE,PUERTO GRAN TARAJAL",31,31,31,31,1,19.338709677419356,15.92258064516129,22.75483870967742,0,2,0,0
C239N,Fuerteventura,2019,1,"TUINEJE,PUERTO GRAN TARAJAL",31,31,31,31,1,17.09032258064516,14.096774193548386,20.093548387096774,1.2,0,0,0
C239N,Fuerteventura,2019,2,"TUINEJE,PUERTO GRAN TARAJAL",28,28,28,28,1,18.52857142857143,14.832142857142857,22.207142857142856,0.2,0,0,0
C239N,Fuerteventura,2019,3,"TUINEJE,PUERTO GRAN TARAJAL",31,31,31,31,1,18.62258064516129,15.093548387096774,22.129032258064516,10.4,0,0,0
C239N,Fuerteventura,2019,4,"TUINEJE,PUERTO GRAN TARAJAL",30,30,30,30,1,19.67,15.84,23.496666666666666,0.6,0,0,0
C239N,Fuerteventura,2019,5,"TUINEJE,PUERTO GRAN TARAJAL",31,31,31,31,1,21.448387096774194,17.93225806451613,24.990322580645163,0,0,0,0
C239N,Fuerteventura,2019,6,"TUINEJE,PUERTO GRAN TARAJAL",30,30,30,30,1,22.366666666666667,18.956666666666667,25.79,0,7,0,0
C239N,Fuerteventura,2019,7,"TUINEJE,PUERTO GRAN TARAJAL",31,31,31,31,1,24.306451612903224,20.683870967741935,27.929032258064517,0,28,0,0
C239N,Fuerteventura,2019,8,"TUINEJE,PUERTO GRAN TARAJAL",31,31,31,31,1,26.10322580645161,22.1,30.093548387096774,0,29,3,0
C239N,Fuerteventura,2019,9,"TUINEJE,PUERTO GRAN TARAJAL",30,30,30,30,1,24.453333333333333,21.143333333333334,27.77,0,25,0,0
C239N,Fuerteventura,2019,10,"TUINEJE,PUERTO GRAN TARAJAL",31,31,31,31,1,23.258064516129032,19.748387096774195,26.76451612903226,0,13,0,0
C239N,Fuerteventura,2019,11,"TUINEJE,PUERTO GRAN TARAJAL",30,29,29,29,0.9666666666666667,21.372413793103448,18.386206896551723,24.368965517241378,2.2,3,0,0
C239N,Fuerteventura,2019,12,"TUINEJE,PUERTO GRAN TARAJAL",31,31,30,30,0.967741935483871,18.846666666666668,15.396666666666667,22.29,7.2,1,0,0
C239N,Fuerteventura,2020,1,"TUINEJE,PUERTO GRAN TARAJAL",31,31,31,31,1,17.229032258064517,13.729032258064516,20.729032258064517,0.6000000000000001,0,0,0
C239N,Fuerteventura,2020,2,"TUINEJE,PUERTO GRAN TARAJAL",29,29,29,29,1,20.306896551724137,16.572413793103447,24.055172413793102,0,4,0,0
C239N,Fuerteventura,2020,3,"TUINEJE,PUERTO GRAN TARAJAL",31,31,31,31,1,19.416129032258066,15.748387096774193,23.096774193548388,1.6,0,0,0
C239N,Fuerteventura,2020,4,"TUINEJE,PUERTO GRAN TARAJAL",30,30,30,30,1,19.976666666666667,16.073333333333334,23.88,2.6,0,0,0
C239N,Fuerteventura,2020,5,"TUINEJE,PUERTO GRAN TARAJAL",31,31,31,31,1,21.835483870967742,18.112903225806452,25.548387096774192,0,3,0,0
C239N,Fuerteventura,2020,6,"TUINEJE,PUERTO GRAN TARAJAL",30,30,30,30,1,23.523333333333333,20.266666666666666,26.77,0,19,0,0
C239N,Fuerteventura,2020,7,"TUINEJE,PUERTO GRAN TARAJAL",31,31,31,31,1,25.76451612903226,21.7,29.816129032258065,0,31,1,0
C239N,Fuerteventura,2020,8,"TUINEJE,PUERTO GRAN TARAJAL",31,31,31,31,1,26.70967741935484,22.587096774193547,30.829032258064515,0,31,2,0
C239N,Fuerteventura,2020,9,"TUINEJE,PUERTO GRAN TARAJAL",30,30,30,30,1,25.713333333333335,22.176666666666666,29.256666666666668,0.2,26,2,0
C239N,Fuerteventura,2020,10,"TUINEJE,PUERTO GRAN TARAJAL",31,31,31,31,1,23.14516129032258,19.993548387096773,26.274193548387096,4.4,16,1,0
C239N,Fuerteventura,2020,11,"TUINEJE,PUERTO GRAN TARAJAL",30,30,30,30,1,21.57,18.286666666666665,24.856666666666666,14.6,8,0,0
C239N,Fuerteventura,2020,12,"TUINEJE,PUERTO GRAN TARAJAL",31,31,31,31,1,18.783870967741937,15.609677419354838,21.935483870967744,0.2,0,0,0
C239N,Fuerteventura,2021,1,"TUINEJE,PUERTO GRAN TARAJAL",31,31,31,31,1,17.88064516129032,14.706451612903226,21.074193548387097,2.8,0,0,0
C239N,Fuerteventura,2021,2,"TUINEJE,PUERTO GRAN TARAJAL",28,28,28,28,1,17.992857142857144,14.560714285714285,21.432142857142857,2.6,0,0,0
C239N,Fuerteventura,2021,3,"TUINEJE,PUERTO GRAN TARAJAL",31,31,31,31,1,19.116129032258065,15.564516129032258,22.641935483870967,0,1,0,0
C239N,Fuerteventura,2021,4,"TUINEJE,PUERTO GRAN TARAJAL",30,30,30,30,1,20.35333333333333,16.713333333333335,23.976666666666667,0,0,0,0
C239N,Fuerteventura,2021,5,"TUINEJE,PUERTO GRAN TARAJAL",31,31,31,31,1,21.532258064516128,18.05483870967742,24.996774193548386,0,2,0,0
C239N,Fuerteventura,2021,6,"TUINEJE,PUERTO GRAN TARAJAL",30,30,30,30,1,22.64,19.06,26.23,0,4,0,0
C239N,Fuerteventura,2021,7,"TUINEJE,PUERTO GRAN TARAJAL",31,31,31,31,1,25.587096774193547,21.148387096774194,30.025806451612905,0,28,1,0
C239N,Fuerteventura,2021,8,"TUINEJE,PUERTO GRAN TARAJAL",31,31,31,31,1,25.703225806451613,21.85483870967742,29.52258064516129,0,30,3,0
C239N,Fuerteventura,2021,9,"TUINEJE,PUERTO GRAN TARAJAL",30,30,29,29,0.9666666666666667,24.70689655172414,21.46551724137931,27.93793103448276,0,24,0,0
C239N,Fuerteventura,2021,10,"TUINEJE,PUERTO GRAN TARAJAL",31,31,31,31,1,23.10322580645161,19.425806451612903,26.774193548387096,4.2,14,0,0
C239N,Fuerteventura,2021,11,"TUINEJE,PUERTO GRAN TARAJAL",30,30,30,29,1,19.243333333333332,15.926666666666666,22.576666666666668,0.6000000000000001,0,0,0
C239N,Fuerteventura,2021,12,"TUINEJE,PUERTO GRAN TARAJAL",31,31,31,31,1,18.506451612903227,15.493548387096775,21.551612903225806,0,0,0,0
C239N,Fuerteventura,2022,1,"TUINEJE,PUERTO GRAN TARAJAL",31,31,31,31,1,17.87741935483871,14.661290322580646,21.096774193548388,16.2,0,0,0
C239N,Fuerteventura,2022,2,"TUINEJE,PUERTO GRAN TARAJAL",28,28,28,28,1,19.34642857142857,15.946428571428571,22.767857142857142,4.6,2,0,0
C239N,Fuerteventura,2022,3,"TUINEJE,PUERTO GRAN TARAJAL",31,31,31,31,1,17.954838709677418,14.606451612903227,21.293548387096774,8.8,0,0,0
C239N,Fuerteventura,2022,4,"TUINEJE,PUERTO GRAN TARAJAL",30,30,30,30,1,19.64,16.016666666666666,23.273333333333333,3.6,1,0,0
C239N,Fuerteventura,2022,5,"TUINEJE,PUERTO GRAN TARAJAL",31,31,31,31,1,21.677419354838708,18.148387096774194,25.193548387096776,0,1,0,0
C239N,Fuerteventura,2022,6,"TUINEJE,PUERTO GRAN TARAJAL",30,30,30,30,1,23.233333333333334,19.703333333333333,26.75,0,13,0,0
C239N,Fuerteventura,2022,7,"TUINEJE,PUERTO GRAN TARAJAL",31,31,31,30,1,26.183870967741935,22.051612903225806,30.322580645161292,0,27,2,0
C239N,Fuerteventura,2022,8,"TUINEJE,PUERTO GRAN TARAJAL",31,31,31,31,1,26.125806451612902,22.10322580645161,30.151612903225807,0,31,1,0
C239N,Fuerteventura,2022,9,"TUINEJE,PUERTO GRAN TARAJAL",30,30,30,30,1,24.776666666666667,21.813333333333333,27.73,65.60000000000001,29,0,0
C239N,Fuerteventura,2022,10,"TUINEJE,PUERTO GRAN TARAJAL",31,31,31,31,1,24.006451612903227,20.612903225806452,27.403225806451612,7,21,0,0
C239N,Fuerteventura,2022,11,"TUINEJE,PUERTO GRAN TARAJAL",30,30,30,30,1,22.32,19.03,25.616666666666667,0,7,0,0
C239N,Fuerteventura,2022,12,"TUINEJE,PUERTO GRAN TARAJAL",31,31,31,31,1,20.18709677419355,16.851612903225806,23.503225806451614,7.6,4,0,0
C239N,Fuerteventura,2023,1,"TUINEJE,PUERTO GRAN TARAJAL",31,31,31,31,1,18.42258064516129,15.858064516129032,20.98709677419355,0,0,0,0
C239N,Fuerteventura,2023,2,"TUINEJE,PUERTO GRAN TARAJAL",28,28,28,28,1,17.064285714285713,13.217857142857143,20.925,19.400000000000002,0,0,0
C239N,Fuerteventura,2023,3,"TUINEJE,PUERTO GRAN TARAJAL",31,31,31,31,1,21.258064516129032,17.4,25.125806451612902,0,4,0,0
C239N,Fuerteventura,2023,4,"TUINEJE,PUERTO GRAN TARAJAL",30,30,30,30,1,21.393333333333334,17.613333333333333,25.193333333333335,0.6000000000000001,4,0,0
C239N,Fuerteventura,2023,5,"TUINEJE,PUERTO GRAN TARAJAL",31,31,31,31,1,21.961290322580645,18.096774193548388,25.835483870967742,0,4,0,0
C239N,Fuerteventura,2023,6,"TUINEJE,PUERTO GRAN TARAJAL",30,30,30,30,1,24.09,20.73,27.476666666666667,0.2,19,0,0
C239N,Fuerteventura,2023,7,"TUINEJE,PUERTO GRAN TARAJAL",31,31,31,31,1,26.39032258064516,22.5,30.274193548387096,0,31,2,0
C239N,Fuerteventura,2023,8,"TUINEJE,PUERTO GRAN TARAJAL",31,31,31,31,1,27.374193548387098,23.548387096774192,31.196774193548386,0,31,5,0
C239N,Fuerteventura,2023,9,"TUINEJE,PUERTO GRAN TARAJAL",30,30,30,30,1,24.333333333333332,21.196666666666665,27.473333333333333,0.2,27,0,0
C239N,Fuerteventura,2023,10,"TUINEJE,PUERTO GRAN TARAJAL",31,31,31,31,1,26.39032258064516,22.519354838709678,30.25483870967742,3.4,22,7,0
C239N,Fuerteventura,2023,11,"TUINEJE,PUERTO GRAN TARAJAL",30,30,30,30,1,22.333333333333332,18.66,26.01,2.8000000000000003,10,0,0
C239N,Fuerteventura,2023,12,"TUINEJE,PUERTO GRAN TARAJAL",31,31,31,31,1,19.483870967741936,16.267741935483873,22.690322580645162,18.8,0,0,0
C239N,Fuerteventura,2024,1,"TUINEJE,PUERTO GRAN TARAJAL",31,31,31,31,1,19.364516129032257,15.619354838709677,23.1,0,1,0,0
C239N,Fuerteventura,2024,2,"TUINEJE,PUERTO GRAN TARAJAL",29,29,29,29,1,20.75862068965517,17.713793103448275,23.810344827586206,0.2,1,0,0
C239N,Fuerteventura,2024,3,"TUINEJE,PUERTO GRAN TARAJAL",31,31,31,31,1,19.412903225806453,15.59032258064516,23.229032258064517,9.4,1,0,0
C239N,Fuerteventura,2024,4,"TUINEJE,PUERTO GRAN TARAJAL",30,30,30,30,1,21.76,17.39,26.116666666666667,0,3,0,0
C239N,Fuerteventura,2024,5,"TUINEJE,PUERTO GRAN TARAJAL",31,31,31,31,1,21.7,18.23548387096774,25.164516129032258,0,1,0,0
C239N,Fuerteventura,2024,6,"TUINEJE,PUERTO GRAN TARAJAL",30,30,30,30,1,22.793333333333333,19.493333333333332,26.096666666666668,0,9,0,0
C239N,Fuerteventura,2024,7,"TUINEJE,PUERTO GRAN TARAJAL",31,31,31,31,1,25.454838709677418,21.28709677419355,29.60967741935484,0,26,0,0
C239N,Fuerteventura,2024,8,"TUINEJE,PUERTO GRAN TARAJAL",31,31,31,31,1,26.025806451612905,22.27741935483871,29.761290322580646,9,31,1,0
C239N,Fuerteventura,2024,9,"TUINEJE,PUERTO GRAN TARAJAL",30,30,30,30,1,23.706666666666667,20.616666666666667,26.793333333333333,0,23,0,0
C239N,Fuerteventura,2024,10,"TUINEJE,PUERTO GRAN TARAJAL",31,31,31,31,1,23.329032258064515,20.22258064516129,26.416129032258066,0,19,0,0
C239N,Fuerteventura,2024,11,"TUINEJE,PUERTO GRAN TARAJAL",30,30,30,30,1,22.61,18.85333333333333,26.393333333333334,0.6,12,0,0
C239N,Fuerteventura,2024,12,"TUINEJE,PUERTO GRAN TARAJAL",31,31,31,31,1,19.738709677419354,16.803225806451614,22.683870967741935,2.5999999999999996,3,0,0
C239N,Fuerteventura,2025,1,"TUINEJE,PUERTO GRAN TARAJAL",31,31,31,31,1,18.019354838709678,14.461290322580645,21.612903225806452,29,0,0,0
C239N,Fuerteventura,2025,2,"TUINEJE,PUERTO GRAN TARAJAL",28,28,28,28,1,18.303571428571427,14.857142857142858,21.735714285714284,0,0,0,0
C239N,Fuerteventura,2025,3,"TUINEJE,PUERTO GRAN TARAJAL",31,31,31,31,1,18.796774193548387,15.180645161290323,22.406451612903226,3.4,0,0,0
C239N,Fuerteventura,2025,4,"TUINEJE,PUERTO GRAN TARAJAL",30,30,29,29,0.9666666666666667,20.27241379310345,16.817241379310346,23.717241379310344,5,0,0,0
C239N,Fuerteventura,2025,5,"TUINEJE,PUERTO GRAN TARAJAL",31,31,31,30,1,21.02258064516129,17.690322580645162,24.374193548387098,14.6,2,0,0
C239N,Fuerteventura,2025,6,"TUINEJE,PUERTO GRAN TARAJAL",30,30,30,30,1,23.356666666666666,19.953333333333333,26.77,0,15,0,0
C239N,Fuerteventura,2025,7,"TUINEJE,PUERTO GRAN TARAJAL",31,31,31,31,1,25.387096774193548,21.719354838709677,29.058064516129033,0,30,1,0
C239N,Fuerteventura,2025,8,"TUINEJE,PUERTO GRAN TARAJAL",31,31,31,31,1,26.864516129032257,23.01290322580645,30.703225806451613,0,31,3,0
C239N,Fuerteventura,2025,9,"TUINEJE,PUERTO GRAN TARAJAL",30,30,30,30,1,25.726666666666667,22.01,29.456666666666667,0.8,27,3,0
C239N,Fuerteventura,2025,10,"TUINEJE,PUERTO GRAN TARAJAL",31,31,31,31,1,22.90967741935484,19.87741935483871,25.94516129032258,0,15,0,0
C239N,Fuerteventura,2025,11,"TUINEJE,PUERTO GRAN TARAJAL",30,30,30,30,1,21.1,17.503333333333334,24.706666666666667,11.4,4,0,0
C239N,Fuerteventura,2025,12,"TUINEJE,PUERTO GRAN TARAJAL",31,31,31,31,1,17.83225806451613,14.019354838709678,21.641935483870967,12.2,0,0,0
C248E,Fuerteventura,2015,1,ANTIGUA,31,31,31,31,1,14.670967741935485,11.73225806451613,17.606451612903225,9,0,0,0
C248E,Fuerteventura,2015,2,ANTIGUA,28,28,28,28,1,14.357142857142858,11.110714285714286,17.614285714285714,6.4,0,0,0
C248E,Fuerteventura,2015,3,ANTIGUA,31,30,28,27,0.9032258064516129,16.182142857142857,11.728571428571428,20.639285714285716,8.6,0,0,0
C248E,Fuerteventura,2015,4,ANTIGUA,30,30,30,30,1,16.933333333333334,12.523333333333333,21.34,0,0,0,0
C248E,Fuerteventura,2015,5,ANTIGUA,31,31,31,31,1,20.60322580645161,15.725806451612904,25.496774193548386,0,2,0,0
C248E,Fuerteventura,2015,6,ANTIGUA,30,30,29,29,0.9666666666666667,20.06896551724138,16.324137931034482,23.8,0.2,0,0,0
C248E,Fuerteventura,2015,7,ANTIGUA,31,29,29,29,0.9354838709677419,23.837931034482757,18.810344827586206,28.858620689655172,0,4,0,0
C248E,Fuerteventura,2015,8,ANTIGUA,31,31,28,29,0.9032258064516129,23.84642857142857,19.59642857142857,28.114285714285714,2.8,11,0,0
C248E,Fuerteventura,2015,9,ANTIGUA,30,24,23,19,0.7666666666666667,22.62608695652174,18.569565217391304,26.695652173913043,2.2,3,0,0
C248E,Fuerteventura,2015,10,ANTIGUA,31,1,0,0,0,,,,,0,0,0
C248E,Fuerteventura,2015,11,ANTIGUA,30,28,25,23,0.8333333333333334,19.3,15.612,22.972,2.4,0,0,0
C248E,Fuerteventura,2015,12,ANTIGUA,31,31,30,30,0.967741935483871,17.906666666666666,13.78,22.03333333333333,2.8,0,0,0
C248E,Fuerteventura,2016,1,ANTIGUA,31,31,30,30,0.967741935483871,17.09,12.63,21.543333333333333,2.6,0,0,0
C248E,Fuerteventura,2016,2,ANTIGUA,29,29,27,27,0.9310344827586207,15.822222222222223,12.181481481481482,19.48888888888889,21.400000000000002,0,0,0
C248E,Fuerteventura,2016,3,ANTIGUA,31,29,28,27,0.9032258064516129,15.710714285714285,11.642857142857142,19.785714285714285,5.2,0,0,0
C248E,Fuerteventura,2016,4,ANTIGUA,30,30,30,30,1,17.406666666666666,13.12,21.69,2,0,0,0
C248E,Fuerteventura,2016,5,ANTIGUA,31,31,31,31,1,18.816129032258065,14.896774193548387,22.72258064516129,1,0,0,0
C248E,Fuerteventura,2016,6,ANTIGUA,30,30,30,29,1,21.073333333333334,16.81,25.35,1,0,0,0
C248E,Fuerteventura,2016,7,ANTIGUA,31,31,30,31,0.967741935483871,22.97,18.446666666666665,27.496666666666666,0,3,0,0
C248E,Fuerteventura,2016,8,ANTIGUA,31,31,31,31,1,24.532258064516128,19.725806451612904,29.325806451612902,0,10,0,0
C248E,Fuerteventura,2016,9,ANTIGUA,30,30,30,30,1,22.166666666666668,17.8,26.54,0,0,0,0
C248E,Fuerteventura,2016,10,ANTIGUA,31,31,31,31,1,21.403225806451612,17.106451612903225,25.712903225806453,40.6,3,0,0
C248E,Fuerteventura,2016,11,ANTIGUA,30,30,28,28,0.9333333333333333,18.210714285714285,14.732142857142858,21.664285714285715,23,0,0,0
C248E,Fuerteventura,2016,12,ANTIGUA,31,31,31,31,1,17.080645161290324,13.783870967741935,20.370967741935484,7.8,0,0,0
C248E,Fuerteventura,2017,1,ANTIGUA,31,31,30,30,0.967741935483871,15.22,11.103333333333333,19.336666666666666,3.8,0,0,0
C248E,Fuerteventura,2017,2,ANTIGUA,28,27,26,26,0.9285714285714286,15.576923076923077,11.673076923076923,19.473076923076924,49.2,0,0,0
C248E,Fuerteventura,2017,3,ANTIGUA,31,31,26,26,0.8387096774193549,17.465384615384615,12.726923076923077,22.2,62.6,0,0,0
C248E,Fuerteventura,2017,4,ANTIGUA,30,30,27,27,0.9,19.555555555555557,14.825925925925926,24.27777777777778,0.4,0,0,0
C248E,Fuerteventura,2017,5,ANTIGUA,31,31,23,24,0.7419354838709677,20.156521739130437,15.752173913043478,24.56086956521739,3.6,0,0,0
C248E,Fuerteventura,2017,6,ANTIGUA,30,30,25,24,0.8333333333333334,22.072,17.951999999999998,26.192,0,3,0,0
C248E,Fuerteventura,2017,7,ANTIGUA,31,28,22,23,0.7096774193548387,22.37272727272727,18.46818181818182,26.28181818181818,0,0,0,0
C248E,Fuerteventura,2017,8,ANTIGUA,31,31,26,26,0.8387096774193549,24.934615384615384,19.81923076923077,30.046153846153846,0,8,0,0
C248E,Fuerteventura,2017,9,ANTIGUA,30,30,25,25,0.8333333333333334,22.604,18.376,26.84,0.8,2,0,0
C248E,Fuerteventura,2017,10,ANTIGUA,31,31,23,23,0.7419354838709677,22.795652173913044,17.930434782608696,27.652173913043477,0.4,4,1,0
C248E,Fuerteventura,2017,11,ANTIGUA,30,29,23,23,0.7666666666666667,20.130434782608695,15.656521739130435,24.617391304347827,0,0,0,0
C248E,Fuerteventura,2017,12,ANTIGUA,31,28,19,19,0.6129032258064516,15.810526315789474,12.026315789473683,19.6,1.6,0,0,0
C248E,Fuerteventura,2018,1,ANTIGUA,31,31,23,23,0.7419354838709677,15.378260869565217,11.904347826086957,18.860869565217392,29.8,0,0,0
C248E,Fuerteventura,2018,2,ANTIGUA,28,28,25,25,0.8928571428571429,14.6,11.024,18.18,24.4,0,0,0
C248E,Fuerteventura,2018,3,ANTIGUA,31,31,31,31,1,17.451612903225808,13.487096774193548,21.419354838709676,5.6,0,0,0
C248E,Fuerteventura,2018,4,ANTIGUA,30,30,30,30,1,17.063333333333333,13.426666666666666,20.696666666666665,7.6,0,0,0
C248E,Fuerteventura,2018,5,ANTIGUA,31,31,31,31,1,17.71290322580645,14.12258064516129,21.309677419354838,1.4,0,0,0
C248E,Fuerteventura,2018,6,ANTIGUA,30,30,28,30,0.9333333333333333,19.807142857142857,16.09642857142857,23.517857142857142,1.8,0,0,0
C248E,Fuerteventura,2018,7,ANTIGUA,31,31,28,31,0.9032258064516129,22.064285714285713,17.485714285714288,26.646428571428572,0,0,0,0
C248E,Fuerteventura,2018,8,ANTIGUA,31,31,31,31,1,23.16774193548387,18.97741935483871,27.39677419354839,0,2,0,0
C248E,Fuerteventura,2018,9,ANTIGUA,30,30,30,30,1,23.4,18.87,27.916666666666668,0.2,5,0,0
C248E,Fuerteventura,2018,10,ANTIGUA,31,31,30,30,0.967741935483871,21.03,16.883333333333333,25.193333333333335,52,1,0,0
C248E,Fuerteventura,2018,11,ANTIGUA,30,30,30,30,1,17.7,14.223333333333333,21.186666666666667,14.2,0,0,0
C248E,Fuerteventura,2018,12,ANTIGUA,31,31,31,31,1,17.454838709677418,13.23225806451613,21.664516129032258,0,0,0,0
C248E,Fuerteventura,2019,1,ANTIGUA,31,31,31,31,1,15.125806451612902,11.183870967741935,19.07741935483871,1.6,0,0,0
C248E,Fuerteventura,2019,2,ANTIGUA,28,28,27,27,0.9642857142857143,16.992592592592594,11.818518518518518,22.166666666666668,0.4,0,0,0
C248E,Fuerteventura,2019,3,ANTIGUA,31,31,31,31,1,16.93548387096774,12.548387096774194,21.293548387096774,54,0,0,0
C248E,Fuerteventura,2019,4,ANTIGUA,30,24,24,24,0.8,17.470833333333335,13.554166666666667,21.404166666666665,2.8,0,0,0
C248E,Fuerteventura,2019,5,ANTIGUA,31,31,31,31,1,19.412903225806453,15.261290322580646,23.561290322580646,0,0,0,0
C248E,Fuerteventura,2019,6,ANTIGUA,30,28,28,28,0.9333333333333333,20.589285714285715,16.242857142857144,24.939285714285713,1,0,0,0
C248E,Fuerteventura,2019,7,ANTIGUA,31,31,31,31,1,21.825806451612902,18.051612903225806,25.612903225806452,0,0,0,0
C248E,Fuerteventura,2019,8,ANTIGUA,31,31,31,31,1,23.948387096774194,19.374193548387098,28.529032258064515,0,4,2,0
C248E,Fuerteventura,2019,9,ANTIGUA,30,30,29,29,0.9666666666666667,22.627586206896552,18.117241379310343,27.131034482758622,0.6,2,0,0
C248E,Fuerteventura,2019,10,ANTIGUA,31,30,29,29,0.9354838709677419,21.675862068965518,17.26206896551724,26.093103448275862,1,4,0,0
C248E,Fuerteventura,2019,11,ANTIGUA,30,30,29,29,0.9666666666666667,18.955172413793104,15.444827586206896,22.46551724137931,6.6,0,0,0
C248E,Fuerteventura,2019,12,ANTIGUA,31,31,30,31,0.967741935483871,17.086666666666666,13.456666666666667,20.72,20.8,0,0,0
C248E,Fuerteventura,2020,1,ANTIGUA,31,31,30,30,0.967741935483871,15.433333333333334,11.6,19.266666666666666,4,0,0,0
C248E,Fuerteventura,2020,2,ANTIGUA,29,29,29,29,1,18.286206896551725,13.882758620689655,22.689655172413794,0,0,0,0
C248E,Fuerteventura,2020,3,ANTIGUA,31,31,31,31,1,17.141935483870967,12.912903225806451,21.37741935483871,20.2,0,0,0
C248E,Fuerteventura,2020,4,ANTIGUA,30,30,30,30,1,18.176666666666666,14.25,22.116666666666667,2.2,0,0,0
C248E,Fuerteventura,2020,5,ANTIGUA,31,31,30,30,0.967741935483871,20.18,15.796666666666667,24.573333333333334,2.4,0,0,0
C248E,Fuerteventura,2020,6,ANTIGUA,30,30,30,30,1,21.86,17.55,26.166666666666668,0,0,0,0
C248E,Fuerteventura,2020,7,ANTIGUA,31,31,31,31,1,23.270967741935483,18.738709677419354,27.81290322580645,0,2,0,0
C248E,Fuerteventura,2020,8,ANTIGUA,31,31,30,30,0.967741935483871,24.4,19.753333333333334,29.03333333333333,0,7,2,0
C248E,Fuerteventura,2020,9,ANTIGUA,30,30,30,30,1,23.9,19.386666666666667,28.416666666666668,1,9,0,0
C248E,Fuerteventura,2020,10,ANTIGUA,31,25,24,24,0.7741935483870968,21.395833333333332,17.308333333333334,25.508333333333333,3.2,0,0,0
C248E,Fuerteventura,2020,11,ANTIGUA,30,28,23,24,0.7666666666666667,19.63478260869565,15.604347826086956,23.68695652173913,11,0,0,0
C248E,Fuerteventura,2020,12,ANTIGUA,31,31,31,31,1,16.661290322580644,13.064516129032258,20.270967741935483,2.4000000000000004,0,0,0
C248E,Fuerteventura,2021,1,ANTIGUA,31,31,31,31,1,16.280645161290323,12.525806451612903,20.04193548387097,6.6,0,0,0
C248E,Fuerteventura,2021,2,ANTIGUA,28,28,28,28,1,16.089285714285715,12.228571428571428,19.946428571428573,9.200000000000001,0,0,0
C248E,Fuerteventura,2021,3,ANTIGUA,31,31,24,31,0.7741935483870968,16.829166666666666,12.929166666666667,20.745833333333334,1.2,0,0,0
C248E,Fuerteventura,2021,4,ANTIGUA,30,30,30,30,1,18.436666666666667,14.316666666666666,22.58,0.8,0,0,0
C248E,Fuerteventura,2021,5,ANTIGUA,31,31,31,31,1,19.216129032258063,15.374193548387098,23.05483870967742,0,0,0,0
C248E,Fuerteventura,2021,6,ANTIGUA,30,30,30,30,1,20.44,16.31,24.576666666666668,0.8,0,0,0
C248E,Fuerteventura,2021,7,ANTIGUA,31,31,31,31,1,22.60967741935484,18.129032258064516,27.093548387096774,0,1,0,0
C248E,Fuerteventura,2021,8,ANTIGUA,31,31,30,30,0.967741935483871,23.53,19.123333333333335,27.933333333333334,0,5,2,0
C248E,Fuerteventura,2021,9,ANTIGUA,30,30,30,30,1,23.196666666666665,18.783333333333335,27.61,0,6,0,0
C248E,Fuerteventura,2021,10,ANTIGUA,31,31,31,31,1,21.39032258064516,16.961290322580645,25.83225806451613,0.4,2,0,0
C248E,Fuerteventura,2021,11,ANTIGUA,30,30,30,30,1,17.56,13.643333333333333,21.48,2.6,0,0,0
C248E,Fuerteventura,2021,12,ANTIGUA,31,31,31,31,1,17.322580645161292,13.6,21.025806451612905,0,0,0,0
C248E,Fuerteventura,2022,1,ANTIGUA,31,31,31,31,1,16.24516129032258,12.3,20.18709677419355,16.2,0,0,0
C248E,Fuerteventura,2022,2,ANTIGUA,28,28,28,28,1,17.789285714285715,13.742857142857144,21.835714285714285,6.6000000000000005,0,0,0
C248E,Fuerteventura,2022,3,ANTIGUA,31,31,31,31,1,15.825806451612904,12.135483870967741,19.503225806451614,36.199999999999996,0,0,0
C248E,Fuerteventura,2022,4,ANTIGUA,30,30,30,30,1,17.473333333333333,13.196666666666667,21.736666666666668,6.6,0,0,0
C248E,Fuerteventura,2022,5,ANTIGUA,31,31,31,31,1,20.28709677419355,15.570967741935483,25,0,0,0,0
C248E,Fuerteventura,2022,6,ANTIGUA,30,30,30,30,1,20.953333333333333,17.123333333333335,24.773333333333333,0.2,0,0,0
C248E,Fuerteventura,2022,7,ANTIGUA,31,31,31,31,1,23.770967741935483,19.093548387096774,28.429032258064517,0,7,1,0
C248E,Fuerteventura,2022,8,ANTIGUA,31,30,29,29,0.9354838709677419,23.46896551724138,19.186206896551724,27.744827586206895,0.2,6,0,0
C248E,Fuerteventura,2022,9,ANTIGUA,30,30,30,30,1,22.736666666666668,19.16,26.30666666666667,61.4,8,0,0
C248E,Fuerteventura,2022,10,ANTIGUA,31,31,31,31,1,22.538709677419355,17.864516129032257,27.20967741935484,3,1,0,0
C248E,Fuerteventura,2022,11,ANTIGUA,30,30,30,30,1,20.633333333333333,16.293333333333333,24.963333333333335,0,0,0,0
C248E,Fuerteventura,2022,12,ANTIGUA,31,31,31,31,1,18.87741935483871,14.948387096774194,22.8,0,0,0,0
C248E,Fuerteventura,2023,1,ANTIGUA,31,31,31,31,1,16.37741935483871,13.05483870967742,19.696774193548386,1.4,0,0,0
C248E,Fuerteventura,2023,2,ANTIGUA,28,28,28,28,1,15.303571428571429,11.457142857142857,19.15,15.6,0,0,0
C248E,Fuerteventura,2023,3,ANTIGUA,31,31,31,31,1,19.738709677419354,14.519354838709678,24.941935483870967,0,2,0,0
C248E,Fuerteventura,2023,4,ANTIGUA,30,30,30,30,1,19.503333333333334,15.126666666666667,23.89,1.6,0,0,0
C248E,Fuerteventura,2023,5,ANTIGUA,31,31,30,31,0.967741935483871,20.073333333333334,15.49,24.656666666666666,0.4,0,0,0
C248E,Fuerteventura,2023,6,ANTIGUA,30,30,30,30,1,22.703333333333333,18.413333333333334,27.003333333333334,1.4,3,0,0
C248E,Fuerteventura,2023,7,ANTIGUA,31,31,31,31,1,23.929032258064517,19.56451612903226,28.293548387096774,0,4,0,0
C248E,Fuerteventura,2023,8,ANTIGUA,31,31,31,31,1,25.90967741935484,20.996774193548386,30.81290322580645,0.4,20,3,0
C248E,Fuerteventura,2023,9,ANTIGUA,30,30,30,30,1,22.98,18.6,27.35,2.2,3,0,0
C248E,Fuerteventura,2023,10,ANTIGUA,31,31,31,31,1,24.809677419354838,19.780645161290323,29.83225806451613,9.4,16,0,0
C248E,Fuerteventura,2023,11,ANTIGUA,30,30,30,30,1,20.706666666666667,16.32,25.09,5.2,1,0,0
C248E,Fuerteventura,2023,12,ANTIGUA,31,31,31,31,1,17.838709677419356,13.858064516129032,21.822580645161292,9.4,0,0,0
C248E,Fuerteventura,2024,1,ANTIGUA,31,31,31,31,1,18.90967741935484,14.332258064516129,23.467741935483872,0,0,0,0
C248E,Fuerteventura,2024,2,ANTIGUA,29,29,29,29,1,18.906896551724138,14.755172413793103,23.051724137931036,3.5999999999999996,0,0,0
C248E,Fuerteventura,2024,3,ANTIGUA,31,31,31,31,1,17.54193548387097,13.387096774193548,21.683870967741935,14.2,0,0,0
C248E,Fuerteventura,2024,4,ANTIGUA,30,30,30,30,1,20.416666666666668,15.053333333333333,25.766666666666666,0.2,2,0,0
C248E,Fuerteventura,2024,5,ANTIGUA,31,31,31,31,1,19.53548387096774,15.596774193548388,23.48709677419355,1.4,0,0,0
C248E,Fuerteventura,2024,6,ANTIGUA,30,30,30,30,1,20.34,16.863333333333333,23.81,0.2,0,0,0
C248E,Fuerteventura,2024,7,ANTIGUA,31,31,31,31,1,22.83225806451613,18.480645161290322,27.196774193548386,0,1,0,0
C248E,Fuerteventura,2024,8,ANTIGUA,31,31,31,31,1,23.81935483870968,19.474193548387095,28.170967741935485,4.2,7,0,0
C248E,Fuerteventura,2024,9,ANTIGUA,30,30,30,30,1,22.043333333333333,18.04,26.01,0,1,0,0
C248E,Fuerteventura,2024,10,ANTIGUA,31,31,31,31,1,21.38064516129032,17.483870967741936,25.267741935483873,7.6000000000000005,2,0,0
C248E,Fuerteventura,2024,11,ANTIGUA,30,30,30,30,1,21.82,17.22,26.413333333333334,4.2,4,0,0
C248E,Fuerteventura,2024,12,ANTIGUA,31,31,30,30,0.967741935483871,17.503333333333334,14.023333333333333,20.99,14.8,0,0,0
C248E,Fuerteventura,2025,1,ANTIGUA,31,31,31,31,1,16.303225806451614,12.19032258064516,20.393548387096775,16.8,0,0,0
C248E,Fuerteventura,2025,2,ANTIGUA,28,28,28,28,1,16.646428571428572,12.378571428571428,20.917857142857144,5.8,0,0,0
C248E,Fuerteventura,2025,3,ANTIGUA,31,31,31,31,1,16.92258064516129,13.196774193548388,20.65483870967742,15.8,0,0,0
C248E,Fuerteventura,2025,4,ANTIGUA,30,30,29,30,0.9666666666666667,18.362068965517242,14.706896551724139,22,19.2,0,0,0
C248E,Fuerteventura,2025,5,ANTIGUA,31,31,31,31,1,19.383870967741935,15.296774193548387,23.474193548387095,0,0,0,0
C248E,Fuerteventura,2025,6,ANTIGUA,30,30,30,30,1,21.169999999999998,17.386666666666667,24.94,0,0,0,0
C248E,Fuerteventura,2025,7,ANTIGUA,31,31,31,31,1,23.283870967741937,18.974193548387095,27.587096774193547,0.6,2,0,0
C248E,Fuerteventura,2025,8,ANTIGUA,31,31,31,31,1,24.64516129032258,20.177419354838708,29.106451612903225,0,14,0,0
C248E,Fuerteventura,2025,9,ANTIGUA,30,30,29,29,0.9666666666666667,23.689655172413794,19.458620689655174,27.927586206896553,0,11,1,0
C248E,Fuerteventura,2025,10,ANTIGUA,31,31,31,31,1,21.545161290322582,17.496774193548386,25.596774193548388,0,1,0,0
C248E,Fuerteventura,2025,11,ANTIGUA,30,30,28,28,0.9333333333333333,19.264285714285712,15.264285714285714,23.264285714285712,23.6,0,0,0
C248E,Fuerteventura,2025,12,ANTIGUA,31,31,31,31,1,15.94516129032258,12.312903225806451,19.574193548387097,55.4,0,0,0
C249I,Fuerteventura,2015,1,FUERTEVENTURA AEROPUERTO,31,31,31,31,1,18.09032258064516,15.932258064516128,20.238709677419354,1.5,0,0,0
C249I,Fuerteventura,2015,2,FUERTEVENTURA AEROPUERTO,28,28,28,28,1,17.257142857142856,14.667857142857143,19.84642857142857,7.2,0,0,0
C249I,Fuerteventura,2015,3,FUERTEVENTURA AEROPUERTO,31,31,29,31,0.9354838709677419,17.927586206896553,14.941379310344828,20.927586206896553,7.8999999999999995,0,0,0
C249I,Fuerteventura,2015,4,FUERTEVENTURA AEROPUERTO,30,30,30,30,1,19.06,16.073333333333334,22.03333333333333,0,0,0,0
C249I,Fuerteventura,2015,5,FUERTEVENTURA AEROPUERTO,31,31,31,31,1,22.238709677419354,18.44516129032258,26.025806451612905,0,3,0,0
C249I,Fuerteventura,2015,6,FUERTEVENTURA AEROPUERTO,30,30,29,30,0.9666666666666667,22.882758620689653,19.396551724137932,26.4,0,7,0,0
C249I,Fuerteventura,2015,7,FUERTEVENTURA AEROPUERTO,31,31,31,31,1,25.835483870967742,22.525806451612905,29.170967741935485,0,30,1,0
C249I,Fuerteventura,2015,8,FUERTEVENTURA AEROPUERTO,31,31,31,31,1,25.954838709677418,23.329032258064515,28.596774193548388,0.2,30,4,0
C249I,Fuerteventura,2015,9,FUERTEVENTURA AEROPUERTO,30,30,30,30,1,25.73,23.04,28.406666666666666,6.9,30,0,0
C249I,Fuerteventura,2015,10,FUERTEVENTURA AEROPUERTO,31,31,31,31,1,25.55483870967742,22.34193548387097,28.75483870967742,50,28,1,0
C249I,Fuerteventura,2015,11,FUERTEVENTURA AEROPUERTO,30,30,30,30,1,22.486666666666668,19.916666666666668,25.05,0.7,14,0,0
C249I,Fuerteventura,2015,12,FUERTEVENTURA AEROPUERTO,31,31,31,31,1,20.029032258064515,16.677419354838708,23.39032258064516,2.2,0,0,0
C249I,Fuerteventura,2016,1,FUERTEVENTURA AEROPUERTO,31,31,31,31,1,19.36774193548387,16.425806451612903,22.316129032258065,2.7,0,0,0
C249I,Fuerteventura,2016,2,FUERTEVENTURA AEROPUERTO,29,29,29,29,1,18.79655172413793,16.017241379310345,21.589655172413792,24.3,0,0,0
C249I,Fuerteventura,2016,3,FUERTEVENTURA AEROPUERTO,31,31,31,31,1,18.658064516129034,15.887096774193548,21.429032258064517,2.2,0,0,0
C249I,Fuerteventura,2016,4,FUERTEVENTURA AEROPUERTO,30,30,30,30,1,20,16.53,23.476666666666667,0,0,0,0
C249I,Fuerteventura,2016,5,FUERTEVENTURA AEROPUERTO,31,31,31,31,1,21.5,17.86774193548387,25.11935483870968,0.1,0,0,0
C249I,Fuerteventura,2016,6,FUERTEVENTURA AEROPUERTO,30,30,30,30,1,23.21,19.803333333333335,26.633333333333333,0,15,0,0
C249I,Fuerteventura,2016,7,FUERTEVENTURA AEROPUERTO,31,31,29,31,0.9354838709677419,25.13448275862069,21.675862068965518,28.603448275862068,0,28,0,0
C249I,Fuerteventura,2016,8,FUERTEVENTURA AEROPUERTO,31,31,31,31,1,25.506451612903227,22.24516129032258,28.761290322580646,0,31,0,0
C249I,Fuerteventura,2016,9,FUERTEVENTURA AEROPUERTO,30,30,30,30,1,24.366666666666667,21.566666666666666,27.193333333333335,0,30,0,0
C249I,Fuerteventura,2016,10,FUERTEVENTURA AEROPUERTO,31,31,31,31,1,23.62258064516129,20.51290322580645,26.738709677419354,46.2,18,0,0
C249I,Fuerteventura,2016,11,FUERTEVENTURA AEROPUERTO,30,30,30,30,1,21.05,18.17,23.923333333333332,32.9,6,0,0
C249I,Fuerteventura,2016,12,FUERTEVENTURA AEROPUERTO,31,31,31,31,1,20.04193548387097,17.45806451612903,22.616129032258065,3,1,0,0
C249I,Fuerteventura,2017,1,FUERTEVENTURA AEROPUERTO,31,31,29,31,0.9354838709677419,18.086206896551722,15.027586206896551,21.155172413793103,2.1,0,0,0
C249I,Fuerteventura,2017,2,FUERTEVENTURA AEROPUERTO,28,28,28,28,1,18.367857142857144,15.107142857142858,21.632142857142856,11.5,0,0,0
C249I,Fuerteventura,2017,3,FUERTEVENTURA AEROPUERTO,31,31,31,31,1,19.1,15.870967741935484,22.351612903225806,1,0,0,0
C249I,Fuerteventura,2017,4,FUERTEVENTURA AEROPUERTO,30,30,30,30,1,21.296666666666667,17.953333333333333,24.63,0,3,0,0
C249I,Fuerteventura,2017,5,FUERTEVENTURA AEROPUERTO,31,31,30,31,0.967741935483871,22.8,19.54,26.086666666666666,1.5,11,0,0
C249I,Fuerteventura,2017,6,FUERTEVENTURA AEROPUERTO,30,30,30,30,1,24.343333333333334,20.986666666666668,27.696666666666665,0.1,21,1,0
C249I,Fuerteventura,2017,7,FUERTEVENTURA AEROPUERTO,31,31,30,31,0.967741935483871,25.056666666666665,21.623333333333335,28.533333333333335,0,30,0,0
C249I,Fuerteventura,2017,8,FUERTEVENTURA AEROPUERTO,31,31,31,31,1,25.90967741935484,22.64516129032258,29.18064516129032,0,31,1,0
C249I,Fuerteventura,2017,9,FUERTEVENTURA AEROPUERTO,30,30,30,30,1,24.45,21.686666666666667,27.206666666666667,0.30000000000000004,26,0,0
C249I,Fuerteventura,2017,10,FUERTEVENTURA AEROPUERTO,31,31,31,31,1,24.454838709677418,21.303225806451614,27.616129032258065,0,26,0,0
C249I,Fuerteventura,2017,11,FUERTEVENTURA AEROPUERTO,30,30,30,30,1,21.95,18.88,25.016666666666666,0.7999999999999999,10,0,0
C249I,Fuerteventura,2017,12,FUERTEVENTURA AEROPUERTO,31,31,31,31,1,18.83225806451613,16.612903225806452,21.05483870967742,13.3,0,0,0
C249I,Fuerteventura,2018,1,FUERTEVENTURA AEROPUERTO,31,31,29,31,0.9354838709677419,17.86551724137931,15.353333333333333,20.25862068965517,13.1,0,0,0
C249I,Fuerteventura,2018,2,FUERTEVENTURA AEROPUERTO,28,28,26,28,0.9285714285714286,16.78076923076923,13.742307692307692,19.807692307692307,8.7,0,0,0
C249I,Fuerteventura,2018,3,FUERTEVENTURA AEROPUERTO,31,31,31,31,1,19.470967741935485,16.15806451612903,22.79032258064516,1.3,0,0,0
C249I,Fuerteventura,2018,4,FUERTEVENTURA AEROPUERTO,30,30,29,30,0.9666666666666667,19.413793103448278,15.879310344827587,22.96896551724138,0.7,0,0,0
C249I,Fuerteventura,2018,5,FUERTEVENTURA AEROPUERTO,31,31,31,31,1,20.106451612903225,16.83225806451613,23.4,0,0,0,0
C249I,Fuerteventura,2018,6,FUERTEVENTURA AEROPUERTO,30,30,30,30,1,21.8,18.81,24.793333333333333,0,3,0,0
C249I,Fuerteventura,2018,7,FUERTEVENTURA AEROPUERTO,31,31,31,31,1,22.980645161290322,20.351612903225806,25.616129032258065,0,21,0,0
C249I,Fuerteventura,2018,8,FUERTEVENTURA AEROPUERTO,31,31,31,31,1,24.532258064516128,21.616129032258065,27.448387096774194,0.1,31,0,0
C249I,Fuerteventura,2018,9,FUERTEVENTURA AEROPUERTO,30,30,30,30,1,24.213333333333335,21.663333333333334,26.756666666666668,0.2,27,0,0
C249I,Fuerteventura,2018,10,FUERTEVENTURA AEROPUERTO,31,31,31,31,1,23.087096774193547,20.07741935483871,26.070967741935483,47.699999999999996,20,0,0
C249I,Fuerteventura,2018,11,FUERTEVENTURA AEROPUERTO,30,30,30,30,1,20.126666666666665,17.023333333333333,23.236666666666668,10.4,2,0,0
C249I,Fuerteventura,2018,12,FUERTEVENTURA AEROPUERTO,31,31,31,31,1,19.09032258064516,16.283870967741937,21.883870967741935,0.1,0,0,0
C249I,Fuerteventura,2019,1,FUERTEVENTURA AEROPUERTO,31,31,31,31,1,17.74838709677419,15.129032258064516,20.364516129032257,2,0,0,0
C249I,Fuerteventura,2019,2,FUERTEVENTURA AEROPUERTO,28,28,28,28,1,18.178571428571427,14.8,21.557142857142857,0.9,0,0,0
C249I,Fuerteventura,2019,3,FUERTEVENTURA AEROPUERTO,31,31,31,31,1,18.483870967741936,15.458064516129033,21.506451612903227,6.3,0,0,0
C249I,Fuerteventura,2019,4,FUERTEVENTURA AEROPUERTO,30,30,30,30,1,19.79,16.17,23.413333333333334,1.9,0,0,0
C249I,Fuerteventura,2019,5,FUERTEVENTURA AEROPUERTO,31,31,30,31,0.967741935483871,21.633333333333333,18.283333333333335,24.996666666666666,0,1,0,0
C249I,Fuerteventura,2019,6,FUERTEVENTURA AEROPUERTO,30,30,30,30,1,22.5,19.366666666666667,25.643333333333334,0,7,0,0
C249I,Fuerteventura,2019,7,FUERTEVENTURA AEROPUERTO,31,31,30,31,0.967741935483871,23.653333333333332,20.81,26.483333333333334,0,27,0,0
C249I,Fuerteventura,2019,8,FUERTEVENTURA AEROPUERTO,31,31,31,31,1,24.451612903225808,21.664516129032258,27.25161290322581,0,31,0,0
C249I,Fuerteventura,2019,9,FUERTEVENTURA AEROPUERTO,30,30,29,30,0.9666666666666667,24.113793103448277,21.33103448275862,26.886666666666667,0.5,28,0,0
C249I,Fuerteventura,2019,10,FUERTEVENTURA AEROPUERTO,31,31,31,31,1,23.138709677419353,20.29032258064516,25.967741935483872,1.4,18,0,0
C249I,Fuerteventura,2019,11,FUERTEVENTURA AEROPUERTO,30,30,30,30,1,21.226666666666667,18.59,23.86,1.8,4,0,0
C249I,Fuerteventura,2019,12,FUERTEVENTURA AEROPUERTO,31,31,31,31,1,18.816129032258065,15.72258064516129,21.89032258064516,9.8,0,0,0
C249I,Fuerteventura,2020,1,FUERTEVENTURA AEROPUERTO,31,31,31,31,1,17.580645161290324,14.474193548387097,20.68709677419355,1.5999999999999999,0,0,0
C249I,Fuerteventura,2020,2,FUERTEVENTURA AEROPUERTO,29,29,29,29,1,19.317241379310346,16.26896551724138,22.368965517241378,0,1,0,0
C249I,Fuerteventura,2020,3,FUERTEVENTURA AEROPUERTO,31,31,31,31,1,18.929032258064517,15.764516129032257,22.106451612903225,12.7,0,0,0
C249I,Fuerteventura,2020,4,FUERTEVENTURA AEROPUERTO,30,30,30,30,1,20.276666666666667,16.873333333333335,23.716666666666665,5.6000000000000005,0,0,0
C249I,Fuerteventura,2020,5,FUERTEVENTURA AEROPUERTO,31,31,31,31,1,21.758064516129032,18.429032258064517,25.093548387096774,0,1,0,0
C249I,Fuerteventura,2020,6,FUERTEVENTURA AEROPUERTO,30,30,30,30,1,23.59,20.686666666666667,26.49,0,24,0,0
C249I,Fuerteventura,2020,7,FUERTEVENTURA AEROPUERTO,31,31,31,31,1,24.967741935483872,21.838709677419356,28.09032258064516,0.4,31,1,0
C249I,Fuerteventura,2020,8,FUERTEVENTURA AEROPUERTO,31,31,31,31,1,25.574193548387097,22.616129032258065,28.545161290322582,0,31,2,0
C249I,Fuerteventura,2020,9,FUERTEVENTURA AEROPUERTO,30,30,30,30,1,24.86,21.87,27.856666666666666,0.8,28,0,0
C249I,Fuerteventura,2020,10,FUERTEVENTURA AEROPUERTO,31,31,30,31,0.967741935483871,22.93,20.26,25.593333333333334,2.6,21,0,0
C249I,Fuerteventura,2020,11,FUERTEVENTURA AEROPUERTO,30,30,30,30,1,21.323333333333334,18.226666666666667,24.426666666666666,14.7,5,0,0
C249I,Fuerteventura,2020,12,FUERTEVENTURA AEROPUERTO,31,31,31,31,1,19.170967741935485,16.387096774193548,21.96451612903226,3.6,0,0,0
C249I,Fuerteventura,2021,1,FUERTEVENTURA AEROPUERTO,31,31,31,31,1,18.096774193548388,15.293548387096774,20.916129032258066,7.9,0,0,0
C249I,Fuerteventura,2021,2,FUERTEVENTURA AEROPUERTO,28,28,28,28,1,18.110714285714288,15,21.232142857142858,6.8,0,0,0
C249I,Fuerteventura,2021,3,FUERTEVENTURA AEROPUERTO,31,31,30,31,0.967741935483871,19.19,15.83,22.56,0.2,0,0,0
C249I,Fuerteventura,2021,4,FUERTEVENTURA AEROPUERTO,30,30,29,30,0.9666666666666667,20.63448275862069,17.189655172413794,24.072413793103447,0,0,0,0
C249I,Fuerteventura,2021,5,FUERTEVENTURA AEROPUERTO,31,31,31,31,1,21.45806451612903,18.31935483870968,24.583870967741937,0.1,2,0,0
C249I,Fuerteventura,2021,6,FUERTEVENTURA AEROPUERTO,30,30,30,30,1,22.346666666666668,19.32,25.366666666666667,0,6,0,0
C249I,Fuerteventura,2021,7,FUERTEVENTURA AEROPUERTO,31,31,31,31,1,24.248387096774195,20.990322580645163,27.5,0,29,0,0
C249I,Fuerteventura,2021,8,FUERTEVENTURA AEROPUERTO,31,31,31,31,1,24.38064516129032,21.60967741935484,27.138709677419357,0,31,1,0
C249I,Fuerteventura,2021,9,FUERTEVENTURA AEROPUERTO,30,30,30,30,1,24.666666666666668,22.10333333333333,27.226666666666667,0,30,0,0
C249I,Fuerteventura,2021,10,FUERTEVENTURA AEROPUERTO,31,31,29,31,0.9354838709677419,22.986206896551725,20.22758620689655,25.73448275862069,0.2,18,0,0
C249I,Fuerteventura,2021,11,FUERTEVENTURA AEROPUERTO,30,30,30,30,1,20.096666666666668,17.386666666666667,22.816666666666666,1.2999999999999998,2,0,0
C249I,Fuerteventura,2021,12,FUERTEVENTURA AEROPUERTO,31,31,30,31,0.967741935483871,18.82,16.093333333333334,21.526666666666667,0.3,0,0,0
C249I,Fuerteventura,2022,1,FUERTEVENTURA AEROPUERTO,31,31,31,31,1,17.851612903225806,14.85483870967742,20.84516129032258,12.399999999999999,0,0,0
C249I,Fuerteventura,2022,2,FUERTEVENTURA AEROPUERTO,28,28,28,28,1,19.02857142857143,15.910714285714286,22.135714285714286,5.2,0,0,0
C249I,Fuerteventura,2022,3,FUERTEVENTURA AEROPUERTO,31,31,31,31,1,18.570967741935483,15.119354838709677,22.025806451612905,10.700000000000001,0,0,0
C249I,Fuerteventura,2022,4,FUERTEVENTURA AEROPUERTO,30,30,30,30,1,19.53333333333333,16.296666666666667,22.766666666666666,5.4,0,0,0
C249I,Fuerteventura,2022,5,FUERTEVENTURA AEROPUERTO,31,31,31,31,1,21.496774193548386,18.25483870967742,24.74516129032258,0.2,1,0,0
C249I,Fuerteventura,2022,6,FUERTEVENTURA AEROPUERTO,30,30,30,30,1,23.036666666666665,19.893333333333334,26.176666666666666,0,15,0,0
C249I,Fuerteventura,2022,7,FUERTEVENTURA AEROPUERTO,31,31,31,31,1,25.335483870967742,21.94516129032258,28.725806451612904,0.2,29,2,0
C249I,Fuerteventura,2022,8,FUERTEVENTURA AEROPUERTO,31,31,31,31,1,24.761290322580646,21.951612903225808,27.558064516129033,0.8,31,0,0
C249I,Fuerteventura,2022,9,FUERTEVENTURA AEROPUERTO,30,30,30,30,1,24.746666666666666,21.976666666666667,27.506666666666668,65.9,30,0,0
C249I,Fuerteventura,2022,10,FUERTEVENTURA AEROPUERTO,31,31,31,31,1,23.44516129032258,20.748387096774195,26.129032258064516,14.7,24,0,0
C249I,Fuerteventura,2022,11,FUERTEVENTURA AEROPUERTO,30,30,30,30,1,22.406666666666666,19.88,24.933333333333334,0.4,17,0,0
C249I,Fuerteventura,2022,12,FUERTEVENTURA AEROPUERTO,31,31,31,31,1,20.229032258064517,16.961290322580645,23.5,5.6,3,0,0
C249I,Fuerteventura,2023,1,FUERTEVENTURA AEROPUERTO,31,31,31,31,1,18.970967741935485,16.62258064516129,21.309677419354838,2.6,0,0,0
C249I,Fuerteventura,2023,2,FUERTEVENTURA AEROPUERTO,28,28,28,28,1,17.25357142857143,13.960714285714285,20.55,48.800000000000004,0,0,0
C249I,Fuerteventura,2023,3,FUERTEVENTURA AEROPUERTO,31,31,31,31,1,19.81290322580645,16.993548387096773,22.641935483870967,0.1,2,0,0
C249I,Fuerteventura,2023,4,FUERTEVENTURA AEROPUERTO,30,30,30,30,1,20.866666666666667,17.47,24.266666666666666,2.3,1,0,0
C249I,Fuerteventura,2023,5,FUERTEVENTURA AEROPUERTO,31,31,30,31,0.967741935483871,21.71,18.153333333333332,25.266666666666666,2.2,2,0,0
C249I,Fuerteventura,2023,6,FUERTEVENTURA AEROPUERTO,30,30,30,30,1,24.626666666666665,20.99,28.256666666666668,0,24,0,0
C249I,Fuerteventura,2023,7,FUERTEVENTURA AEROPUERTO,31,31,30,31,0.967741935483871,25.330000000000002,22.273333333333333,28.403333333333332,0,30,1,0
C249I,Fuerteventura,2023,8,FUERTEVENTURA AEROPUERTO,31,31,30,31,0.967741935483871,26.483333333333334,23.063333333333333,29.906666666666666,0,30,3,0
C249I,Fuerteventura,2023,9,FUERTEVENTURA AEROPUERTO,30,30,30,30,1,24.643333333333334,21.726666666666667,27.573333333333334,0,30,0,0
C249I,Fuerteventura,2023,10,FUERTEVENTURA AEROPUERTO,31,31,31,31,1,25.148387096774194,21.725806451612904,28.551612903225806,1,24,0,0
C249I,Fuerteventura,2023,11,FUERTEVENTURA AEROPUERTO,30,30,29,30,0.9666666666666667,22.020689655172415,19.141379310344828,24.920689655172414,0,10,0,0
C249I,Fuerteventura,2023,12,FUERTEVENTURA AEROPUERTO,31,31,28,31,0.9032258064516129,19.375,16.521428571428572,22.214285714285715,21.3,0,0,0
C249I,Fuerteventura,2024,1,FUERTEVENTURA AEROPUERTO,31,31,31,31,1,19.283870967741937,15.770967741935484,22.806451612903224,0,1,0,0
C249I,Fuerteventura,2024,2,FUERTEVENTURA AEROPUERTO,29,29,29,29,1,20.06551724137931,17.25862068965517,22.893103448275863,0.2,0,0,0
C249I,Fuerteventura,2024,3,FUERTEVENTURA AEROPUERTO,31,31,29,31,0.9354838709677419,19.406896551724138,15.689655172413794,23.127586206896552,3.2,0,0,0
C249I,Fuerteventura,2024,4,FUERTEVENTURA AEROPUERTO,30,30,30,30,1,20.953333333333333,17.39666666666667,24.52,0,1,0,0
C249I,Fuerteventura,2024,5,FUERTEVENTURA AEROPUERTO,31,31,30,31,0.967741935483871,21.246666666666666,18.16,24.326666666666668,0,0,0,0
C249I,Fuerteventura,2024,6,FUERTEVENTURA AEROPUERTO,30,30,30,30,1,22.46,19.456666666666667,25.453333333333333,0,6,0,0
C249I,Fuerteventura,2024,7,FUERTEVENTURA AEROPUERTO,31,31,31,31,1,24.309677419354838,21.003225806451614,27.583870967741937,0.6,25,0,0
C249I,Fuerteventura,2024,8,FUERTEVENTURA AEROPUERTO,31,31,31,31,1,24.429032258064517,21.841935483870966,27.02258064516129,9.3,31,0,0
C249I,Fuerteventura,2024,9,FUERTEVENTURA AEROPUERTO,30,30,30,30,1,23.30666666666667,20.633333333333333,25.963333333333335,0,26,0,0
C249I,Fuerteventura,2024,10,FUERTEVENTURA AEROPUERTO,31,31,31,31,1,22.919354838709676,20.10322580645161,25.72258064516129,3.0999999999999996,18,0,0
C249I,Fuerteventura,2024,11,FUERTEVENTURA AEROPUERTO,30,30,30,30,1,21.963333333333335,18.446666666666665,25.48,0.8,7,0,0
C249I,Fuerteventura,2024,12,FUERTEVENTURA AEROPUERTO,31,31,31,31,1,19.454838709677418,16.83225806451613,22.06774193548387,5.1,1,0,0
C249I,Fuerteventura,2025,1,FUERTEVENTURA AEROPUERTO,31,31,31,31,1,18.129032258064516,14.929032258064517,21.338709677419356,0.3,0,0,0
C249I,Fuerteventura,2025,2,FUERTEVENTURA AEROPUERTO,28,28,28,28,1,18.232142857142858,15.357142857142858,21.117857142857144,0.1,0,0,0
C249I,Fuerteventura,2025,3,FUERTEVENTURA AEROPUERTO,31,31,31,31,1,18.72258064516129,15.032258064516128,22.429032258064517,19.3,0,0,0
C249I,Fuerteventura,2025,4,FUERTEVENTURA AEROPUERTO,30,30,30,30,1,20.07,16.653333333333332,23.466666666666665,10,0,0,0
C249I,Fuerteventura,2025,5,FUERTEVENTURA AEROPUERTO,31,31,31,31,1,21.329032258064515,18.06774193548387,24.596774193548388,0,0,0,0
C249I,Fuerteventura,2025,6,FUERTEVENTURA AEROPUERTO,30,30,30,30,1,23.173333333333332,19.98,26.35333333333333,0,16,0,0
C249I,Fuerteventura,2025,7,FUERTEVENTURA AEROPUERTO,31,31,31,31,1,24.616129032258065,21.65806451612903,27.580645161290324,0,30,1,0
C249I,Fuerteventura,2025,8,FUERTEVENTURA AEROPUERTO,31,31,31,31,1,25.97741935483871,22.7,29.25483870967742,0.2,31,2,0
C249I,Fuerteventura,2025,9,FUERTEVENTURA AEROPUERTO,30,30,30,30,1,24.65,21.786666666666665,27.51,0.2,29,1,0
C249I,Fuerteventura,2025,10,FUERTEVENTURA AEROPUERTO,31,31,31,31,1,22.76451612903226,20.196774193548386,25.338709677419356,2,19,0,0
C249I,Fuerteventura,2025,11,FUERTEVENTURA AEROPUERTO,30,30,30,30,1,21.223333333333333,18.363333333333333,24.07,9.9,4,0,0
C249I,Fuerteventura,2025,12,FUERTEVENTURA AEROPUERTO,31,31,31,31,1,18.05483870967742,14.738709677419354,21.393548387096775,36.8,0,0,0
C258K,Fuerteventura,2015,1,LA OLIVA,31,31,31,31,1,15.119354838709677,12.696774193548388,17.545161290322582,18.8,0,0,0
C258K,Fuerteventura,2015,2,LA OLIVA,28,28,28,28,1,14.535714285714286,11.785714285714286,17.314285714285713,1.8,0,0,0
C258K,Fuerteventura,2015,3,LA OLIVA,31,31,30,30,0.967741935483871,16.2,12.446666666666667,19.946666666666665,13.2,0,0,0
C258K,Fuerteventura,2015,4,LA OLIVA,30,30,28,28,0.9333333333333333,16.978571428571428,13.082142857142857,20.87857142857143,0,0,0,0
C258K,Fuerteventura,2015,5,LA OLIVA,31,31,31,31,1,20.24516129032258,15.996774193548386,24.532258064516128,0,2,0,0
C258K,Fuerteventura,2015,6,LA OLIVA,30,30,30,30,1,20.28,16.88,23.66,0,0,0,0
C258K,Fuerteventura,2015,7,LA OLIVA,31,31,31,31,1,23.387096774193548,19.193548387096776,27.580645161290324,0,10,0,0
C258K,Fuerteventura,2015,8,LA OLIVA,31,30,27,27,0.8709677419354839,23.562962962962963,20.037037037037038,27.085185185185185,0,11,0,0
C258K,Fuerteventura,2015,9,LA OLIVA,30,30,29,29,0.9666666666666667,22.927586206896553,19.224137931034484,26.637931034482758,0,8,0,0
C258K,Fuerteventura,2015,10,LA OLIVA,31,28,24,23,0.7741935483870968,22.033333333333335,18.316666666666666,25.754166666666666,0,4,0,0
C258K,Fuerteventura,2015,11,LA OLIVA,30,28,26,23,0.8666666666666667,19.465384615384615,16.415384615384614,22.52307692307692,0.8,1,0,0
C258K,Fuerteventura,2015,12,LA OLIVA,31,31,29,28,0.9354838709677419,18.341379310344827,14.893103448275863,21.789655172413795,25,0,0,0
C258K,Fuerteventura,2016,1,LA OLIVA,31,31,31,31,1,17.241935483870968,13.593548387096774,20.887096774193548,7.6,0,0,0
C258K,Fuerteventura,2016,2,LA OLIVA,29,29,29,29,1,16.017241379310345,12.931034482758621,19.09655172413793,50,0,0,0
C258K,Fuerteventura,2016,3,LA OLIVA,31,31,31,31,1,15.825806451612904,12.461290322580645,19.203225806451613,6.2,0,0,0
C258K,Fuerteventura,2016,4,LA OLIVA,30,30,30,30,1,17.393333333333334,13.53,21.26,4.8,0,0,0
C258K,Fuerteventura,2016,5,LA OLIVA,31,31,31,31,1,18.629032258064516,15.067741935483872,22.20967741935484,2,0,0,0
C258K,Fuerteventura,2016,6,LA OLIVA,30,30,30,30,1,21.043333333333333,17.413333333333334,24.686666666666667,2.4,0,0,0
C258K,Fuerteventura,2016,7,LA OLIVA,31,31,31,31,1,22.51290322580645,18.825806451612902,26.203225806451613,0.4,3,0,0
C258K,Fuerteventura,2016,8,LA OLIVA,31,31,31,31,1,24.096774193548388,20.07741935483871,28.12258064516129,0,14,0,0
C258K,Fuerteventura,2016,9,LA OLIVA,30,30,30,30,1,22.176666666666666,18.643333333333334,25.71,1,2,0,0
C258K,Fuerteventura,2016,10,LA OLIVA,31,31,31,31,1,21.616129032258065,17.60967741935484,25.625806451612902,47,4,0,0
C258K,Fuerteventura,2016,11,LA OLIVA,30,30,30,30,1,18.44,15.076666666666666,21.776666666666667,25.2,0,0,0
C258K,Fuerteventura,2016,12,LA OLIVA,31,31,31,31,1,17.45806451612903,14.612903225806452,20.27741935483871,12.4,0,0,0
C258K,Fuerteventura,2017,1,LA OLIVA,31,31,31,31,1,15.835483870967742,12.432258064516128,19.219354838709677,8.799999999999999,0,0,0
C258K,Fuerteventura,2017,2,LA OLIVA,28,28,28,28,1,15.732142857142858,12.185714285714285,19.285714285714285,38.4,0,0,0
C258K,Fuerteventura,2017,3,LA OLIVA,31,31,31,31,1,17.383870967741935,13.180645161290322,21.558064516129033,19.200000000000003,1,0,0
C258K,Fuerteventura,2017,4,LA OLIVA,30,30,29,30,0.9666666666666667,19.155172413793103,15.096551724137932,23.213793103448275,0,0,0,0
C258K,Fuerteventura,2017,5,LA OLIVA,31,31,31,31,1,20.34193548387097,16.529032258064515,24.148387096774194,0.8,0,0,0
C258K,Fuerteventura,2017,6,LA OLIVA,30,30,30,30,1,21.91,18.31,25.516666666666666,0,4,0,0
C258K,Fuerteventura,2017,7,LA OLIVA,31,31,31,31,1,22.5,19.04193548387097,25.948387096774194,6.6,2,0,0
C258K,Fuerteventura,2017,8,LA OLIVA,31,31,31,31,1,24.219354838709677,19.903225806451612,28.529032258064515,0,14,0,0
C258K,Fuerteventura,2017,9,LA OLIVA,30,30,30,30,1,22.696666666666665,19.053333333333335,26.343333333333334,1.2000000000000002,6,0,0
C258K,Fuerteventura,2017,10,LA OLIVA,31,31,31,31,1,23.335483870967742,18.935483870967744,27.758064516129032,0.4,7,1,0
C258K,Fuerteventura,2017,11,LA OLIVA,30,30,30,30,1,20.45,16.796666666666667,24.10333333333333,0.6,2,0,0
C258K,Fuerteventura,2017,12,LA OLIVA,31,31,31,31,1,16.267741935483873,13.219354838709677,19.309677419354838,18.6,0,0,0
C258K,Fuerteventura,2018,1,LA OLIVA,31,31,31,31,1,15.63225806451613,12.661290322580646,18.57741935483871,29.8,0,0,0
C258K,Fuerteventura,2018,2,LA OLIVA,28,28,28,28,1,14.821428571428571,11.685714285714285,17.95,29,0,0,0
C258K,Fuerteventura,2018,3,LA OLIVA,31,31,31,31,1,17.33225806451613,13.64516129032258,21.032258064516128,7,0,0,0
C258K,Fuerteventura,2018,4,LA OLIVA,30,30,30,30,1,17.043333333333333,13.69,20.386666666666667,5.6000000000000005,0,0,0
C258K,Fuerteventura,2018,5,LA OLIVA,31,31,31,31,1,17.75483870967742,14.541935483870967,20.974193548387095,0.2,0,0,0
C258K,Fuerteventura,2018,6,LA OLIVA,30,30,30,30,1,19.716666666666665,16.55,22.893333333333334,3,0,0,0
C258K,Fuerteventura,2018,7,LA OLIVA,31,31,31,31,1,21.516129032258064,17.97741935483871,25.04193548387097,0,0,0,0
C258K,Fuerteventura,2018,8,LA OLIVA,31,31,31,31,1,23.038709677419355,19.46451612903226,26.61935483870968,0.2,3,0,0
C258K,Fuerteventura,2018,9,LA OLIVA,30,30,29,30,0.9666666666666667,23.30344827586207,19.56206896551724,27.06206896551724,0.6,13,0,0
C258K,Fuerteventura,2018,10,LA OLIVA,31,31,31,31,1,21.29032258064516,17.61935483870968,24.95806451612903,66.4,4,0,0
C258K,Fuerteventura,2018,11,LA OLIVA,30,30,30,30,1,17.706666666666667,14.29,21.113333333333333,29.8,0,0,0
C258K,Fuerteventura,2018,12,LA OLIVA,31,31,31,31,1,17.583870967741934,14.258064516129032,20.912903225806453,0.2,0,0,0
C258K,Fuerteventura,2019,1,LA OLIVA,31,31,31,31,1,15.345161290322581,12.158064516129032,18.53548387096774,10.5,0,0,0
C258K,Fuerteventura,2019,2,LA OLIVA,28,28,28,28,1,17.135714285714286,12.885714285714286,21.389285714285712,4.9,0,0,0
C258K,Fuerteventura,2019,3,LA OLIVA,31,31,31,31,1,16.732258064516127,12.80967741935484,20.63225806451613,21.4,0,0,0
C258K,Fuerteventura,2019,4,LA OLIVA,30,30,30,30,1,17.526666666666667,13.876666666666667,21.19,2.8000000000000003,0,0,0
C258K,Fuerteventura,2019,5,LA OLIVA,31,31,30,31,0.967741935483871,19.463333333333335,16.086666666666666,22.85333333333333,0,0,0,0
C258K,Fuerteventura,2019,6,LA OLIVA,30,28,28,28,0.9333333333333333,20.70714285714286,16.810714285714287,24.617857142857144,0.6000000000000001,0,0,0
C258K,Fuerteventura,2019,7,LA OLIVA,31,31,31,31,1,21.62258064516129,18.42258064516129,24.84516129032258,0.4,0,0,0
C258K,Fuerteventura,2019,8,LA OLIVA,31,31,31,31,1,23.329032258064515,19.40967741935484,27.25483870967742,0,5,0,0
C258K,Fuerteventura,2019,9,LA OLIVA,30,30,30,30,1,22.27,18.523333333333333,25.996666666666666,1.2,3,0,0
C258K,Fuerteventura,2019,10,LA OLIVA,31,31,31,31,1,21.438709677419354,17.625806451612902,25.26451612903226,2,3,0,0
C258K,Fuerteventura,2019,11,LA OLIVA,30,30,30,30,1,18.866666666666667,15.793333333333333,21.92,6.8,0,0,0
C258K,Fuerteventura,2019,12,LA OLIVA,31,31,30,30,0.967741935483871,17.2,13.703333333333333,20.686666666666667,17.6,0,0,0
C258K,Fuerteventura,2020,1,LA OLIVA,31,31,31,31,1,15.780645161290323,12,19.574193548387097,9.200000000000001,0,0,0
C258K,Fuerteventura,2020,2,LA OLIVA,29,29,29,29,1,18.020689655172415,14.044827586206896,22,0,0,0,0
C258K,Fuerteventura,2020,3,LA OLIVA,31,31,31,31,1,17.31935483870968,13.370967741935484,21.267741935483873,16,0,0,0
C258K,Fuerteventura,2020,4,LA OLIVA,30,30,30,30,1,18.403333333333332,14.47,22.346666666666668,5,0,0,0
C258K,Fuerteventura,2020,5,LA OLIVA,31,31,31,31,1,20.33225806451613,16.038709677419355,24.616129032258065,0.2,0,0,0
C258K,Fuerteventura,2020,6,LA OLIVA,30,30,30,30,1,21.79,17.89666666666667,25.703333333333333,0,0,0,0
C258K,Fuerteventura,2020,7,LA OLIVA,31,31,31,31,1,22.948387096774194,19.125806451612902,26.79032258064516,0,2,0,0
C258K,Fuerteventura,2020,8,LA OLIVA,31,31,31,31,1,23.967741935483872,19.916129032258066,28.029032258064515,0.2,15,1,0
C258K,Fuerteventura,2020,9,LA OLIVA,30,30,30,30,1,23.72,19.586666666666666,27.846666666666668,0.2,14,0,0
C258K,Fuerteventura,2020,10,LA OLIVA,31,31,31,31,1,21.112903225806452,17.54193548387097,24.677419354838708,9.6,1,0,0
C258K,Fuerteventura,2020,11,LA OLIVA,30,30,30,30,1,20.086666666666666,16.123333333333335,24.046666666666667,4.6,2,0,0
C258K,Fuerteventura,2020,12,LA OLIVA,31,31,31,31,1,16.990322580645163,13.651612903225807,20.322580645161292,1.4000000000000001,0,0,0
C258K,Fuerteventura,2021,1,LA OLIVA,31,31,31,31,1,16.33225806451613,12.758064516129032,19.89032258064516,4.4,0,0,0
C258K,Fuerteventura,2021,2,LA OLIVA,28,28,28,28,1,16.164285714285715,12.35,19.992857142857144,14.6,0,0,0
C258K,Fuerteventura,2021,3,LA OLIVA,31,31,31,31,1,17.309677419354838,13.303225806451612,21.329032258064515,0.6000000000000001,0,0,0
C258K,Fuerteventura,2021,4,LA OLIVA,30,30,30,30,1,18.74,14.64,22.83,0,0,0,0
C258K,Fuerteventura,2021,5,LA OLIVA,31,31,31,31,1,19.177419354838708,15.793548387096774,22.570967741935483,0,0,0,0
C258K,Fuerteventura,2021,6,LA OLIVA,30,30,30,30,1,20.546666666666667,16.956666666666667,24.116666666666667,0.4,0,0,0
C258K,Fuerteventura,2021,7,LA OLIVA,31,31,31,31,1,22.25483870967742,18.39677419354839,26.096774193548388,0.4,1,0,0
C258K,Fuerteventura,2021,8,LA OLIVA,31,31,31,31,1,23.31290322580645,19.419354838709676,27.190322580645162,0.2,5,1,0
C258K,Fuerteventura,2021,9,LA OLIVA,30,30,30,30,1,23.133333333333333,19.36,26.886666666666667,1.2,12,0,0
C258K,Fuerteventura,2021,10,LA OLIVA,31,31,31,31,1,21.35483870967742,17.664516129032258,25.051612903225806,0.4,1,0,0
C258K,Fuerteventura,2021,11,LA OLIVA,30,30,29,29,0.9666666666666667,17.617241379310343,13.86551724137931,21.389655172413793,1.2,0,0,0
C258K,Fuerteventura,2021,12,LA OLIVA,31,31,30,31,0.967741935483871,17.683333333333334,14.403333333333332,20.953333333333333,0,0,0,0
C258K,Fuerteventura,2022,1,LA OLIVA,31,31,31,31,1,16.545161290322582,12.92258064516129,20.151612903225807,8.4,0,0,0
C258K,Fuerteventura,2022,2,LA OLIVA,28,28,28,28,1,17.6,13.85,21.353571428571428,12.4,0,0,0
C258K,Fuerteventura,2022,3,LA OLIVA,31,31,31,31,1,16.29032258064516,12.680645161290322,19.883870967741935,5.4,0,0,0
C258K,Fuerteventura,2022,4,LA OLIVA,30,30,30,30,1,17.64,13.576666666666666,21.726666666666667,1.6,0,0,0
C258K,Fuerteventura,2022,5,LA OLIVA,31,31,31,31,1,20.125806451612902,15.829032258064517,24.425806451612903,0,0,0,0
C258K,Fuerteventura,2022,6,LA OLIVA,30,30,30,30,1,21.066666666666666,17.563333333333333,24.57,0.2,0,0,0
C258K,Fuerteventura,2022,7,LA OLIVA,31,31,31,31,1,23.40967741935484,19.25483870967742,27.538709677419355,0,7,0,0
C258K,Fuerteventura,2022,8,LA OLIVA,31,31,31,31,1,23.270967741935483,19.548387096774192,27,0,8,0,0
C258K,Fuerteventura,2022,9,LA OLIVA,30,30,30,30,1,22.75,19.473333333333333,26.016666666666666,67,11,0,0
C258K,Fuerteventura,2022,10,LA OLIVA,31,31,31,31,1,22.490322580645163,18.419354838709676,26.561290322580646,4.2,1,0,0
C258K,Fuerteventura,2022,11,LA OLIVA,30,30,29,29,0.9666666666666667,20.896551724137932,17.375862068965517,24.413793103448278,1,0,0,0
C258K,Fuerteventura,2022,12,LA OLIVA,31,31,31,31,1,19.006451612903227,15.216129032258065,22.8,11.8,0,0,0
C258K,Fuerteventura,2023,1,LA OLIVA,31,31,31,31,1,16.62258064516129,13.706451612903226,19.532258064516128,2.2,0,0,0
C258K,Fuerteventura,2023,2,LA OLIVA,28,28,28,28,1,15.410714285714286,11.378571428571428,19.45357142857143,19.4,0,0,0
C258K,Fuerteventura,2023,3,LA OLIVA,31,31,31,31,1,19.36774193548387,14.635483870967741,24.112903225806452,0,1,0,0
C258K,Fuerteventura,2023,4,LA OLIVA,30,30,30,30,1,19.38,15.216666666666667,23.53,2.6,0,0,0
C258K,Fuerteventura,2023,5,LA OLIVA,31,31,30,30,0.967741935483871,20.03333333333333,15.603333333333333,24.45,1,0,0,0
C258K,Fuerteventura,2023,6,LA OLIVA,30,30,30,30,1,23.013333333333332,18.6,27.423333333333332,1.2,4,0,0
C258K,Fuerteventura,2023,7,LA OLIVA,31,31,31,31,1,23.81935483870968,19.996774193548386,27.62258064516129,0,12,0,0
C258K,Fuerteventura,2023,8,LA OLIVA,31,31,31,31,1,25.45806451612903,21.267741935483873,29.664516129032258,0,24,1,0
C258K,Fuerteventura,2023,9,LA OLIVA,30,30,30,30,1,23.31,19.116666666666667,27.526666666666667,3,3,0,0
C258K,Fuerteventura,2023,10,LA OLIVA,31,31,31,31,1,24.55483870967742,20,29.12258064516129,9.200000000000001,19,0,0
C258K,Fuerteventura,2023,11,LA OLIVA,30,30,30,30,1,20.873333333333335,17.05666666666667,24.71,5,3,0,0
C258K,Fuerteventura,2023,12,LA OLIVA,31,31,31,31,1,18.045161290322582,14.44516129032258,21.635483870967743,11.799999999999999,0,0,0
C258K,Fuerteventura,2024,1,LA OLIVA,31,31,31,31,1,19.606451612903225,15.580645161290322,23.625806451612902,0,4,0,0
C258K,Fuerteventura,2024,2,LA OLIVA,29,29,29,29,1,18.862068965517242,15.155172413793103,22.575862068965517,1.2000000000000002,0,0,0
C258K,Fuerteventura,2024,3,LA OLIVA,31,31,31,31,1,17.883870967741935,13.903225806451612,21.87741935483871,7.6,0,0,0
C258K,Fuerteventura,2024,4,LA OLIVA,30,30,30,30,1,20.243333333333332,15.21,25.253333333333334,0.2,1,0,0
C258K,Fuerteventura,2024,5,LA OLIVA,31,31,31,31,1,19.70967741935484,16.238709677419354,23.193548387096776,3.2,0,0,0
C258K,Fuerteventura,2024,6,LA OLIVA,30,30,30,30,1,20.673333333333332,17.486666666666668,23.856666666666666,0.2,0,0,0
C258K,Fuerteventura,2024,7,LA OLIVA,31,31,31,31,1,22.6,18.84516129032258,26.361290322580647,3.2,2,0,0
C258K,Fuerteventura,2024,8,LA OLIVA,31,31,31,31,1,23.60322580645161,19.89032258064516,27.322580645161292,1.8,13,0,0
C258K,Fuerteventura,2024,9,LA OLIVA,30,30,30,30,1,21.966666666666665,18.336666666666666,25.6,0,2,0,0
C258K,Fuerteventura,2024,10,LA OLIVA,31,31,31,31,1,21.5,17.664516129032258,25.34516129032258,4.4,3,0,0
C258K,Fuerteventura,2024,11,LA OLIVA,30,30,30,30,1,21.94333333333333,17.343333333333334,26.56,4.6000000000000005,5,0,0
C258K,Fuerteventura,2024,12,LA OLIVA,31,31,31,31,1,17.838709677419356,14.661290322580646,21.003225806451614,12,0,0,0
C258K,Fuerteventura,2025,1,LA OLIVA,31,31,31,31,1,16.780645161290323,12.838709677419354,20.732258064516127,6.2,0,0,0
C258K,Fuerteventura,2025,2,LA OLIVA,28,28,28,28,1,16.803571428571427,12.978571428571428,20.62142857142857,3,0,0,0
C258K,Fuerteventura,2025,3,LA OLIVA,31,31,31,31,1,17.048387096774192,13.022580645161291,21.080645161290324,21.8,0,0,0
C258K,Fuerteventura,2025,4,LA OLIVA,30,30,30,30,1,18.53,14.793333333333333,22.273333333333333,16.2,0,0,0
C258K,Fuerteventura,2025,5,LA OLIVA,31,31,31,30,1,19.68709677419355,15.841935483870968,23.525806451612905,0,0,0,0
C258K,Fuerteventura,2025,6,LA OLIVA,30,30,30,30,1,21.37,18,24.746666666666666,0.2,0,0,0
C258K,Fuerteventura,2025,7,LA OLIVA,31,31,31,31,1,23.193548387096776,19.387096774193548,26.996774193548386,2.8,4,0,0
C258K,Fuerteventura,2025,8,LA OLIVA,31,31,31,31,1,24.470967741935482,20.451612903225808,28.516129032258064,0,23,0,0
C258K,Fuerteventura,2025,9,LA OLIVA,30,30,30,30,1,23.81,19.933333333333334,27.69,0,14,0,0
C258K,Fuerteventura,2025,10,LA OLIVA,31,31,31,31,1,21.690322580645162,17.9,25.480645161290322,0.4,2,0,0
C258K,Fuerteventura,2025,11,LA OLIVA,30,30,30,29,1,19.79,16.023333333333333,23.543333333333333,23.599999999999998,0,0,0
C258K,Fuerteventura,2025,12,LA OLIVA,31,31,31,31,1,16.18709677419355,12.396774193548387,19.970967741935485,80.2,0,0,0
C314Z,La Gomera,2015,1,"VALLEHERMOSO, ALTO IGUALERO",31,29,28,28,0.9032258064516129,6.139285714285714,3.9642857142857144,8.32857142857143,31.8,0,0,0
C314Z,La Gomera,2015,2,"VALLEHERMOSO, ALTO IGUALERO",28,23,23,23,0.8214285714285714,5.934782608695652,3.730434782608696,8.143478260869566,58.6,0,0,0
C314Z,La Gomera,2015,3,"VALLEHERMOSO, ALTO IGUALERO",31,13,13,13,0.41935483870967744,12.53076923076923,8.569230769230769,16.49230769230769,0.4,0,0,0
C314Z,La Gomera,2015,5,"VALLEHERMOSO, ALTO IGUALERO",31,19,19,19,0.6129032258064516,14.021052631578947,11.005263157894737,17.03684210526316,7,4,0,0
C314Z,La Gomera,2015,6,"VALLEHERMOSO, ALTO IGUALERO",30,30,29,30,0.9666666666666667,15.379310344827585,11.186206896551724,19.56896551724138,10.4,0,0,0
C314Z,La Gomera,2015,7,"VALLEHERMOSO, ALTO IGUALERO",31,31,31,31,1,20.551612903225806,16.545161290322582,24.564516129032256,1.4,7,0,0
C314Z,La Gomera,2015,8,"VALLEHERMOSO, ALTO IGUALERO",31,31,31,31,1,18.116129032258065,13.638709677419355,22.574193548387097,52.4,1,0,0
C314Z,La Gomera,2015,9,"VALLEHERMOSO, ALTO IGUALERO",30,30,30,30,1,16.276666666666667,12.446666666666667,20.106666666666666,13.600000000000001,0,0,0
C314Z,La Gomera,2015,10,"VALLEHERMOSO, ALTO IGUALERO",31,31,31,31,1,14.53225806451613,11.53225806451613,17.51290322580645,145.2,0,0,0
C314Z,La Gomera,2015,11,"VALLEHERMOSO, ALTO IGUALERO",30,30,30,30,1,12.646666666666667,10.08,15.22,20.3,0,0,0
C314Z,La Gomera,2015,12,"VALLEHERMOSO, ALTO IGUALERO",31,31,31,31,1,11.248387096774193,8.532258064516128,13.95483870967742,37.4,0,0,0
C314Z,La Gomera,2016,1,"VALLEHERMOSO, ALTO IGUALERO",31,31,31,31,1,11.651612903225807,8.532258064516128,14.793548387096774,21.6,0,0,0
C314Z,La Gomera,2016,2,"VALLEHERMOSO, ALTO IGUALERO",29,29,28,29,0.9655172413793104,9.035714285714286,6.310714285714286,11.767857142857142,184.8,0,0,0
C314Z,La Gomera,2016,3,"VALLEHERMOSO, ALTO IGUALERO",31,31,31,31,1,8.674193548387096,5.7,11.641935483870968,80.4,0,0,0
C314Z,La Gomera,2016,4,"VALLEHERMOSO, ALTO IGUALERO",30,30,30,30,1,9.813333333333333,6.526666666666666,13.106666666666667,32.2,0,0,0
C314Z,La Gomera,2016,5,"VALLEHERMOSO, ALTO IGUALERO",31,31,31,31,1,9.806451612903226,6.374193548387097,13.22258064516129,17.2,0,0,0
C314Z,La Gomera,2016,6,"VALLEHERMOSO, ALTO IGUALERO",30,30,30,30,1,16.78333333333333,12.916666666666666,20.653333333333332,4.2,4,0,0
C314Z,La Gomera,2016,7,"VALLEHERMOSO, ALTO IGUALERO",31,31,31,31,1,20.816129032258065,16.34193548387097,25.28709677419355,1.2000000000000002,7,1,0
C314Z,La Gomera,2016,8,"VALLEHERMOSO, ALTO IGUALERO",31,31,31,31,1,23.038709677419355,17.651612903225807,28.396774193548385,1.2,9,1,0
C314Z,La Gomera,2016,9,"VALLEHERMOSO, ALTO IGUALERO",30,30,30,30,1,16.976666666666667,12.83,21.123333333333335,7.6,2,0,0
C314Z,La Gomera,2016,10,"VALLEHERMOSO, ALTO IGUALERO",31,31,31,31,1,14.593548387096774,11.209677419354838,17.983870967741936,68.2,0,0,0
C314Z,La Gomera,2016,11,"VALLEHERMOSO, ALTO IGUALERO",30,30,30,30,1,10.683333333333334,8.066666666666666,13.283333333333333,70.8,0,0,0
C314Z,La Gomera,2016,12,"VALLEHERMOSO, ALTO IGUALERO",31,31,31,31,1,9.193548387096774,6.935483870967742,11.480645161290322,75.8,0,0,0
C314Z,La Gomera,2017,1,"VALLEHERMOSO, ALTO IGUALERO",31,31,31,31,1,8.212903225806452,5.364516129032258,11.051612903225806,21.2,0,0,0
C314Z,La Gomera,2017,2,"VALLEHERMOSO, ALTO IGUALERO",28,28,28,28,1,8.04642857142857,5.410714285714286,10.692857142857143,63,0,0,0
C314Z,La Gomera,2017,3,"VALLEHERMOSO, ALTO IGUALERO",31,31,31,31,1,10.248387096774193,6.887096774193549,13.609677419354838,40.4,0,0,0
C314Z,La Gomera,2017,4,"VALLEHERMOSO, ALTO IGUALERO",30,30,30,30,1,13.59,9.846666666666666,17.333333333333332,49.8,0,0,0
C314Z,La Gomera,2017,5,"VALLEHERMOSO, ALTO IGUALERO",31,31,31,31,1,12.816129032258065,8.687096774193549,16.941935483870967,5.4,0,0,0
C314Z,La Gomera,2017,6,"VALLEHERMOSO, ALTO IGUALERO",30,30,30,30,1,17.943333333333335,13.876666666666667,22.023333333333333,4.8,5,0,0
C314Z,La Gomera,2017,7,"VALLEHERMOSO, ALTO IGUALERO",31,31,30,31,0.967741935483871,20.483333333333334,15.92,25.053333333333335,5,12,4,0
C314Z,La Gomera,2017,8,"VALLEHERMOSO, ALTO IGUALERO",31,31,31,31,1,23.258064516129032,18.412903225806453,28.087096774193547,6,15,3,0
C314Z,La Gomera,2017,9,"VALLEHERMOSO, ALTO IGUALERO",30,30,30,30,1,18.31,14.316666666666666,22.303333333333335,11.2,6,0,0
C314Z,La Gomera,2017,10,"VALLEHERMOSO, ALTO IGUALERO",31,31,31,31,1,17.22258064516129,13.790322580645162,20.651612903225807,13.4,2,0,0
C314Z,La Gomera,2017,11,"VALLEHERMOSO, ALTO IGUALERO",30,30,30,30,1,13.653333333333332,10.826666666666666,16.483333333333334,15.4,0,0,0
C314Z,La Gomera,2017,12,"VALLEHERMOSO, ALTO IGUALERO",31,18,18,17,0.5806451612903226,9.322222222222223,6.394444444444445,12.25,21.6,0,0,0
C314Z,La Gomera,2018,1,"VALLEHERMOSO, ALTO IGUALERO",31,31,31,31,1,8.361290322580645,5.877419354838709,10.838709677419354,26.4,0,0,0
C314Z,La Gomera,2018,2,"VALLEHERMOSO, ALTO IGUALERO",28,28,28,28,1,5.864285714285714,3.8464285714285715,7.896428571428571,209.79999999999998,0,0,0
C314Z,La Gomera,2018,3,"VALLEHERMOSO, ALTO IGUALERO",31,31,31,31,1,9.835483870967742,6.680645161290323,12.98709677419355,29.599999999999998,0,0,0
C314Z,La Gomera,2018,4,"VALLEHERMOSO, ALTO IGUALERO",30,30,30,30,1,9.173333333333334,6.323333333333333,12.036666666666667,32.2,0,0,0
C314Z,La Gomera,2018,5,"VALLEHERMOSO, ALTO IGUALERO",31,31,31,31,1,8.535483870967742,5.606451612903226,11.464516129032258,8.6,0,0,0
C314Z,La Gomera,2018,6,"VALLEHERMOSO, ALTO IGUALERO",30,30,30,30,1,13.703333333333333,10.203333333333333,17.2,2.8000000000000003,0,0,0
C314Z,La Gomera,2018,7,"VALLEHERMOSO, ALTO IGUALERO",31,11,11,10,0.3548387096774194,21.681818181818183,16.763636363636362,26.60909090909091,0,3,0,0
C314Z,La Gomera,2018,8,"VALLEHERMOSO, ALTO IGUALERO",31,30,30,30,0.967741935483871,19.93,15.31,24.563333333333333,2.6,7,0,0
C314Z,La Gomera,2018,9,"VALLEHERMOSO, ALTO IGUALERO",30,30,30,30,1,18.02,14.186666666666667,21.83,2.4,2,0,0
C314Z,La Gomera,2018,10,"VALLEHERMOSO, ALTO IGUALERO",31,31,31,31,1,14.041935483870969,10.8,17.270967741935483,98.2,0,0,0
C314Z,La Gomera,2018,11,"VALLEHERMOSO, ALTO IGUALERO",30,30,30,30,1,9.7,7.42,11.953333333333333,74.8,0,0,0
C314Z,La Gomera,2018,12,"VALLEHERMOSO, ALTO IGUALERO",31,31,31,31,1,11.983870967741936,8.958064516129033,14.987096774193548,0.8,0,0,0
C314Z,La Gomera,2019,1,"VALLEHERMOSO, ALTO IGUALERO",31,31,31,31,1,8.106451612903227,5.425806451612903,10.796774193548387,65.2,0,0,0
C314Z,La Gomera,2019,2,"VALLEHERMOSO, ALTO IGUALERO",28,28,28,28,1,10.217857142857143,7.292857142857143,13.125,76.2,0,0,0
C314Z,La Gomera,2019,3,"VALLEHERMOSO, ALTO IGUALERO",31,31,31,31,1,9.329032258064517,6.15483870967742,12.490322580645161,50.6,0,0,0
C314Z,La Gomera,2019,4,"VALLEHERMOSO, ALTO IGUALERO",30,30,30,30,1,9.45,5.92,12.96,38,0,0,0
C314Z,La Gomera,2019,5,"VALLEHERMOSO, ALTO IGUALERO",31,31,31,31,1,15.051612903225807,10.841935483870968,19.270967741935483,2,0,0,0
C314Z,La Gomera,2019,6,"VALLEHERMOSO, ALTO IGUALERO",30,30,30,30,1,13.483333333333333,9.6033333333333335,17.376666666666665,5.4,0,0,0
C314Z,La Gomera,2019,7,"VALLEHERMOSO, ALTO IGUALERO",31,31,31,31,1,15.96774193548387,11.783870967741935,20.174193548387098,4,0,0,0
C314Z,La Gomera,2019,8,"VALLEHERMOSO, ALTO IGUALERO",31,31,31,31,1,21.9,17.548387096774192,26.258064516129032,0.2,14,1,0
C314Z,La Gomera,2019,9,"VALLEHERMOSO, ALTO IGUALERO",30,30,29,30,0.9666666666666667,18.93103448275862,14.26551724137931,23.59655172413793,10,2,0,0
C314Z,La Gomera,2019,10,"VALLEHERMOSO, ALTO IGUALERO",31,31,31,31,1,16.480645161290322,12.77741935483871,20.174193548387098,29.400000000000002,2,0,0
C314Z,La Gomera,2019,11,"VALLEHERMOSO, ALTO IGUALERO",30,30,30,30,1,10.816666666666666,8.686666666666667,12.936666666666666,55.2,0,0,0
C314Z,La Gomera,2019,12,"VALLEHERMOSO, ALTO IGUALERO",31,31,31,31,1,10.667741935483871,8.087096774193549,13.238709677419354,54,0,0,0
C314Z,La Gomera,2020,1,"VALLEHERMOSO, ALTO IGUALERO",31,31,31,31,1,8.36774193548387,5.467741935483871,11.258064516129032,9,0,0,0
C314Z,La Gomera,2020,2,"VALLEHERMOSO, ALTO IGUALERO",29,29,29,29,1,12.817241379310344,9.668965517241379,15.96551724137931,2.2,0,0,0
C314Z,La Gomera,2020,3,"VALLEHERMOSO, ALTO IGUALERO",31,31,31,31,1,10.241935483870968,7.006451612903226,13.490322580645161,44,0,0,0
C314Z,La Gomera,2020,4,"VALLEHERMOSO, ALTO IGUALERO",30,30,30,30,1,10.89,7.11,14.673333333333334,34.800000000000004,0,0,0
C314Z,La Gomera,2020,5,"VALLEHERMOSO, ALTO IGUALERO",31,31,31,31,1,14.525806451612903,10.26774193548387,18.783870967741937,3.4,4,0,0
C314Z,La Gomera,2020,6,"VALLEHERMOSO, ALTO IGUALERO",30,30,30,30,1,14.693333333333333,10.52,18.86,26.2,0,0,0
C314Z,La Gomera,2020,7,"VALLEHERMOSO, ALTO IGUALERO",31,31,31,31,1,24.561290322580646,19.309677419354838,29.809677419354838,0,11,3,0
C314Z,La Gomera,2020,8,"VALLEHERMOSO, ALTO IGUALERO",31,31,31,31,1,21.45806451612903,16.719354838709677,26.174193548387095,2.8000000000000003,8,1,0
C314Z,La Gomera,2020,9,"VALLEHERMOSO, ALTO IGUALERO",30,30,30,30,1,21.403333333333332,16.853333333333335,25.943333333333335,4,9,0,0
C314Z,La Gomera,2020,10,"VALLEHERMOSO, ALTO IGUALERO",31,31,19,31,0.6129032258064516,16.794736842105262,12.842105263157894,20.75263157894737,32.8,1,0,0
C314Z,La Gomera,2020,11,"VALLEHERMOSO, ALTO IGUALERO",30,30,0,30,0,,,,81.6,0,0,0
C314Z,La Gomera,2020,12,"VALLEHERMOSO, ALTO IGUALERO",31,31,29,31,0.9354838709677419,9.320689655172414,6.486206896551724,12.151724137931035,170,0,0,0
C314Z,La Gomera,2021,1,"VALLEHERMOSO, ALTO IGUALERO",31,31,31,30,1,10.5,7.683870967741935,13.316129032258065,78.2,0,0,0
C314Z,La Gomera,2021,2,"VALLEHERMOSO, ALTO IGUALERO",28,28,28,28,1,9.567857142857143,6.228571428571429,12.928571428571429,44.199999999999996,0,0,0
C314Z,La Gomera,2021,3,"VALLEHERMOSO, ALTO IGUALERO",31,31,31,31,1,8.990322580645161,5.548387096774194,12.429032258064517,46.4,0,0,0
C314Z,La Gomera,2021,4,"VALLEHERMOSO, ALTO IGUALERO",30,30,30,30,1,11.81,7.61,16.023333333333333,8.4,0,0,0
C314Z,La Gomera,2021,5,"VALLEHERMOSO, ALTO IGUALERO",31,31,31,31,1,11.40967741935484,7.854838709677419,14.96774193548387,7,0,0,0
C314Z,La Gomera,2021,6,"VALLEHERMOSO, ALTO IGUALERO",30,30,30,30,1,15.19,11.213333333333333,19.17,6.8,2,0,0
C314Z,La Gomera,2021,7,"VALLEHERMOSO, ALTO IGUALERO",31,31,31,31,1,21.7,17.141935483870967,26.26451612903226,2,8,2,0
C314Z,La Gomera,2021,8,"VALLEHERMOSO, ALTO IGUALERO",31,31,31,31,1,20.435483870967744,15.661290322580646,25.219354838709677,2,10,2,0
C314Z,La Gomera,2021,9,"VALLEHERMOSO, ALTO IGUALERO",30,30,30,30,1,18.393333333333334,14.08,22.703333333333333,6.4,5,0,0
C314Z,La Gomera,2021,10,"VALLEHERMOSO, ALTO IGUALERO",31,31,31,31,1,16.835483870967742,12.838709677419354,20.8,15.4,2,0,0
C314Z,La Gomera,2021,11,"VALLEHERMOSO, ALTO IGUALERO",30,30,30,30,1,10.756666666666666,7.776666666666666,13.706666666666667,64,0,0,0
C314Z,La Gomera,2021,12,"VALLEHERMOSO, ALTO IGUALERO",31,31,31,31,1,10.558064516129033,7.5,13.609677419354838,48.4,0,0,0
C314Z,La Gomera,2022,1,"VALLEHERMOSO, ALTO IGUALERO",31,31,31,31,1,8.964516129032258,6.190322580645161,11.729032258064516,90.6,0,0,0
C314Z,La Gomera,2022,2,"VALLEHERMOSO, ALTO IGUALERO",28,28,28,28,1,10.039285714285715,6.771428571428571,13.292857142857143,98.6,0,0,0
C314Z,La Gomera,2022,3,"VALLEHERMOSO, ALTO IGUALERO",31,31,31,31,1,7.461290322580645,4.548387096774194,10.364516129032259,103,0,0,0
C314Z,La Gomera,2022,4,"VALLEHERMOSO, ALTO IGUALERO",30,30,30,30,1,10.526666666666667,6.803333333333334,14.23,52.8,0,0,0
C314Z,La Gomera,2022,5,"VALLEHERMOSO, ALTO IGUALERO",31,31,31,31,1,14.319354838709678,9.896774193548387,18.761290322580646,12.200000000000001,0,0,0
C314Z,La Gomera,2022,6,"VALLEHERMOSO, ALTO IGUALERO",30,30,30,30,1,14.703333333333333,10.59,18.816666666666666,6.2,0,0,0
C314Z,La Gomera,2022,7,"VALLEHERMOSO, ALTO IGUALERO",31,31,31,31,1,23.06451612903226,18.203225806451613,27.92258064516129,2.6,15,0,0
C314Z,La Gomera,2022,8,"VALLEHERMOSO, ALTO IGUALERO",31,31,31,31,1,22.141935483870967,17.770967741935483,26.509677419354837,15.799999999999999,13,0,0
C314Z,La Gomera,2022,9,"VALLEHERMOSO, ALTO IGUALERO",30,30,30,30,1,17.1,13.263333333333334,20.98,128,0,0,0
C314Z,La Gomera,2022,10,"VALLEHERMOSO, ALTO IGUALERO",31,31,31,31,1,16.341935483870966,12.990322580645161,19.696774193548386,12.4,0,0,0
C314Z,La Gomera,2022,11,"VALLEHERMOSO, ALTO IGUALERO",30,30,30,30,1,15.393333333333334,11.923333333333334,18.846666666666668,14.6,0,0,0
C314Z,La Gomera,2022,12,"VALLEHERMOSO, ALTO IGUALERO",31,31,31,31,1,11.57741935483871,8.703225806451613,14.45483870967742,129.4,0,0,0
C314Z,La Gomera,2023,1,"VALLEHERMOSO, ALTO IGUALERO",31,31,31,19,1,8.048387096774194,5.654838709677419,10.474193548387097,92.2,0,0,0
C314Z,La Gomera,2023,2,"VALLEHERMOSO, ALTO IGUALERO",28,28,28,12,1,7.178571428571429,4.321428571428571,10.025,18.6,0,0,0
C314Z,La Gomera,2023,3,"VALLEHERMOSO, ALTO IGUALERO",31,31,31,31,1,15.725806451612904,11.506451612903225,19.95806451612903,4.4,0,0,0
C314Z,La Gomera,2023,4,"VALLEHERMOSO, ALTO IGUALERO",30,30,30,30,1,14.626666666666667,10.17,19.076666666666668,8.4,0,0,0
C314Z,La Gomera,2023,5,"VALLEHERMOSO, ALTO IGUALERO",31,31,31,31,1,12.235483870967743,8.212903225806452,16.270967741935483,10.6,0,0,0
C314Z,La Gomera,2023,6,"VALLEHERMOSO, ALTO IGUALERO",30,30,30,30,1,17.513333333333332,13.053333333333333,21.96,50.8,3,1,0
C314Z,La Gomera,2023,7,"VALLEHERMOSO, ALTO IGUALERO",31,31,29,31,0.9354838709677419,20.53448275862069,15.951724137931034,25.490322580645163,3.4000000000000004,10,1,0
C314Z,La Gomera,2023,8,"VALLEHERMOSO, ALTO IGUALERO",31,31,31,31,1,24.061290322580646,18.941935483870967,29.15806451612903,3.6,14,2,0
C314Z,La Gomera,2023,9,"VALLEHERMOSO, ALTO IGUALERO",30,30,30,30,1,16.003333333333334,11.936666666666667,20.07,24.2,1,0,0
C314Z,La Gomera,2023,10,"VALLEHERMOSO, ALTO IGUALERO",31,31,31,31,1,19.248387096774195,15.558064516129033,22.951612903225808,20.6,9,0,0
C314Z,La Gomera,2023,11,"VALLEHERMOSO, ALTO IGUALERO",30,30,30,30,1,14.773333333333333,11.683333333333334,17.85,65,0,0,0
C314Z,La Gomera,2023,12,"VALLEHERMOSO, ALTO IGUALERO",31,31,31,31,1,11.596774193548388,8.570967741935483,14.62258064516129,35.4,0,0,0
C314Z,La Gomera,2024,1,"VALLEHERMOSO, ALTO IGUALERO",31,22,21,21,0.6774193548387096,12.133333333333333,9.00952380952381,15.27142857142857,8,0,0,0
C314Z,La Gomera,2024,2,"VALLEHERMOSO, ALTO IGUALERO",29,21,20,20,0.6896551724137931,12.21,8.975,15.45,17.8,0,0,0
C314Z,La Gomera,2024,3,"VALLEHERMOSO, ALTO IGUALERO",31,31,31,31,1,9.419354838709678,6.54516129032258,12.293548387096774,51.6,0,0,0
C314Z,La Gomera,2024,4,"VALLEHERMOSO, ALTO IGUALERO",30,30,30,30,1,14.226666666666667,10.246666666666666,18.22,17.6,2,0,0
C314Z,La Gomera,2024,5,"VALLEHERMOSO, ALTO IGUALERO",31,25,25,24,0.8064516129032258,13.528,9.328,17.736,10.8,0,0,0
C314Z,La Gomera,2024,6,"VALLEHERMOSO, ALTO IGUALERO",30,30,30,30,1,13.96,10.023333333333333,17.903333333333332,9.6,0,0,0
C314Z,La Gomera,2024,7,"VALLEHERMOSO, ALTO IGUALERO",31,31,31,31,1,22.870967741935484,17.7,28.025806451612905,0.8,8,1,0
C314Z,La Gomera,2024,8,"VALLEHERMOSO, ALTO IGUALERO",31,31,31,31,1,23.71290322580645,18.135483870967743,29.293548387096774,5.6,14,3,0
C314Z,La Gomera,2024,9,"VALLEHERMOSO, ALTO IGUALERO",30,30,30,30,1,16.25,11.833333333333334,20.669999999999998,12.200000000000001,0,0,0
C314Z,La Gomera,2024,10,"VALLEHERMOSO, ALTO IGUALERO",31,31,31,31,1,16,12.245161290322581,19.76451612903226,67.2,1,0,0
C314Z,La Gomera,2024,11,"VALLEHERMOSO, ALTO IGUALERO",30,30,30,29,1,14.696666666666667,11.316666666666666,18.08,43.8,0,0,0
C314Z,La Gomera,2024,12,"VALLEHERMOSO, ALTO IGUALERO",31,31,31,31,1,10.7,7.648387096774194,13.787096774193548,70.2,0,0,0
C314Z,La Gomera,2025,1,"VALLEHERMOSO, ALTO IGUALERO",31,31,31,31,1,10.13225806451613,6.7935483870967746,13.451612903225806,66.2,0,0,0
C314Z,La Gomera,2025,2,"VALLEHERMOSO, ALTO IGUALERO",28,28,28,28,1,10.210714285714285,6.553571428571429,13.875,41,0,0,0
C314Z,La Gomera,2025,3,"VALLEHERMOSO, ALTO IGUALERO",31,31,31,31,1,7.425806451612903,4.745161290322581,10.109677419354838,111.60000000000001,0,0,0
C314Z,La Gomera,2025,4,"VALLEHERMOSO, ALTO IGUALERO",30,30,30,30,1,9.533333333333333,6,13.05,104,0,0,0
C314Z,La Gomera,2025,5,"VALLEHERMOSO, ALTO IGUALERO",31,31,31,31,1,12.783870967741935,8.503225806451614,17.07741935483871,29.6,0,0,0
C314Z,La Gomera,2025,6,"VALLEHERMOSO, ALTO IGUALERO",30,30,30,30,1,17.28,12.796666666666667,21.746666666666666,4.8,3,0,0
C314Z,La Gomera,2025,7,"VALLEHERMOSO, ALTO IGUALERO",31,31,31,31,1,20.780645161290323,15.958064516129031,25.629032258064516,5,8,1,0
C314Z,La Gomera,2025,8,"VALLEHERMOSO, ALTO IGUALERO",31,31,31,31,1,23.761290322580646,18.967741935483872,28.548387096774192,18.599999999999998,13,4,0
C314Z,La Gomera,2025,9,"VALLEHERMOSO, ALTO IGUALERO",30,30,30,30,1,17.41,13.03,21.786666666666665,14.4,2,0,0
C314Z,La Gomera,2025,10,"VALLEHERMOSO, ALTO IGUALERO",31,31,31,31,1,16.080645161290324,12.096774193548386,20.07741935483871,17.8,0,0,0
C314Z,La Gomera,2025,11,"VALLEHERMOSO, ALTO IGUALERO",30,30,30,30,1,12.45,9.446666666666667,15.456666666666667,70.6,0,0,0
C314Z,La Gomera,2025,12,"VALLEHERMOSO, ALTO IGUALERO",31,31,31,31,1,9.05483870967742,5.754838709677419,12.351612903225806,134,0,0,0
C317B,La Gomera,2015,1,AGULO,31,31,31,31,1,11.758064516129032,9.529032258064516,13.97741935483871,31.4,0,0,0
C317B,La Gomera,2015,2,AGULO,28,28,28,28,1,10.489285714285714,8.942857142857143,12.042857142857143,52.2,0,0,0
C317B,La Gomera,2015,3,AGULO,31,31,31,31,1,12.458064516129033,9.32258064516129,15.587096774193549,11.200000000000001,0,0,0
C317B,La Gomera,2015,4,AGULO,30,30,30,30,1,13.736666666666666,10.053333333333333,17.413333333333334,2.4,0,0,0
C317B,La Gomera,2015,5,AGULO,31,31,31,31,1,17,12.674193548387096,21.303225806451614,1.4000000000000001,0,0,0
C317B,La Gomera,2015,6,AGULO,30,30,30,30,1,16.246666666666666,12.866666666666667,19.636666666666667,11.8,0,0,0
C317B,La Gomera,2015,7,AGULO,31,31,31,31,1,20.148387096774194,16.16774193548387,24.12258064516129,3.8,2,0,0
C317B,La Gomera,2015,8,AGULO,31,31,31,31,1,19.648387096774194,16.435483870967744,22.835483870967742,22.900000000000002,0,0,0
C317B,La Gomera,2015,9,AGULO,30,30,30,29,1,19.996666666666666,16.596666666666668,23.41,23.6,0,0,0
C317B,La Gomera,2015,10,AGULO,31,31,31,31,1,18.851612903225806,15.687096774193549,22.04193548387097,346,3,0,0
C317B,La Gomera,2015,11,AGULO,30,30,30,30,1,16.77,13.9,19.636666666666667,3.4,1,0,0
C317B,La Gomera,2015,12,AGULO,31,31,31,31,1,16.76451612903226,13.325806451612904,20.2,14.2,0,0,0
C317B,La Gomera,2016,1,AGULO,31,31,31,31,1,15.806451612903226,12.048387096774194,19.574193548387097,11,0,0,0
C317B,La Gomera,2016,2,AGULO,29,29,29,29,1,12.489655172413793,10.00344827586207,14.979310344827587,83.39999999999999,0,0,0
C317B,La Gomera,2016,3,AGULO,31,31,31,31,1,12.493548387096775,9.706451612903226,15.287096774193548,39.6,0,0,0
C317B,La Gomera,2016,4,AGULO,30,30,30,30,1,13.703333333333333,10.656666666666666,16.743333333333332,21.4,0,0,0
C317B,La Gomera,2016,5,AGULO,31,31,31,31,1,14.125806451612904,11.193548387096774,17.070967741935483,60,0,0,0
C317B,La Gomera,2016,6,AGULO,30,30,30,30,1,17.073333333333334,13.6,20.563333333333333,12.8,0,0,0
C317B,La Gomera,2016,7,AGULO,31,31,31,31,1,19.203225806451613,15.587096774193549,22.809677419354838,13.299999999999999,3,0,0
C317B,La Gomera,2016,8,AGULO,31,31,31,31,1,21.029032258064518,16.83225806451613,25.22258064516129,0.4,3,0,0
C317B,La Gomera,2016,9,AGULO,30,30,30,29,1,18.473333333333333,15.476666666666667,21.46666666666667,1.4,0,0,0
C317B,La Gomera,2016,10,AGULO,31,31,29,0,0.9354838709677419,18.23793103448276,14.789655172413793,21.7,,0,0,0
C317B,La Gomera,2016,11,AGULO,30,30,30,0,1,14.866666666666667,12.523333333333333,17.213333333333335,,0,0,0
C317B,La Gomera,2016,12,AGULO,31,31,31,31,1,14.425806451612903,11.925806451612903,16.93548387096774,18.2,0,0,0
C317B,La Gomera,2017,1,AGULO,31,31,31,31,1,13.36774193548387,10.77741935483871,15.958064516129031,17.2,0,0,0
C317B,La Gomera,2017,2,AGULO,28,28,28,28,1,12.65,9.95357142857143,15.360714285714286,67.6,0,0,0
C317B,La Gomera,2017,3,AGULO,31,31,30,31,0.967741935483871,14.123333333333333,10.97,17.273333333333333,25.400000000000002,2,0,0
C317B,La Gomera,2017,4,AGULO,30,30,30,30,1,16.843333333333334,12.74,20.97,18.599999999999998,1,0,0
C317B,La Gomera,2017,5,AGULO,31,31,31,31,1,16.416129032258066,12.845161290322581,19.974193548387095,17.2,0,0,0
C317B,La Gomera,2017,6,AGULO,30,30,30,30,1,18.273333333333333,14.846666666666668,21.713333333333335,5,3,0,0
C317B,La Gomera,2017,7,AGULO,31,31,30,31,0.967741935483871,19.376666666666665,15.856666666666667,22.89,15.200000000000001,4,0,0
C317B,La Gomera,2017,8,AGULO,31,31,31,31,1,21.648387096774194,17.325806451612902,25.980645161290322,7.800000000000001,4,0,0
C317B,La Gomera,2017,9,AGULO,30,30,30,30,1,18.946666666666665,16.11,21.79,18.2,0,0,0
C317B,La Gomera,2017,10,AGULO,31,31,30,31,0.967741935483871,20.756666666666668,17.016666666666666,24.503333333333334,4.4,6,2,0
C317B,La Gomera,2017,11,AGULO,30,30,30,30,1,18.24,15.01,21.46,0.2,0,0,0
C317B,La Gomera,2017,12,AGULO,31,31,31,31,1,13.916129032258064,11.106451612903227,16.719354838709677,37.4,0,0,0
C317B,La Gomera,2018,1,AGULO,31,31,31,31,1,12.758064516129032,10.167741935483871,15.35483870967742,52.2,0,0,0
C317B,La Gomera,2018,2,AGULO,28,28,28,28,1,11.621428571428572,9.132142857142858,14.121428571428572,124.8,0,0,0
C317B,La Gomera,2018,3,AGULO,31,31,31,31,1,13.880645161290323,10.696774193548388,17.061290322580646,40.4,0,0,0
C317B,La Gomera,2018,4,AGULO,30,30,30,30,1,13.01,10.34,15.673333333333334,26.4,0,0,0
C317B,La Gomera,2018,5,AGULO,31,31,31,31,1,13.37741935483871,10.903225806451612,15.861290322580645,16.599999999999998,0,0,0
C317B,La Gomera,2018,6,AGULO,30,30,30,30,1,15.766666666666667,12.786666666666667,18.76,27.2,0,0,0
C317B,La Gomera,2018,7,AGULO,31,31,31,31,1,17.719354838709677,14.648387096774194,20.806451612903224,0.6000000000000001,0,0,0
C317B,La Gomera,2018,8,AGULO,31,31,31,31,1,19.683870967741935,16.248387096774195,23.138709677419357,10.799999999999999,3,0,0
C317B,La Gomera,2018,9,AGULO,30,30,30,30,1,19.883333333333333,16.44,23.35,0,3,0,0
C317B,La Gomera,2018,10,AGULO,31,31,31,31,1,18.064516129032256,14.770967741935484,21.374193548387098,72.4,0,0,0
C317B,La Gomera,2018,11,AGULO,30,30,30,30,1,14.79,12.173333333333334,17.403333333333332,64.2,0,0,0
C317B,La Gomera,2018,12,AGULO,31,31,31,31,1,16.061290322580646,12.5,19.629032258064516,0,0,0,0
C317B,La Gomera,2019,1,AGULO,31,31,31,31,1,13.016129032258064,10.051612903225806,15.990322580645161,41,0,0,0
C317B,La Gomera,2019,2,AGULO,28,28,28,28,1,15.367857142857144,11.664285714285715,19.082142857142856,18.2,0,0,0
C317B,La Gomera,2019,3,AGULO,31,31,31,31,1,13.061290322580644,10.196774193548388,15.932258064516128,70.2,0,0,0
C317B,La Gomera,2019,4,AGULO,30,30,30,30,1,13.256666666666666,10.34,16.173333333333332,118.2,0,0,0
C317B,La Gomera,2019,5,AGULO,31,31,31,31,1,15.190322580645162,12.106451612903225,18.28709677419355,1.2,0,0,0
C317B,La Gomera,2019,6,AGULO,30,30,30,30,1,17.31,13.629999999999999,20.99,15.4,0,0,0
C317B,La Gomera,2019,7,AGULO,31,31,31,31,1,17.42258064516129,14.629032258064516,20.206451612903226,4.8,0,0,0
C317B,La Gomera,2019,8,AGULO,31,31,31,31,1,20.454838709677418,16.18064516129032,24.732258064516127,2.6,0,0,0
C317B,La Gomera,2019,9,AGULO,30,30,30,30,1,18.936666666666667,15.52,22.356666666666666,9,0,0,0
C317B,La Gomera,2019,10,AGULO,31,31,31,31,1,18.993548387096773,15.329032258064517,22.65806451612903,69.8,2,0,0
C317B,La Gomera,2019,11,AGULO,30,30,30,30,1,15.556666666666667,13.213333333333333,17.893333333333334,45.8,0,0,0
C317B,La Gomera,2019,12,AGULO,31,31,31,31,1,15.112903225806452,12.26774193548387,17.96451612903226,43.2,0,0,0
C317B,La Gomera,2020,1,AGULO,31,31,31,31,1,14.19032258064516,10.148387096774194,18.238709677419354,17.2,0,0,0
C317B,La Gomera,2020,2,AGULO,29,29,29,29,1,16.82758620689655,12.786206896551723,20.868965517241378,1.6,0,0,0
C317B,La Gomera,2020,3,AGULO,31,31,30,31,0.967741935483871,14.32,10.803333333333333,17.846666666666668,32.6,0,0,0
C317B,La Gomera,2020,4,AGULO,30,30,28,30,0.9333333333333333,15.67142857142857,11.646428571428572,19.689285714285713,49.400000000000006,0,0,0
C317B,La Gomera,2020,5,AGULO,31,31,28,31,0.9032258064516129,17.289285714285715,13.235714285714286,21.325,15.200000000000001,2,0,0
C317B,La Gomera,2020,6,AGULO,30,30,25,30,0.8333333333333334,18.408,14.708,22.112,14,0,0,0
C317B,La Gomera,2020,7,AGULO,31,31,31,31,1,20.10322580645161,16.358064516129033,23.861290322580647,5.2,4,0,0
C317B,La Gomera,2020,8,AGULO,31,31,31,31,1,20.629032258064516,16.825806451612902,24.448387096774194,4.800000000000001,2,1,0
C317B,La Gomera,2020,9,AGULO,30,30,30,30,1,21.39666666666667,16.816666666666666,25.983333333333334,4.800000000000001,1,0,0
C317B,La Gomera,2020,10,AGULO,31,31,31,31,1,18.545161290322582,15.364516129032259,21.712903225806453,84,0,0,0
C317B,La Gomera,2020,11,AGULO,30,30,28,30,0.9333333333333333,17.560714285714287,14.107142857142858,21.02857142857143,71.8,1,0,0
C317B,La Gomera,2020,12,AGULO,31,31,31,31,1,14.12258064516129,11.503225806451614,16.75483870967742,67.6,0,0,0
C317B,La Gomera,2021,1,AGULO,31,31,31,31,1,14.161290322580646,10.664516129032258,17.651612903225807,69.8,0,0,0
C317B,La Gomera,2021,2,AGULO,28,28,28,28,1,13.460714285714285,9.582142857142857,17.332142857142856,123.4,0,0,0
C317B,La Gomera,2021,3,AGULO,31,31,31,31,1,13.583870967741936,10.36774193548387,16.796774193548387,29.400000000000002,0,0,0
C317B,La Gomera,2021,4,AGULO,30,30,30,30,1,15.66,11.48,19.85,31.8,0,0,0
C317B,La Gomera,2021,5,AGULO,31,31,31,31,1,15.206451612903226,12.003225806451614,18.412903225806453,1,0,0,0
C317B,La Gomera,2021,6,AGULO,30,30,30,30,1,17.19,13.42,20.966666666666665,8.2,1,0,0
C317B,La Gomera,2021,7,AGULO,31,31,31,31,1,19.593548387096774,15.364516129032259,23.83225806451613,14.8,3,0,0
C317B,La Gomera,2021,8,AGULO,31,31,31,31,1,21.39032258064516,16.829032258064515,25.951612903225808,36,6,0,0
C317B,La Gomera,2021,9,AGULO,30,30,30,30,1,20.669999999999998,16.253333333333334,25.086666666666666,0.8,0,0,0
C317B,La Gomera,2021,10,AGULO,31,31,31,31,1,19.31935483870968,15.274193548387096,23.358064516129033,0,3,0,0
C317B,La Gomera,2021,11,AGULO,30,30,30,21,1,16.036666666666665,12.373333333333333,19.676666666666666,58,0,0,0
C317B,La Gomera,2021,12,AGULO,31,31,31,31,1,15.112903225806452,11.683870967741935,18.545161290322582,35.199999999999996,0,0,0
C317B,La Gomera,2022,1,AGULO,31,31,31,31,1,14.19032258064516,10.890322580645162,17.46451612903226,108.60000000000001,0,0,0
C317B,La Gomera,2022,2,AGULO,28,28,28,28,1,14.239285714285714,10.842857142857143,17.642857142857142,49.199999999999996,0,0,0
C317B,La Gomera,2022,3,AGULO,31,31,31,31,1,12.693548387096774,9.593548387096774,15.780645161290323,56.4,0,0,0
C317B,La Gomera,2022,4,AGULO,30,25,25,25,0.8333333333333334,14.364,10.856,17.864,38,0,0,0
C317B,La Gomera,2022,5,AGULO,31,31,31,31,1,16.43225806451613,12.225806451612904,20.635483870967743,3.8,0,0,0
C317B,La Gomera,2022,6,AGULO,30,30,30,30,1,16.92,13.333333333333334,20.49,17.599999999999998,0,0,0
C317B,La Gomera,2022,7,AGULO,31,31,31,31,1,20.07741935483871,15.783870967741935,24.370967741935484,10.799999999999999,4,0,0
C317B,La Gomera,2022,8,AGULO,31,31,31,31,1,20.370967741935484,15.725806451612904,25.032258064516128,9.4,1,0,0
C317B,La Gomera,2022,9,AGULO,30,30,30,30,1,19.84,16.27,23.42,101.2,0,0,0
C317B,La Gomera,2022,10,AGULO,31,31,31,31,1,18.97741935483871,15.170967741935485,22.787096774193547,10.4,1,0,0
C317B,La Gomera,2022,11,AGULO,30,30,30,30,1,17.843333333333334,14,21.666666666666668,28,0,0,0
C317B,La Gomera,2022,12,AGULO,31,31,31,31,1,16.912903225806453,13.258064516129032,20.583870967741937,126.2,1,0,0
C317B,La Gomera,2023,1,AGULO,31,31,31,31,1,13.658064516129032,10.706451612903226,16.616129032258065,34.4,0,0,0
C317B,La Gomera,2023,2,AGULO,28,28,28,28,1,12.739285714285714,9.246428571428572,16.225,38.2,0,0,0
C317B,La Gomera,2023,3,AGULO,31,31,31,31,1,18.2,13.212903225806452,23.193548387096776,21.4,1,0,0
C317B,La Gomera,2023,4,AGULO,30,30,30,30,1,16.35,11.916666666666666,20.78333333333333,7,0,0,0
C317B,La Gomera,2023,5,AGULO,31,31,31,31,1,16.65806451612903,12.803225806451612,20.503225806451614,4.4,0,0,0
C317B,La Gomera,2023,6,AGULO,30,30,30,30,1,19.81,15.14,24.473333333333333,22.8,1,0,0
C317B,La Gomera,2023,7,AGULO,31,31,31,31,1,20.174193548387098,16.238709677419354,24.09032258064516,0.6000000000000001,2,0,0
C317B,La Gomera,2023,8,AGULO,31,31,31,31,1,22.793548387096774,18.080645161290324,27.503225806451614,2.6,9,0,0
C317B,La Gomera,2023,9,AGULO,30,30,30,30,1,20.123333333333335,16.08,24.163333333333334,47.800000000000004,0,0,0
C317B,La Gomera,2023,10,AGULO,31,31,26,31,0.8387096774193549,22.803846153846155,18.223076923076924,27.376923076923077,28.4,10,0,0
C317B,La Gomera,2023,11,AGULO,30,30,30,30,1,19.583333333333332,15.493333333333334,23.656666666666666,53.8,2,0,0
C317B,La Gomera,2023,12,AGULO,31,31,31,31,1,16.43548387096774,12.72258064516129,20.148387096774194,89.6,0,0,0
C317B,La Gomera,2024,1,AGULO,31,31,31,31,1,17.85483870967742,13.890322580645162,21.81935483870968,0.8,0,0,0
C317B,La Gomera,2024,2,AGULO,29,29,29,29,1,16.662068965517243,12.60344827586207,20.748275862068965,11.2,0,0,0
C317B,La Gomera,2024,3,AGULO,31,31,31,31,1,14.651612903225807,10.825806451612904,18.467741935483872,49.4,0,0,0
C317B,La Gomera,2024,4,AGULO,30,30,30,30,1,18.623333333333335,14.066666666666666,23.173333333333332,9.4,6,0,0
C317B,La Gomera,2024,5,AGULO,31,31,31,31,1,16.361290322580647,12.561290322580644,20.16774193548387,16.400000000000002,0,0,0
C317B,La Gomera,2024,6,AGULO,30,30,30,30,1,17.143333333333334,13.493333333333334,20.786666666666665,18.6,0,0,0
C317B,La Gomera,2024,7,AGULO,31,31,31,31,1,19.88064516129032,15.651612903225807,24.106451612903225,26.2,1,0,0
C317B,La Gomera,2024,8,AGULO,31,31,31,31,1,19.864516129032257,16.116129032258065,23.616129032258065,5,0,0,0
C317B,La Gomera,2024,9,AGULO,30,30,30,30,1,18.643333333333334,15.24,22.03,4.2,0,0,0
C317B,La Gomera,2024,10,AGULO,31,31,31,31,1,18.383870967741935,14.845161290322581,21.912903225806453,68.6,0,0,0
C317B,La Gomera,2024,11,AGULO,30,30,30,30,1,19.576666666666668,15.629999999999999,23.536666666666665,50.6,5,0,0
C317B,La Gomera,2024,12,AGULO,31,31,31,31,1,15.654838709677419,12.151612903225807,19.148387096774194,34,0,0,0
C317B,La Gomera,2025,1,AGULO,31,31,31,31,1,14.761290322580646,10.861290322580645,18.677419354838708,25.4,0,0,0
C317B,La Gomera,2025,2,AGULO,28,28,28,28,1,13.789285714285715,10.332142857142857,17.235714285714284,23.6,0,0,0
C317B,La Gomera,2025,3,AGULO,31,31,31,31,1,13.619354838709677,9.925806451612903,17.31290322580645,95.6,0,0,0
C317B,La Gomera,2025,4,AGULO,30,30,30,30,1,13.943333333333333,10.873333333333333,17,130.4,0,0,0
C317B,La Gomera,2025,5,AGULO,31,31,31,31,1,15.516129032258064,12.129032258064516,18.9,10.6,0,0,0
C317B,La Gomera,2025,6,AGULO,30,30,30,30,1,17.476666666666667,13.853333333333333,21.096666666666668,1,0,0,0
C317B,La Gomera,2025,7,AGULO,31,31,31,31,1,19.706451612903226,15.703225806451613,23.712903225806453,13,3,0,0
C317B,La Gomera,2025,8,AGULO,31,31,31,31,1,21.60967741935484,17.283870967741937,25.96451612903226,16.2,5,0,0
C317B,La Gomera,2025,9,AGULO,30,30,30,30,1,20.156666666666666,16.54,23.773333333333333,3.8,4,0,0
C317B,La Gomera,2025,10,AGULO,31,31,31,31,1,19.09032258064516,15.429032258064517,22.729032258064517,19.599999999999998,0,0,0
C317B,La Gomera,2025,11,AGULO,30,30,30,30,1,17.643333333333334,14.466666666666667,20.836666666666666,71.4,2,0,0
C317B,La Gomera,2025,12,AGULO,31,26,26,25,0.8387096774193549,13.753846153846155,11.111538461538462,16.384615384615383,8.8,0,0,0
C319W,La Gomera,2015,1,"VALLEHERMOSO, DAMA",31,31,31,31,1,17.096774193548388,12.625806451612902,21.54193548387097,0,0,0,0
C319W,La Gomera,2015,2,"VALLEHERMOSO, DAMA",28,28,28,28,1,16.853571428571428,12.842857142857143,20.882142857142856,8.4,0,0,0
C319W,La Gomera,2015,3,"VALLEHERMOSO, DAMA",31,31,31,30,1,17.729032258064517,12.983870967741936,22.47741935483871,0.8,0,0,0
C319W,La Gomera,2015,4,"VALLEHERMOSO, DAMA",30,30,30,30,1,18.036666666666665,13.126666666666667,22.92,0,0,0,0
C319W,La Gomera,2015,5,"VALLEHERMOSO, DAMA",31,31,31,31,1,21.01290322580645,16.106451612903225,25.90967741935484,0,2,0,0
C319W,La Gomera,2015,6,"VALLEHERMOSO, DAMA",30,28,19,28,0.6333333333333333,20.510526315789473,16.11578947368421,24.9,0,0,0,0
C319W,La Gomera,2015,7,"VALLEHERMOSO, DAMA",31,31,29,29,0.9354838709677419,24.186206896551724,19.348275862068967,29.02413793103448,0,9,0,0
C319W,La Gomera,2015,8,"VALLEHERMOSO, DAMA",31,31,31,30,1,24.438709677419354,19.94516129032258,28.912903225806453,4.2,11,0,0
C319W,La Gomera,2015,9,"VALLEHERMOSO, DAMA",30,30,30,30,1,24.236666666666665,20.11,28.366666666666667,1.2,15,0,0
C319W,La Gomera,2015,10,"VALLEHERMOSO, DAMA",31,31,31,31,1,23.580645161290324,19.641935483870967,27.51290322580645,16.6,11,1,0
C319W,La Gomera,2015,11,"VALLEHERMOSO, DAMA",30,30,30,30,1,22.06,17.276666666666667,26.846666666666668,0.2,2,0,0
C319W,La Gomera,2015,12,"VALLEHERMOSO, DAMA",31,31,31,31,1,19.912903225806453,15.516129032258064,24.309677419354838,5,3,0,0
C319W,La Gomera,2016,1,"VALLEHERMOSO, DAMA",31,31,31,31,1,18.95806451612903,14.093548387096774,23.806451612903224,0,0,0,0
C319W,La Gomera,2016,2,"VALLEHERMOSO, DAMA",29,29,29,29,1,17.917241379310344,13.282758620689656,22.572413793103447,24.599999999999998,0,0,0
C319W,La Gomera,2016,3,"VALLEHERMOSO, DAMA",31,31,31,31,1,17.967741935483872,13.345161290322581,22.59032258064516,40,0,0,0
C319W,La Gomera,2016,4,"VALLEHERMOSO, DAMA",30,30,30,30,1,18.82,14.693333333333333,22.956666666666667,5.8,0,0,0
C319W,La Gomera,2016,5,"VALLEHERMOSO, DAMA",31,31,31,31,1,19.509677419354837,15.22258064516129,23.809677419354838,5.8,0,0,0
C319W,La Gomera,2016,6,"VALLEHERMOSO, DAMA",30,30,30,30,1,21.843333333333334,17.343333333333334,26.336666666666666,0,2,0,0
C319W,La Gomera,2016,7,"VALLEHERMOSO, DAMA",31,31,31,31,1,24.03548387096774,19.42258064516129,28.648387096774194,0,10,0,0
C319W,La Gomera,2016,8,"VALLEHERMOSO, DAMA",31,31,31,31,1,24.84516129032258,19.780645161290323,29.89032258064516,0,12,0,0
C319W,La Gomera,2016,9,"VALLEHERMOSO, DAMA",30,30,30,30,1,23.14,18.38,27.903333333333332,6.2,2,0,0
C319W,La Gomera,2016,10,"VALLEHERMOSO, DAMA",31,31,31,31,1,22.40967741935484,17.97741935483871,26.85483870967742,45.2,1,0,0
C319W,La Gomera,2016,11,"VALLEHERMOSO, DAMA",30,30,30,30,1,20.276666666666667,15.963333333333333,24.59,17.8,0,0,0
C319W,La Gomera,2016,12,"VALLEHERMOSO, DAMA",31,31,31,31,1,19.10322580645161,15.425806451612903,22.76774193548387,16.4,0,0,0
C319W,La Gomera,2017,1,"VALLEHERMOSO, DAMA",31,31,31,31,1,17.9,13.73225806451613,22.04193548387097,1.8,0,0,0
C319W,La Gomera,2017,2,"VALLEHERMOSO, DAMA",28,28,28,28,1,17.853571428571428,13.232142857142858,22.478571428571428,9.8,0,0,0
C319W,La Gomera,2017,3,"VALLEHERMOSO, DAMA",31,31,31,31,1,19.26451612903226,14.029032258064516,24.493548387096773,4.6,0,0,0
C319W,La Gomera,2017,4,"VALLEHERMOSO, DAMA",30,30,29,30,0.9666666666666667,20.175862068965518,15.53103448275862,24.83448275862069,32,0,0,0
C319W,La Gomera,2017,5,"VALLEHERMOSO, DAMA",31,31,31,31,1,21.238709677419354,16.693548387096772,25.793548387096774,4,0,0,0
C319W,La Gomera,2017,6,"VALLEHERMOSO, DAMA",30,30,30,30,1,23.25,18.63,27.866666666666667,0,8,0,0
C319W,La Gomera,2017,7,"VALLEHERMOSO, DAMA",31,31,31,31,1,23.716129032258063,18.90967741935484,28.51290322580645,0,7,0,0
C319W,La Gomera,2017,8,"VALLEHERMOSO, DAMA",31,31,31,31,1,25.177419354838708,20.22258064516129,30.11935483870968,0,16,0,0
C319W,La Gomera,2017,9,"VALLEHERMOSO, DAMA",30,30,30,30,1,24.013333333333332,19.38,28.64,0.4,6,0,0
C319W,La Gomera,2017,10,"VALLEHERMOSO, DAMA",31,31,30,31,0.967741935483871,23.763333333333335,18.76,28.76,0,7,0,0
C319W,La Gomera,2017,11,"VALLEHERMOSO, DAMA",30,30,30,30,1,21.67,17.203333333333333,26.12,0.2,2,0,0
C319W,La Gomera,2017,12,"VALLEHERMOSO, DAMA",31,31,31,31,1,18.274193548387096,13.567741935483872,22.980645161290322,5.2,0,0,0
C319W,La Gomera,2018,1,"VALLEHERMOSO, DAMA",31,31,31,31,1,18.048387096774192,13.309677419354838,22.78709677419355,4.2,0,0,0
C319W,La Gomera,2018,2,"VALLEHERMOSO, DAMA",28,28,28,28,1,17.182142857142857,13.053571428571429,21.292857142857144,55.800000000000004,0,0,0
C319W,La Gomera,2018,3,"VALLEHERMOSO, DAMA",31,31,31,31,1,18.73548387096774,14.59032258064516,22.87741935483871,14.8,0,0,0
C319W,La Gomera,2018,4,"VALLEHERMOSO, DAMA",30,30,30,30,1,19.01,14.463333333333333,23.546666666666667,2.8000000000000003,0,0,0
C319W,La Gomera,2018,5,"VALLEHERMOSO, DAMA",31,31,31,31,1,19.34516129032258,14.92258064516129,23.758064516129032,0,0,0,0
C319W,La Gomera,2018,6,"VALLEHERMOSO, DAMA",30,30,30,30,1,20.723333333333333,16.433333333333334,25.006666666666668,0,0,0,0
C319W,La Gomera,2018,7,"VALLEHERMOSO, DAMA",31,31,31,31,1,22.287096774193547,17.79032258064516,26.78709677419355,0,2,0,0
C319W,La Gomera,2018,8,"VALLEHERMOSO, DAMA",31,31,31,31,1,23.6,18.98709677419355,28.219354838709677,0,5,0,0
C319W,La Gomera,2018,9,"VALLEHERMOSO, DAMA",30,30,30,30,1,24,19.21,28.79,0,10,0,0
C319W,La Gomera,2018,10,"VALLEHERMOSO, DAMA",31,31,31,31,1,22.70967741935484,18.335483870967742,27.080645161290324,32.2,6,0,0
C319W,La Gomera,2018,11,"VALLEHERMOSO, DAMA",30,30,30,30,1,20.226666666666667,15.81,24.64666666666667,20.6,0,0,0
C319W,La Gomera,2018,12,"VALLEHERMOSO, DAMA",31,31,31,31,1,19.34193548387097,13.987096774193548,24.693548387096776,0.2,1,0,0
C319W,La Gomera,2019,1,"VALLEHERMOSO, DAMA",31,31,31,31,1,17.419354838709676,12.451612903225806,22.393548387096775,4,0,0,0
C319W,La Gomera,2019,2,"VALLEHERMOSO, DAMA",28,28,28,28,1,18.42142857142857,12.992857142857142,23.84642857142857,10.8,0,0,0
C319W,La Gomera,2019,3,"VALLEHERMOSO, DAMA",31,31,31,31,1,18.52258064516129,13.516129032258064,23.506451612903227,19.8,0,0,0
C319W,La Gomera,2019,4,"VALLEHERMOSO, DAMA",30,30,30,30,1,18.69,14.023333333333333,23.366666666666667,11.799999999999999,0,0,0
C319W,La Gomera,2019,5,"VALLEHERMOSO, DAMA",31,31,31,31,1,20.177419354838708,15.651612903225807,24.696774193548386,0,0,0,0
C319W,La Gomera,2019,6,"VALLEHERMOSO, DAMA",30,30,30,30,1,21.49,16.936666666666667,26.036666666666665,0,0,0,0
C319W,La Gomera,2019,7,"VALLEHERMOSO, DAMA",31,31,31,31,1,22.809677419354838,18.206451612903226,27.412903225806453,0,0,0,0
C319W,La Gomera,2019,8,"VALLEHERMOSO, DAMA",31,31,31,31,1,24.483870967741936,19.78709677419355,29.183870967741935,0,13,0,0
C319W,La Gomera,2019,9,"VALLEHERMOSO, DAMA",30,30,30,30,1,23.419999999999998,18.5,28.356666666666666,5.199999999999999,1,0,0
C319W,La Gomera,2019,10,"VALLEHERMOSO, DAMA",31,31,31,31,1,22.670967741935485,18.10967741935484,27.22258064516129,10.6,5,0,0
C319W,La Gomera,2019,11,"VALLEHERMOSO, DAMA",30,30,30,30,1,21.456666666666667,16.849999999999998,26.07,0.8,1,0,0
C319W,La Gomera,2019,12,"VALLEHERMOSO, DAMA",31,31,31,31,1,19.693548387096776,14.95483870967742,24.412903225806453,5.6,0,0,0
C319W,La Gomera,2020,1,"VALLEHERMOSO, DAMA",31,31,31,31,1,17.63225806451613,12.574193548387097,22.693548387096776,0,0,0,0
C319W,La Gomera,2020,2,"VALLEHERMOSO, DAMA",29,29,29,29,1,20.00344827586207,14.8,25.217241379310344,0,1,0,0
C319W,La Gomera,2020,3,"VALLEHERMOSO, DAMA",31,31,31,31,1,19.02258064516129,14.380645161290323,23.65483870967742,7.8,0,0,0
C319W,La Gomera,2020,4,"VALLEHERMOSO, DAMA",30,30,30,30,1,19.943333333333335,15.503333333333334,24.376666666666665,2.6,0,0,0
C319W,La Gomera,2020,5,"VALLEHERMOSO, DAMA",31,31,31,31,1,21.135483870967743,16.322580645161292,25.929032258064517,0,0,0,0
C319W,La Gomera,2020,6,"VALLEHERMOSO, DAMA",30,30,30,30,1,23.043333333333333,18.39666666666667,27.7,7.800000000000001,6,0,0
C319W,La Gomera,2020,7,"VALLEHERMOSO, DAMA",31,31,31,31,1,23.806451612903224,19.216129032258063,28.416129032258066,0,7,0,0
C319W,La Gomera,2020,8,"VALLEHERMOSO, DAMA",31,31,31,31,1,25.045161290322582,19.938709677419354,30.161290322580644,0,11,1,0
C319W,La Gomera,2020,9,"VALLEHERMOSO, DAMA",30,30,30,30,1,25.046666666666667,20.256666666666668,29.836666666666666,0,14,1,0
C319W,La Gomera,2020,10,"VALLEHERMOSO, DAMA",31,31,31,31,1,23.12258064516129,18.612903225806452,27.64516129032258,8.6,7,0,0
C319W,La Gomera,2020,11,"VALLEHERMOSO, DAMA",30,30,30,30,1,21.726666666666667,17.07,26.373333333333335,9.200000000000001,2,0,0
C319W,La Gomera,2020,12,"VALLEHERMOSO, DAMA",31,31,30,31,0.967741935483871,19.056666666666665,14.78,23.33,19.4,0,0,0
C319W,La Gomera,2021,1,"VALLEHERMOSO, DAMA",31,31,31,31,1,18.23548387096774,13.916129032258064,22.56774193548387,25,0,0,0
C319W,La Gomera,2021,2,"VALLEHERMOSO, DAMA",28,28,28,28,1,18.357142857142858,13.342857142857143,23.382142857142856,16.2,0,0,0
C319W,La Gomera,2021,3,"VALLEHERMOSO, DAMA",31,31,31,31,1,18.996774193548386,13.916129032258064,24.080645161290324,1,0,0,0
C319W,La Gomera,2021,4,"VALLEHERMOSO, DAMA",30,30,30,30,1,20.58,15.543333333333333,25.626666666666665,0.2,0,0,0
C319W,La Gomera,2021,5,"VALLEHERMOSO, DAMA",31,31,31,31,1,20.816129032258065,16.09032258064516,25.538709677419355,0,0,0,0
C319W,La Gomera,2021,6,"VALLEHERMOSO, DAMA",30,30,30,30,1,22.176666666666666,17.15,27.206666666666667,0,3,0,0
C319W,La Gomera,2021,7,"VALLEHERMOSO, DAMA",31,31,31,31,1,23.406451612903226,18.732258064516127,28.06451612903226,0,5,0,0
C319W,La Gomera,2021,8,"VALLEHERMOSO, DAMA",31,31,31,31,1,24.858064516129033,19.71290322580645,29.993548387096773,0,10,2,0
C319W,La Gomera,2021,9,"VALLEHERMOSO, DAMA",30,30,30,30,1,24.826666666666668,20.06,29.59,0,17,0,0
C319W,La Gomera,2021,10,"VALLEHERMOSO, DAMA",31,31,31,31,1,23.34516129032258,18.27741935483871,28.406451612903226,0,3,0,0
C319W,La Gomera,2021,11,"VALLEHERMOSO, DAMA",30,30,30,30,1,20.376666666666665,15.85,24.89,10.200000000000001,0,0,0
C319W,La Gomera,2021,12,"VALLEHERMOSO, DAMA",31,31,31,31,1,19.393548387096775,14.890322580645162,23.916129032258066,15.8,0,0,0
C319W,La Gomera,2022,1,"VALLEHERMOSO, DAMA",31,31,31,31,1,18.54193548387097,14.241935483870968,22.848387096774193,21.4,0,0,0
C319W,La Gomera,2022,2,"VALLEHERMOSO, DAMA",28,28,28,28,1,19.28214285714286,14.342857142857143,24.239285714285714,13.6,1,0,0
C319W,La Gomera,2022,3,"VALLEHERMOSO, DAMA",31,31,31,31,1,18.351612903225806,13.709677419354838,22.98709677419355,27.4,0,0,0
C319W,La Gomera,2022,4,"VALLEHERMOSO, DAMA",30,30,30,30,1,19.403333333333332,14.806666666666667,23.996666666666666,22.4,0,0,0
C319W,La Gomera,2022,5,"VALLEHERMOSO, DAMA",31,31,31,31,1,20.851612903225806,16.048387096774192,25.62258064516129,10.4,0,0,0
C319W,La Gomera,2022,6,"VALLEHERMOSO, DAMA",30,30,30,30,1,22.11,17.473333333333333,26.74,0,1,0,0
C319W,La Gomera,2022,7,"VALLEHERMOSO, DAMA",31,31,31,31,1,24.358064516129033,19.177419354838708,29.54193548387097,0,10,0,0
C319W,La Gomera,2022,8,"VALLEHERMOSO, DAMA",31,31,31,31,1,24.38064516129032,19.887096774193548,28.858064516129033,7,11,0,0
C319W,La Gomera,2022,9,"VALLEHERMOSO, DAMA",30,30,30,30,1,24.233333333333334,20.22,28.246666666666666,56.2,19,0,0
C319W,La Gomera,2022,10,"VALLEHERMOSO, DAMA",31,31,31,31,1,23.45806451612903,18.419354838709676,28.48709677419355,0.4,5,0,0
C319W,La Gomera,2022,11,"VALLEHERMOSO, DAMA",30,30,30,30,1,22.346666666666668,16.93,27.759999999999998,0,0,0,0
C319W,La Gomera,2022,12,"VALLEHERMOSO, DAMA",31,31,31,31,1,20.57741935483871,16.467741935483872,24.690322580645162,53.6,0,0,0
C319W,La Gomera,2023,1,"VALLEHERMOSO, DAMA",31,31,31,31,1,19.10967741935484,14.293548387096774,23.906451612903226,7,0,0,0
C319W,La Gomera,2023,2,"VALLEHERMOSO, DAMA",28,28,28,28,1,17.910714285714285,13.053571428571429,22.775000000000002,37.4,0,0,0
C319W,La Gomera,2023,3,"VALLEHERMOSO, DAMA",31,31,31,31,1,21.4,15.654838709677419,27.135483870967743,0,2,0,0
C319W,La Gomera,2023,4,"VALLEHERMOSO, DAMA",30,30,30,30,1,21.323333333333334,15.833333333333334,26.8,0,1,0,0
C319W,La Gomera,2023,5,"VALLEHERMOSO, DAMA",31,31,31,31,1,21.664516129032258,16.483870967741936,26.83225806451613,4.6,0,0,0
C319W,La Gomera,2023,6,"VALLEHERMOSO, DAMA",30,30,30,30,1,23.676666666666666,19.06,28.313333333333333,0.2,9,0,0
C319W,La Gomera,2023,7,"VALLEHERMOSO, DAMA",31,31,31,31,1,25.135483870967743,20.161290322580644,30.09032258064516,0,18,0,0
C319W,La Gomera,2023,8,"VALLEHERMOSO, DAMA",31,31,31,31,1,27.032258064516128,21.9,32.174193548387095,1,23,2,0
C319W,La Gomera,2023,9,"VALLEHERMOSO, DAMA",30,30,30,30,1,24.903333333333332,19.916666666666668,29.89,0,13,0,0
C319W,La Gomera,2023,10,"VALLEHERMOSO, DAMA",31,31,31,31,1,26.525806451612905,21.283870967741937,31.761290322580646,2.2,21,1,0
C319W,La Gomera,2023,11,"VALLEHERMOSO, DAMA",30,30,30,30,1,23.196666666666665,17.976666666666667,28.42,22,3,1,0
C319W,La Gomera,2023,12,"VALLEHERMOSO, DAMA",31,31,31,31,1,20.26451612903226,15.248387096774193,25.283870967741937,9.6,0,0,0
C319W,La Gomera,2024,1,"VALLEHERMOSO, DAMA",31,31,31,31,1,20.551612903225806,16.141935483870967,24.951612903225808,2.6,2,0,0
C319W,La Gomera,2024,2,"VALLEHERMOSO, DAMA",29,29,29,29,1,20.368965517241378,15.248275862068965,25.489655172413794,1.6,0,0,0
C319W,La Gomera,2024,3,"VALLEHERMOSO, DAMA",31,31,31,31,1,19.85483870967742,15.112903225806452,24.583870967741937,9.6,0,0,0
C319W,La Gomera,2024,4,"VALLEHERMOSO, DAMA",30,30,30,30,1,21.71,16.533333333333335,26.9,0,2,0,0
C319W,La Gomera,2024,5,"VALLEHERMOSO, DAMA",31,31,31,31,1,21.270967741935483,16.37741935483871,26.18064516129032,0,0,0,0
C319W,La Gomera,2024,6,"VALLEHERMOSO, DAMA",30,30,30,30,1,22.046666666666667,17.44333333333333,26.626666666666665,2.6,0,0,0
C319W,La Gomera,2024,7,"VALLEHERMOSO, DAMA",31,31,31,31,1,23.670967741935485,19.216129032258063,28.10967741935484,0,5,0,0
C319W,La Gomera,2024,8,"VALLEHERMOSO, DAMA",31,31,31,31,1,24.729032258064517,19.906451612903226,29.56774193548387,1.2,14,0,0
C319W,La Gomera,2024,9,"VALLEHERMOSO, DAMA",30,30,30,30,1,23.486666666666668,18.7,28.25,0,1,0,0
C319W,La Gomera,2024,10,"VALLEHERMOSO, DAMA",31,31,31,31,1,23.31935483870968,18.670967741935485,27.967741935483872,3.8,6,0,0
C319W,La Gomera,2024,11,"VALLEHERMOSO, DAMA",30,30,30,30,1,22.546666666666667,17.543333333333333,27.573333333333334,2.6,1,0,0
C319W,La Gomera,2024,12,"VALLEHERMOSO, DAMA",31,31,31,31,1,20.76451612903226,15.648387096774194,25.858064516129033,15.6,2,0,0
C319W,La Gomera,2025,1,"VALLEHERMOSO, DAMA",31,31,31,31,1,19.13225806451613,13.819354838709678,24.45806451612903,11.8,0,0,0
C319W,La Gomera,2025,2,"VALLEHERMOSO, DAMA",28,28,28,28,1,19.075,13.417857142857143,24.739285714285714,2.4,0,0,0
C319W,La Gomera,2025,3,"VALLEHERMOSO, DAMA",31,31,31,31,1,19.141935483870967,14.148387096774194,24.096774193548388,76.39999999999999,0,0,0
C319W,La Gomera,2025,4,"VALLEHERMOSO, DAMA",30,30,30,30,1,19.916666666666668,15.026666666666667,24.813333333333333,33.8,0,0,0
C319W,La Gomera,2025,5,"VALLEHERMOSO, DAMA",31,31,31,31,1,20.967741935483872,16.129032258064516,25.803225806451614,2.2,0,0,0
C319W,La Gomera,2025,6,"VALLEHERMOSO, DAMA",30,30,30,30,1,22.27,17.46666666666667,27.063333333333333,0,0,0,0
C319W,La Gomera,2025,7,"VALLEHERMOSO, DAMA",31,31,31,31,1,24.203225806451613,19.548387096774192,28.87741935483871,0,10,0,0
C319W,La Gomera,2025,8,"VALLEHERMOSO, DAMA",31,31,31,31,1,25.48709677419355,20.838709677419356,30.13225806451613,0,26,0,0
C319W,La Gomera,2025,9,"VALLEHERMOSO, DAMA",30,30,30,30,1,25.103333333333335,20.043333333333333,30.153333333333332,0,12,1,0
C319W,La Gomera,2025,10,"VALLEHERMOSO, DAMA",31,31,31,31,1,23.570967741935483,19.032258064516128,28.093548387096774,1.7999999999999998,6,0,0
C319W,La Gomera,2025,11,"VALLEHERMOSO, DAMA",30,30,30,30,1,21.973333333333333,17.52,26.45,30.2,0,0,0
C319W,La Gomera,2025,12,"VALLEHERMOSO, DAMA",31,31,31,31,1,18.97741935483871,14.606451612903227,23.358064516129033,28.2,0,0,0
C329B,La Gomera,2015,1,"LA GOMERA, AEROPUERTO",31,31,31,31,1,17.064516129032256,14.432258064516128,19.719354838709677,0,0,0,0
C329B,La Gomera,2015,2,"LA GOMERA, AEROPUERTO",28,28,28,28,1,16.446428571428573,13.939285714285715,18.95357142857143,15.500000000000002,0,0,0
C329B,La Gomera,2015,3,"LA GOMERA, AEROPUERTO",31,31,31,31,1,17.661290322580644,14.32258064516129,21.003225806451614,3.6,0,0,0
C329B,La Gomera,2015,4,"LA GOMERA, AEROPUERTO",30,30,30,30,1,17.77,14.633333333333333,20.913333333333334,0.3,0,0,0
C329B,La Gomera,2015,5,"LA GOMERA, AEROPUERTO",31,31,31,31,1,20.916129032258066,17.216129032258063,24.60967741935484,0,4,0,0
C329B,La Gomera,2015,6,"LA GOMERA, AEROPUERTO",30,30,30,30,1,20.75,17.666666666666668,23.85333333333333,0,0,0,0
C329B,La Gomera,2015,7,"LA GOMERA, AEROPUERTO",31,31,31,31,1,24.20967741935484,20.270967741935483,28.135483870967743,0,19,0,0
C329B,La Gomera,2015,8,"LA GOMERA, AEROPUERTO",31,31,31,31,1,24.329032258064515,20.970967741935485,27.68709677419355,13.600000000000001,24,1,0
C329B,La Gomera,2015,9,"LA GOMERA, AEROPUERTO",30,30,30,30,1,23.763333333333332,21.06,26.466666666666665,22.8,27,0,0
C329B,La Gomera,2015,10,"LA GOMERA, AEROPUERTO",31,31,31,31,1,23.18064516129032,20.39677419354839,25.94516129032258,83.5,16,1,0
C329B,La Gomera,2015,11,"LA GOMERA, AEROPUERTO",30,30,30,30,1,21.916666666666668,19.003333333333334,24.816666666666666,0.30000000000000004,8,1,0
C329B,La Gomera,2015,12,"LA GOMERA, AEROPUERTO",31,31,31,31,1,20.190322580645162,17.62258064516129,22.738709677419354,3,1,0,0
C329B,La Gomera,2016,1,"LA GOMERA, AEROPUERTO",31,31,31,31,1,19.393548387096775,16.219354838709677,22.561290322580646,0,1,0,0
C329B,La Gomera,2016,2,"LA GOMERA, AEROPUERTO",29,29,29,29,1,17.93448275862069,14.824137931034482,21.02758620689655,35.5,0,0,0
C329B,La Gomera,2016,3,"LA GOMERA, AEROPUERTO",31,31,31,31,1,17.670967741935485,14.603225806451613,20.751612903225805,23.5,0,0,0
C329B,La Gomera,2016,4,"LA GOMERA, AEROPUERTO",30,30,30,30,1,18.726666666666667,15.643333333333333,21.81,2.6,0,0,0
C329B,La Gomera,2016,5,"LA GOMERA, AEROPUERTO",31,31,31,31,1,19.306451612903224,16.099999999999998,22.51290322580645,7.4,0,0,0
C329B,La Gomera,2016,6,"LA GOMERA, AEROPUERTO",30,30,30,30,1,21.773333333333333,18.493333333333332,25.05,0,2,0,0
C329B,La Gomera,2016,7,"LA GOMERA, AEROPUERTO",31,31,31,31,1,23.83225806451613,20.248387096774195,27.412903225806453,0,18,0,0
C329B,La Gomera,2016,8,"LA GOMERA, AEROPUERTO",31,31,31,31,1,24.919354838709676,20.809677419354838,29.02258064516129,0,23,0,0
C329B,La Gomera,2016,9,"LA GOMERA, AEROPUERTO",30,30,30,30,1,23.11,19.956666666666667,26.27,1.1,15,0,0
C329B,La Gomera,2016,10,"LA GOMERA, AEROPUERTO",31,31,31,31,1,22.45483870967742,19.519354838709678,25.383870967741935,15.6,12,0,0
C329B,La Gomera,2016,11,"LA GOMERA, AEROPUERTO",30,30,30,30,1,20.363333333333333,17.593333333333334,23.123333333333335,16.599999999999998,0,0,0
C329B,La Gomera,2016,12,"LA GOMERA, AEROPUERTO",31,31,31,31,1,18.916129032258066,16.635483870967743,21.206451612903226,16.3,0,0,0
C329B,La Gomera,2017,1,"LA GOMERA, AEROPUERTO",31,31,31,31,1,17.825806451612902,15.380645161290323,20.283870967741937,2.6,0,0,0
C329B,La Gomera,2017,2,"LA GOMERA, AEROPUERTO",28,28,28,28,1,17.864285714285714,14.875,20.85,14.8,0,0,0
C329B,La Gomera,2017,3,"LA GOMERA, AEROPUERTO",31,31,31,31,1,19.441935483870967,16.045161290322582,22.84193548387097,1.6,4,1,0
C329B,La Gomera,2017,4,"LA GOMERA, AEROPUERTO",30,30,30,30,1,20.316666666666666,17.213333333333335,23.43,8.6,2,0,0
C329B,La Gomera,2017,5,"LA GOMERA, AEROPUERTO",31,31,31,31,1,21.080645161290324,17.89677419354839,24.280645161290323,1.5,1,0,0
C329B,La Gomera,2017,6,"LA GOMERA, AEROPUERTO",30,30,30,30,1,22.803333333333335,19.46666666666667,26.14,0,8,0,0
C329B,La Gomera,2017,7,"LA GOMERA, AEROPUERTO",31,31,31,31,1,23.306451612903224,20.06774193548387,26.53548387096774,0,14,0,0
C329B,La Gomera,2017,8,"LA GOMERA, AEROPUERTO",31,31,31,31,1,24.670967741935485,21.467741935483872,27.88064516129032,0,29,1,0
C329B,La Gomera,2017,9,"LA GOMERA, AEROPUERTO",30,30,30,30,1,23.726666666666667,20.776666666666667,26.663333333333334,0,29,0,0
C329B,La Gomera,2017,10,"LA GOMERA, AEROPUERTO",31,31,31,31,1,23.993548387096773,20.767741935483873,27.216129032258063,0,21,0,0
C329B,La Gomera,2017,11,"LA GOMERA, AEROPUERTO",30,30,30,30,1,21.673333333333332,18.913333333333334,24.43,1.5999999999999999,4,0,0
C329B,La Gomera,2017,12,"LA GOMERA, AEROPUERTO",31,31,30,31,0.967741935483871,18.656666666666666,15.986666666666666,21.348387096774193,12.4,0,0,0
C329B,La Gomera,2018,1,"LA GOMERA, AEROPUERTO",31,31,31,31,1,18.125806451612902,15.14516129032258,21.093548387096774,8.299999999999999,0,0,0
C329B,La Gomera,2018,2,"LA GOMERA, AEROPUERTO",28,28,28,28,1,17,14.164285714285715,19.84285714285714,58.1,0,0,0
C329B,La Gomera,2018,3,"LA GOMERA, AEROPUERTO",31,31,31,31,1,18.79032258064516,15.693548387096774,21.874193548387098,5.3,0,0,0
C329B,La Gomera,2018,4,"LA GOMERA, AEROPUERTO",30,30,30,30,1,18.743333333333332,15.446666666666667,22.07,3.9,0,0,0
C329B,La Gomera,2018,5,"LA GOMERA, AEROPUERTO",31,31,31,31,1,19.103225806451615,15.993548387096775,22.229032258064517,0,0,0,0
C329B,La Gomera,2018,6,"LA GOMERA, AEROPUERTO",30,30,30,30,1,20.58,17.49,23.653333333333332,2.6,0,0,0
C329B,La Gomera,2018,7,"LA GOMERA, AEROPUERTO",31,31,31,31,1,22.39677419354839,18.993548387096773,25.796774193548387,0,2,0,0
C329B,La Gomera,2018,8,"LA GOMERA, AEROPUERTO",31,31,31,31,1,23.693548387096776,20.34193548387097,27.064516129032256,0.3,16,0,0
C329B,La Gomera,2018,9,"LA GOMERA, AEROPUERTO",30,30,30,30,1,24.113333333333333,20.71,27.52,0,19,0,0
C329B,La Gomera,2018,10,"LA GOMERA, AEROPUERTO",31,31,31,31,1,22.50967741935484,19.60967741935484,25.412903225806453,30.299999999999997,13,0,0
C329B,La Gomera,2018,11,"LA GOMERA, AEROPUERTO",30,30,30,30,1,20.093333333333334,17.3,22.863333333333333,6.3,0,0,0
C329B,La Gomera,2018,12,"LA GOMERA, AEROPUERTO",31,31,31,31,1,20.02258064516129,16.951612903225808,23.06774193548387,0,2,0,0
C329B,La Gomera,2019,1,"LA GOMERA, AEROPUERTO",31,31,31,31,1,17.6,14.848387096774193,20.364516129032257,3.5,0,0,0
C329B,La Gomera,2019,2,"LA GOMERA, AEROPUERTO",28,28,28,28,1,19.039285714285715,15.582142857142857,22.49642857142857,5.3999999999999995,1,0,0
C329B,La Gomera,2019,3,"LA GOMERA, AEROPUERTO",31,31,31,31,1,18.306451612903224,15.093548387096774,21.551612903225806,32.2,0,0,0
C329B,La Gomera,2019,4,"LA GOMERA, AEROPUERTO",30,30,30,30,1,18.55,15.39,21.71,4.6,0,0,0
C329B,La Gomera,2019,5,"LA GOMERA, AEROPUERTO",31,31,31,31,1,19.93225806451613,16.75483870967742,23.125806451612902,0,0,0,0
C329B,La Gomera,2019,6,"LA GOMERA, AEROPUERTO",30,30,30,30,1,21.356666666666666,18.25,24.46,0,2,0,0
C329B,La Gomera,2019,7,"LA GOMERA, AEROPUERTO",31,31,31,31,1,22.716129032258063,19.393548387096775,26.016129032258064,0,7,0,0
C329B,La Gomera,2019,8,"LA GOMERA, AEROPUERTO",31,31,31,31,1,24.374193548387098,20.941935483870967,27.796774193548387,0,24,1,0
C329B,La Gomera,2019,9,"LA GOMERA, AEROPUERTO",30,30,30,30,1,23.046666666666667,19.85333333333333,26.233333333333334,1.9,11,0,0
C329B,La Gomera,2019,10,"LA GOMERA, AEROPUERTO",31,31,31,31,1,22.748387096774195,19.674193548387098,25.825806451612902,9.5,10,0,0
C329B,La Gomera,2019,11,"LA GOMERA, AEROPUERTO",30,30,30,30,1,21.296666666666667,18.29,24.303333333333335,0.2,4,0,0
C329B,La Gomera,2019,12,"LA GOMERA, AEROPUERTO",31,31,31,31,1,19.60967741935484,16.68709677419355,22.50967741935484,4.1000000000000005,0,0,0
C329B,La Gomera,2020,1,"LA GOMERA, AEROPUERTO",31,31,31,31,1,18.106451612903225,15.193548387096774,21.003225806451614,0,2,0,0
C329B,La Gomera,2020,2,"LA GOMERA, AEROPUERTO",29,29,29,29,1,20.28965517241379,16.96896551724138,23.613793103448277,0,4,0,0
C329B,La Gomera,2020,3,"LA GOMERA, AEROPUERTO",31,25,25,24,0.8064516129032258,19.22,15.788,22.656,7.300000000000001,0,0,0
C329B,La Gomera,2020,6,"LA GOMERA, AEROPUERTO",30,16,16,16,0.5333333333333333,23.04375,19.6125,26.50625,0.6,4,0,0
C329B,La Gomera,2020,7,"LA GOMERA, AEROPUERTO",31,31,31,31,1,23.593548387096774,20.387096774193548,26.8,0,19,1,0
C329B,La Gomera,2020,8,"LA GOMERA, AEROPUERTO",31,31,31,31,1,25.196774193548386,21.216129032258063,29.16774193548387,0,29,0,0
C329B,La Gomera,2020,9,"LA GOMERA, AEROPUERTO",30,30,30,30,1,24.866666666666667,21.286666666666665,28.443333333333335,0.1,27,1,0
C329B,La Gomera,2020,10,"LA GOMERA, AEROPUERTO",31,31,31,31,1,23.032258064516128,19.85483870967742,26.193548387096776,5.4,16,0,0
C329B,La Gomera,2020,11,"LA GOMERA, AEROPUERTO",30,30,30,30,1,21.776666666666667,18.826666666666668,24.743333333333332,10.4,9,0,0
C329B,La Gomera,2020,12,"LA GOMERA, AEROPUERTO",31,31,31,31,1,18.816129032258065,16.34516129032258,21.303225806451614,85.8,0,0,0
C329B,La Gomera,2021,1,"LA GOMERA, AEROPUERTO",31,31,31,31,1,17.76451612903226,15.04516129032258,20.49032258064516,13.5,0,0,0
C329B,La Gomera,2021,2,"LA GOMERA, AEROPUERTO",28,28,28,28,1,18.09285714285714,14.757142857142856,21.425,7.1,0,0,0
C329B,La Gomera,2021,3,"LA GOMERA, AEROPUERTO",31,31,31,31,1,18.593548387096774,15.370967741935484,21.81290322580645,1.3,0,0,0
C329B,La Gomera,2021,4,"LA GOMERA, AEROPUERTO",30,30,30,30,1,20.009999999999998,16.683333333333334,23.333333333333332,0,0,0,0
C329B,La Gomera,2021,5,"LA GOMERA, AEROPUERTO",31,31,31,31,1,20.70967741935484,17.474193548387095,23.96451612903226,0,2,0,0
C329B,La Gomera,2021,6,"LA GOMERA, AEROPUERTO",30,30,30,30,1,21.886666666666667,18.286666666666665,25.51,0,3,0,0
C329B,La Gomera,2021,7,"LA GOMERA, AEROPUERTO",31,31,31,31,1,23.23548387096774,19.858064516129033,26.606451612903225,0,14,0,0
C329B,La Gomera,2021,8,"LA GOMERA, AEROPUERTO",31,31,31,31,1,24.664516129032258,20.8,28.56774193548387,0,23,2,0
C329B,La Gomera,2021,9,"LA GOMERA, AEROPUERTO",30,30,30,30,1,24.463333333333335,21.313333333333333,27.62,0,28,0,0
C329B,La Gomera,2021,10,"LA GOMERA, AEROPUERTO",31,31,31,31,1,23.177419354838708,19.741935483870968,26.619354838709675,0,12,0,0
C329B,La Gomera,2021,11,"LA GOMERA, AEROPUERTO",30,30,30,30,1,20.273333333333333,17.446666666666665,23.086666666666666,6.4,0,0,0
C329B,La Gomera,2021,12,"LA GOMERA, AEROPUERTO",31,31,31,31,1,19.177419354838708,16.358064516129033,21.996774193548386,14.1,1,0,0
C329B,La Gomera,2022,1,"LA GOMERA, AEROPUERTO",31,31,31,31,1,18.703225806451613,16.22258064516129,21.190322580645162,23.7,1,0,0
C329B,La Gomera,2022,2,"LA GOMERA, AEROPUERTO",28,28,28,28,1,19.410714285714285,16.146428571428572,22.678571428571427,14.7,1,0,0
C329B,La Gomera,2022,3,"LA GOMERA, AEROPUERTO",31,31,31,31,1,17.94516129032258,14.774193548387096,21.11935483870968,18.2,0,0,0
C329B,La Gomera,2022,4,"LA GOMERA, AEROPUERTO",30,30,30,30,1,19.11,15.666666666666666,22.566666666666666,7.9,0,0,0
C329B,La Gomera,2022,5,"LA GOMERA, AEROPUERTO",31,31,31,31,1,20.806451612903224,17.461290322580645,24.141935483870967,4.6,0,0,0
C329B,La Gomera,2022,6,"LA GOMERA, AEROPUERTO",30,30,30,30,1,21.89,18.763333333333332,25.006666666666668,0,3,0,0
C329B,La Gomera,2022,7,"LA GOMERA, AEROPUERTO",31,31,31,31,1,24.296774193548387,20.283870967741937,28.316129032258065,0,14,0,0
C329B,La Gomera,2022,8,"LA GOMERA, AEROPUERTO",31,31,31,31,1,24.164516129032258,20.835483870967742,27.496774193548386,6.8,26,0,0
C329B,La Gomera,2022,9,"LA GOMERA, AEROPUERTO",30,30,30,30,1,23.91,21.05,26.756666666666668,62.699999999999996,30,0,0
C329B,La Gomera,2022,10,"LA GOMERA, AEROPUERTO",31,31,31,31,1,23.14516129032258,20.016129032258064,26.26451612903226,0,16,0,0
C329B,La Gomera,2022,11,"LA GOMERA, AEROPUERTO",30,30,30,30,1,22.05,18.87,25.223333333333333,0,3,0,0
C329B,La Gomera,2022,12,"LA GOMERA, AEROPUERTO",31,31,31,31,1,20.56451612903226,17.883870967741935,23.26774193548387,40.5,2,0,0
C329B,La Gomera,2023,1,"LA GOMERA, AEROPUERTO",31,31,31,31,1,18.912903225806453,15.961290322580645,21.85483870967742,2,0,0,0
C329B,La Gomera,2023,2,"LA GOMERA, AEROPUERTO",28,28,28,28,1,17.485714285714288,14.542857142857143,20.417857142857144,50.9,0,0,0
C329B,La Gomera,2023,3,"LA GOMERA, AEROPUERTO",31,31,31,31,1,20.93548387096774,17.070967741935483,24.803225806451614,0,3,0,0
C329B,La Gomera,2023,4,"LA GOMERA, AEROPUERTO",30,30,30,30,1,20.776666666666667,17.16,24.383333333333333,0.2,2,0,0
C329B,La Gomera,2023,5,"LA GOMERA, AEROPUERTO",31,31,31,31,1,21.429032258064517,18.05483870967742,24.803225806451614,0.5,2,0,0
C329B,La Gomera,2023,6,"LA GOMERA, AEROPUERTO",30,30,30,30,1,23.3,20.026666666666667,26.576666666666668,5.6,16,0,0
C329B,La Gomera,2023,7,"LA GOMERA, AEROPUERTO",31,31,31,31,1,24.893548387096775,21.374193548387098,28.42258064516129,0,31,1,0
C329B,La Gomera,2023,8,"LA GOMERA, AEROPUERTO",31,31,31,31,1,26.829032258064515,22.803225806451614,30.883870967741935,1.2,31,4,0
C329B,La Gomera,2023,9,"LA GOMERA, AEROPUERTO",30,30,30,30,1,24.516666666666666,21.333333333333332,27.71,0,30,0,0
C329B,La Gomera,2023,10,"LA GOMERA, AEROPUERTO",31,31,31,31,1,26.68709677419355,23,30.39032258064516,2.2,29,11,0
C329B,La Gomera,2023,11,"LA GOMERA, AEROPUERTO",30,30,30,30,1,23.10333333333333,19.89,26.323333333333334,20,13,0,0
C329B,La Gomera,2023,12,"LA GOMERA, AEROPUERTO",31,31,31,31,1,20.62258064516129,17.87741935483871,23.36774193548387,7,2,0,0
C329B,La Gomera,2024,1,"LA GOMERA, AEROPUERTO",31,31,31,31,1,20.451612903225808,17.65483870967742,23.248387096774195,3.1,0,0,0
C329B,La Gomera,2024,2,"LA GOMERA, AEROPUERTO",29,29,29,29,1,20.610344827586207,17.25862068965517,23.955172413793104,0,1,0,0
C329B,La Gomera,2024,3,"LA GOMERA, AEROPUERTO",31,31,31,31,1,19.529032258064518,16.080645161290324,22.983870967741936,19.2,0,0,0
C329B,La Gomera,2024,4,"LA GOMERA, AEROPUERTO",30,30,30,30,1,21.793333333333333,18.05,25.53,0,3,0,0
C329B,La Gomera,2024,5,"LA GOMERA, AEROPUERTO",31,31,31,31,1,20.94516129032258,17.651612903225807,24.238709677419354,1,0,0,0
C329B,La Gomera,2024,6,"LA GOMERA, AEROPUERTO",30,30,30,30,1,21.526666666666667,18.3,24.75,1.1,0,0,0
C329B,La Gomera,2024,7,"LA GOMERA, AEROPUERTO",31,31,31,31,1,23.074193548387097,19.89032258064516,26.26451612903226,0,15,0,0
C329B,La Gomera,2024,8,"LA GOMERA, AEROPUERTO",31,31,31,31,1,24.39032258064516,20.929032258064517,27.84193548387097,0.5,28,0,0
C329B,La Gomera,2024,9,"LA GOMERA, AEROPUERTO",30,30,30,30,1,22.963333333333335,19.973333333333333,25.956666666666667,0,13,0,0
C329B,La Gomera,2024,10,"LA GOMERA, AEROPUERTO",31,31,31,31,1,22.60322580645161,19.651612903225807,25.561290322580646,5.4,14,0,0
C329B,La Gomera,2024,11,"LA GOMERA, AEROPUERTO",30,30,30,30,1,22.673333333333332,19.513333333333332,25.85,8.6,9,0,0
C329B,La Gomera,2024,12,"LA GOMERA, AEROPUERTO",31,31,31,31,1,20.13225806451613,17.383870967741935,22.883870967741935,7.7,2,0,0
C329B,La Gomera,2025,1,"LA GOMERA, AEROPUERTO",31,31,31,31,1,18.480645161290322,15.729032258064516,21.248387096774195,7.5,0,0,0
C329B,La Gomera,2025,2,"LA GOMERA, AEROPUERTO",28,28,28,28,1,18.132142857142856,14.95,21.317857142857143,2.4,0,0,0
C329B,La Gomera,2025,3,"LA GOMERA, AEROPUERTO",31,31,31,31,1,18.09032258064516,14.977419354838709,21.190322580645162,11.7,0,0,0
C329B,La Gomera,2025,4,"LA GOMERA, AEROPUERTO",30,30,30,30,1,18.906666666666666,15.88,21.93,24,0,0,0
C329B,La Gomera,2025,5,"LA GOMERA, AEROPUERTO",31,31,30,31,0.967741935483871,20.113333333333333,17.076666666666668,23.156666666666666,6.199999999999999,0,0,0
C329B,La Gomera,2025,6,"LA GOMERA, AEROPUERTO",30,30,30,30,1,21.82,18.723333333333333,24.906666666666666,0,0,0,0
C329B,La Gomera,2025,7,"LA GOMERA, AEROPUERTO",31,31,31,31,1,23.85483870967742,20.33225806451613,27.387096774193548,0,17,0,0
C329B,La Gomera,2025,8,"LA GOMERA, AEROPUERTO",31,31,31,31,1,24.92258064516129,21.56451612903226,28.3,0.3,31,0,0
C329B,La Gomera,2025,9,"LA GOMERA, AEROPUERTO",30,30,30,30,1,24.846666666666668,21.48,28.206666666666667,0,25,4,0
C329B,La Gomera,2025,10,"LA GOMERA, AEROPUERTO",31,31,31,31,1,22.97741935483871,20.15806451612903,25.793548387096774,0,20,0,0
C329B,La Gomera,2025,11,"LA GOMERA, AEROPUERTO",30,30,30,30,1,21.763333333333332,18.766666666666666,24.776666666666667,13.4,5,0,0
C329B,La Gomera,2025,12,"LA GOMERA, AEROPUERTO",31,31,31,31,1,18.670967741935485,15.987096774193548,21.34516129032258,24.1,0,0,0
C329Z,La Gomera,2015,1,SAN SEBASTIÁN DE LA GOMERA,31,31,30,31,0.967741935483871,18.57,16.34,20.79,0.8,0,0,0
C329Z,La Gomera,2015,2,SAN SEBASTIÁN DE LA GOMERA,28,28,28,28,1,17.646428571428572,15.753571428571428,19.539285714285715,10.4,0,0,0
C329Z,La Gomera,2015,3,SAN SEBASTIÁN DE LA GOMERA,31,30,29,28,0.9354838709677419,18.76206896551724,16.179310344827588,21.351724137931033,6.1,1,0,0
C329Z,La Gomera,2015,4,SAN SEBASTIÁN DE LA GOMERA,30,29,29,29,0.9666666666666667,19.17241379310345,16.368965517241378,21.97241379310345,0,0,0,0
C329Z,La Gomera,2015,5,SAN SEBASTIÁN DE LA GOMERA,31,31,31,31,1,21.951612903225808,18.887096774193548,25.01290322580645,0,6,0,0
C329Z,La Gomera,2015,6,SAN SEBASTIÁN DE LA GOMERA,30,29,29,29,0.9666666666666667,22.020689655172415,19.675862068965518,24.362068965517242,0,9,0,0
C329Z,La Gomera,2015,7,SAN SEBASTIÁN DE LA GOMERA,31,30,30,28,0.967741935483871,25.766666666666666,22.34,29.223333333333333,2.1,30,0,0
C329Z,La Gomera,2015,8,SAN SEBASTIÁN DE LA GOMERA,31,31,29,29,0.9354838709677419,26.06896551724138,23.551724137931036,28.575862068965517,11.2,29,3,0
C329Z,La Gomera,2015,9,SAN SEBASTIÁN DE LA GOMERA,30,28,28,27,0.9333333333333333,25.582142857142856,23.303571428571427,27.87142857142857,2.8000000000000003,28,0,0
C329Z,La Gomera,2015,10,SAN SEBASTIÁN DE LA GOMERA,31,31,29,29,0.9354838709677419,24.310344827586206,21.606896551724137,27.03103448275862,64.6,25,2,0
C329Z,La Gomera,2015,11,SAN SEBASTIÁN DE LA GOMERA,30,30,30,29,1,22.93,19.856666666666666,26.003333333333334,0.1,11,0,0
C329Z,La Gomera,2015,12,SAN SEBASTIÁN DE LA GOMERA,31,31,30,31,0.967741935483871,20.766666666666666,17.606666666666666,23.919999999999998,2.9,1,0,0
C329Z,La Gomera,2016,1,SAN SEBASTIÁN DE LA GOMERA,31,31,30,31,0.967741935483871,20.16,16.85,23.483333333333334,0.6,2,0,0
C329Z,La Gomera,2016,2,SAN SEBASTIÁN DE LA GOMERA,29,29,29,29,1,19.16551724137931,16.8,21.53103448275862,18.8,0,0,0
C329Z,La Gomera,2016,3,SAN SEBASTIÁN DE LA GOMERA,31,31,31,31,1,18.829032258064515,16.229032258064517,21.43225806451613,6.6,0,0,0
C329Z,La Gomera,2016,4,SAN SEBASTIÁN DE LA GOMERA,30,30,29,30,0.9666666666666667,19.73103448275862,17.151724137931033,22.29655172413793,5.3,0,0,0
C329Z,La Gomera,2016,5,SAN SEBASTIÁN DE LA GOMERA,31,31,30,30,0.967741935483871,20.586666666666666,18.073333333333334,23.113333333333333,0.4,0,0,0
C329Z,La Gomera,2016,6,SAN SEBASTIÁN DE LA GOMERA,30,30,30,30,1,23.23,20.58,25.866666666666667,0,25,0,0
C329Z,La Gomera,2016,7,SAN SEBASTIÁN DE LA GOMERA,31,31,30,31,0.967741935483871,25.166666666666668,21.903333333333332,28.44333333333333,0.9,29,0,0
C329Z,La Gomera,2016,8,SAN SEBASTIÁN DE LA GOMERA,31,31,31,31,1,25.81290322580645,22.54193548387097,29.064516129032256,0,31,0,0
C329Z,La Gomera,2016,9,SAN SEBASTIÁN DE LA GOMERA,30,30,30,30,1,24.653333333333332,22.34,26.97,0.5,30,0,0
C329Z,La Gomera,2016,10,SAN SEBASTIÁN DE LA GOMERA,31,31,31,31,1,23.545161290322582,20.89677419354839,26.196774193548386,6,24,0,0
C329Z,La Gomera,2016,11,SAN SEBASTIÁN DE LA GOMERA,30,30,30,30,1,21.503333333333334,18.693333333333335,24.293333333333333,4.1000000000000005,9,0,0
C329Z,La Gomera,2016,12,SAN SEBASTIÁN DE LA GOMERA,31,31,31,31,1,20.05483870967742,17.480645161290322,22.635483870967743,9,2,0,0
C329Z,La Gomera,2017,1,SAN SEBASTIÁN DE LA GOMERA,31,31,31,31,1,18.990322580645163,16.6,21.393548387096775,3.4,0,0,0
C329Z,La Gomera,2017,2,SAN SEBASTIÁN DE LA GOMERA,28,28,28,28,1,18.978571428571428,16.367857142857144,21.564285714285713,24.4,0,0,0
C329Z,La Gomera,2017,3,SAN SEBASTIÁN DE LA GOMERA,31,31,31,31,1,20.06451612903226,17.01290322580645,23.129032258064516,4.9,2,0,0
C329Z,La Gomera,2017,4,SAN SEBASTIÁN DE LA GOMERA,30,30,30,30,1,21.156666666666666,18.333333333333332,23.986666666666668,11.2,1,0,0
C329Z,La Gomera,2017,5,SAN SEBASTIÁN DE LA GOMERA,31,31,31,31,1,22.2,19.525806451612905,24.87741935483871,0,15,0,0
C329Z,La Gomera,2017,6,SAN SEBASTIÁN DE LA GOMERA,30,30,30,30,1,23.85,21.313333333333333,26.373333333333335,0,30,0,0
C329Z,La Gomera,2017,7,SAN SEBASTIÁN DE LA GOMERA,31,31,31,31,1,24.441935483870967,22.025806451612905,26.851612903225806,0,31,0,0
C329Z,La Gomera,2017,8,SAN SEBASTIÁN DE LA GOMERA,31,31,31,31,1,26.1,23.15483870967742,29.045161290322582,0,31,2,0
C329Z,La Gomera,2017,9,SAN SEBASTIÁN DE LA GOMERA,30,30,30,30,1,25.013333333333332,22.57,27.46,0,30,0,0
C329Z,La Gomera,2017,10,SAN SEBASTIÁN DE LA GOMERA,31,31,31,31,1,24.95483870967742,21.93548387096774,27.967741935483872,0,28,2,0
C329Z,La Gomera,2017,11,SAN SEBASTIÁN DE LA GOMERA,30,30,29,30,0.9666666666666667,22.53448275862069,19.889655172413793,25.175862068965518,0.6,11,0,0
C329Z,La Gomera,2017,12,SAN SEBASTIÁN DE LA GOMERA,31,31,31,31,1,19.73548387096774,17.125806451612902,22.335483870967742,16.5,0,0,0
C329Z,La Gomera,2018,1,SAN SEBASTIÁN DE LA GOMERA,31,31,31,31,1,19,16.509677419354837,21.503225806451614,9.799999999999999,0,0,0
C329Z,La Gomera,2018,2,SAN SEBASTIÁN DE LA GOMERA,28,28,28,28,1,17.735714285714284,15.225,20.228571428571428,51.1,0,0,0
C329Z,La Gomera,2018,3,SAN SEBASTIÁN DE LA GOMERA,31,31,31,31,1,19.516129032258064,16.767741935483873,22.258064516129032,3.9,0,0,0
C329Z,La Gomera,2018,4,SAN SEBASTIÁN DE LA GOMERA,30,30,30,30,1,19.533333333333335,17.07,21.986666666666668,1.6,0,0,0
C329Z,La Gomera,2018,5,SAN SEBASTIÁN DE LA GOMERA,31,31,31,31,1,20.280645161290323,18.006451612903227,22.558064516129033,0.1,0,0,0
C329Z,La Gomera,2018,6,SAN SEBASTIÁN DE LA GOMERA,30,30,30,30,1,21.916666666666668,19.423333333333332,24.413333333333334,0,6,0,0
C329Z,La Gomera,2018,7,SAN SEBASTIÁN DE LA GOMERA,31,31,31,31,1,23.825806451612902,21.335483870967742,26.316129032258065,0,31,0,0
C329Z,La Gomera,2018,8,SAN SEBASTIÁN DE LA GOMERA,31,31,31,31,1,25.03548387096774,22.258064516129032,27.809677419354838,0,31,0,0
C329Z,La Gomera,2018,9,SAN SEBASTIÁN DE LA GOMERA,30,30,29,30,0.9666666666666667,25.182758620689654,22.52413793103448,27.824137931034482,0,29,0,0
C329Z,La Gomera,2018,10,SAN SEBASTIÁN DE LA GOMERA,31,31,31,8,1,23.26451612903226,20.593548387096774,25.925806451612903,0,20,0,0
C329Z,La Gomera,2018,11,SAN SEBASTIÁN DE LA GOMERA,30,30,30,9,1,20.823333333333334,17.996666666666666,23.66,28.6,5,0,0
C329Z,La Gomera,2018,12,SAN SEBASTIÁN DE LA GOMERA,31,31,31,21,1,20.738709677419354,17.325806451612902,24.13225806451613,0,1,0,0
C329Z,La Gomera,2019,1,SAN SEBASTIÁN DE LA GOMERA,31,31,31,31,1,18.435483870967744,15.561290322580644,21.322580645161292,2.4,0,0,0
C329Z,La Gomera,2019,2,SAN SEBASTIÁN DE LA GOMERA,28,28,28,28,1,19.50357142857143,16.285714285714285,22.714285714285715,12,1,0,0
C329Z,La Gomera,2019,3,SAN SEBASTIÁN DE LA GOMERA,31,31,31,31,1,19.206451612903226,16.51290322580645,21.906451612903226,22.8,0,0,0
C329Z,La Gomera,2019,4,SAN SEBASTIÁN DE LA GOMERA,30,30,30,20,1,19.43,16.91,21.953333333333333,9,0,0,0
C329Z,La Gomera,2019,5,SAN SEBASTIÁN DE LA GOMERA,31,31,30,31,0.967741935483871,21.14666666666667,18.746666666666666,23.51,0,0,0,0
C329Z,La Gomera,2019,6,SAN SEBASTIÁN DE LA GOMERA,30,30,30,30,1,22.726666666666667,20.01,25.44,0,16,0,0
C329Z,La Gomera,2019,7,SAN SEBASTIÁN DE LA GOMERA,31,31,30,31,0.967741935483871,23.93,21.69,26.16,0,30,0,0
C329Z,La Gomera,2019,8,SAN SEBASTIÁN DE LA GOMERA,31,31,31,31,1,25.538709677419355,22.51290322580645,28.56451612903226,0,31,0,0
C329Z,La Gomera,2019,9,SAN SEBASTIÁN DE LA GOMERA,30,30,30,30,1,24.62,22.233333333333334,27.013333333333332,5.4,30,0,0
C329Z,La Gomera,2019,10,SAN SEBASTIÁN DE LA GOMERA,31,31,31,31,1,23.741935483870968,21.016129032258064,26.461290322580645,5.5,26,0,0
C329Z,La Gomera,2019,11,SAN SEBASTIÁN DE LA GOMERA,30,30,30,30,1,22.35,19.953333333333333,24.756666666666668,0.30000000000000004,16,0,0
C329Z,La Gomera,2019,12,SAN SEBASTIÁN DE LA GOMERA,31,31,31,31,1,20.303225806451614,17.274193548387096,23.348387096774193,11.3,1,0,0
C329Z,La Gomera,2020,1,SAN SEBASTIÁN DE LA GOMERA,31,31,31,31,1,18.89677419354839,15.793548387096774,22.016129032258064,0.4,0,0,0
C329Z,La Gomera,2020,2,SAN SEBASTIÁN DE LA GOMERA,29,29,29,29,1,21.072413793103447,18.072413793103447,24.075862068965517,0,3,0,0
C329Z,La Gomera,2020,3,SAN SEBASTIÁN DE LA GOMERA,31,31,31,31,1,19.641935483870967,16.925806451612903,22.361290322580643,12.7,1,0,0
C329Z,La Gomera,2020,4,SAN SEBASTIÁN DE LA GOMERA,30,30,30,30,1,20.753333333333334,17.876666666666665,23.62,11.100000000000001,1,0,0
C329Z,La Gomera,2020,5,SAN SEBASTIÁN DE LA GOMERA,31,31,31,31,1,21.95806451612903,19.151612903225807,24.770967741935483,0,7,0,0
C329Z,La Gomera,2020,6,SAN SEBASTIÁN DE LA GOMERA,30,30,30,30,1,23.506666666666668,21.19333333333333,25.80666666666667,4.6,28,0,0
C329Z,La Gomera,2020,7,SAN SEBASTIÁN DE LA GOMERA,31,31,31,31,1,25,22.080645161290324,27.929032258064517,0,31,0,0
C329Z,La Gomera,2020,8,SAN SEBASTIÁN DE LA GOMERA,31,31,31,31,1,26.248387096774195,23.083870967741937,29.40967741935484,0,31,3,0
C329Z,La Gomera,2020,9,SAN SEBASTIÁN DE LA GOMERA,30,30,30,30,1,25.643333333333334,22.823333333333334,28.46,0,30,1,0
C329Z,La Gomera,2020,10,SAN SEBASTIÁN DE LA GOMERA,31,31,31,31,1,24.058064516129033,21.53548387096774,26.580645161290324,24.3,28,0,0
C329Z,La Gomera,2020,11,SAN SEBASTIÁN DE LA GOMERA,30,30,30,30,1,22.36,19.37,25.36,28,13,0,0
C329Z,La Gomera,2020,12,SAN SEBASTIÁN DE LA GOMERA,31,31,30,31,0.967741935483871,20.053333333333335,17.66,22.446666666666665,47.2,0,0,0
C329Z,La Gomera,2021,1,SAN SEBASTIÁN DE LA GOMERA,31,31,31,31,1,18.970967741935485,16.025806451612905,21.94516129032258,49,0,0,0
C329Z,La Gomera,2021,2,SAN SEBASTIÁN DE LA GOMERA,28,28,28,28,1,18.732142857142858,15.7,21.775,32.1,0,0,0
C329Z,La Gomera,2021,3,SAN SEBASTIÁN DE LA GOMERA,31,31,31,31,1,19.748387096774195,17.206451612903226,22.274193548387096,1.4,0,0,0
C329Z,La Gomera,2021,4,SAN SEBASTIÁN DE LA GOMERA,30,30,29,30,0.9666666666666667,20.73448275862069,18.182758620689654,23.3,15.2,0,0,0
C329Z,La Gomera,2021,5,SAN SEBASTIÁN DE LA GOMERA,31,31,30,31,0.967741935483871,21.896666666666665,19.54,24.25,0,8,0,0
C329Z,La Gomera,2021,6,SAN SEBASTIÁN DE LA GOMERA,30,30,30,30,1,23.14,20.483333333333334,25.793333333333333,0,22,0,0
C329Z,La Gomera,2021,7,SAN SEBASTIÁN DE LA GOMERA,31,31,31,31,1,24.3,21.741935483870968,26.861290322580647,0,31,0,0
C329Z,La Gomera,2021,8,SAN SEBASTIÁN DE LA GOMERA,31,31,31,31,1,25.8,22.796774193548387,28.809677419354838,0,31,2,0
C329Z,La Gomera,2021,9,SAN SEBASTIÁN DE LA GOMERA,30,30,30,30,1,25.706666666666667,23.19,28.206666666666667,0,30,0,0
C329Z,La Gomera,2021,10,SAN SEBASTIÁN DE LA GOMERA,31,31,31,31,1,24.18064516129032,21.564516129032256,26.783870967741937,0.1,28,0,0
C329Z,La Gomera,2021,11,SAN SEBASTIÁN DE LA GOMERA,30,30,30,30,1,21.51,19.11,23.93,4.8,10,0,0
C329Z,La Gomera,2021,12,SAN SEBASTIÁN DE LA GOMERA,31,31,31,31,1,20,17.241935483870968,22.748387096774195,14.7,0,0,0
C329Z,La Gomera,2022,1,SAN SEBASTIÁN DE LA GOMERA,31,31,31,31,1,19.383870967741935,16.74516129032258,22.01290322580645,24.299999999999997,0,0,0
C329Z,La Gomera,2022,2,SAN SEBASTIÁN DE LA GOMERA,28,28,28,28,1,19.957142857142856,16.99642857142857,22.910714285714285,11.1,0,0,0
C329Z,La Gomera,2022,3,SAN SEBASTIÁN DE LA GOMERA,31,31,31,31,1,19.1,16.74516129032258,21.46451612903226,15.1,0,0,0
C329Z,La Gomera,2022,4,SAN SEBASTIÁN DE LA GOMERA,30,30,30,30,1,20.08,17.44,22.703333333333333,11.4,1,0,0
C329Z,La Gomera,2022,5,SAN SEBASTIÁN DE LA GOMERA,31,31,31,31,1,21.84193548387097,19.274193548387096,24.393548387096775,1.6,9,0,0
C329Z,La Gomera,2022,6,SAN SEBASTIÁN DE LA GOMERA,30,30,30,30,1,23.076666666666668,20.71,25.426666666666666,0,27,0,0
C329Z,La Gomera,2022,7,SAN SEBASTIÁN DE LA GOMERA,31,31,31,31,1,25.651612903225807,22.177419354838708,29.141935483870967,0,30,0,0
C329Z,La Gomera,2022,8,SAN SEBASTIÁN DE LA GOMERA,31,31,31,31,1,25.767741935483873,22.929032258064517,28.61935483870968,5.3,31,1,0
C329Z,La Gomera,2022,9,SAN SEBASTIÁN DE LA GOMERA,30,30,30,30,1,25.453333333333333,23.223333333333333,27.686666666666667,52.599999999999994,30,0,0
C329Z,La Gomera,2022,10,SAN SEBASTIÁN DE LA GOMERA,31,31,31,31,1,23.974193548387095,21.258064516129032,26.693548387096776,0,22,0,0
C329Z,La Gomera,2022,11,SAN SEBASTIÁN DE LA GOMERA,30,30,30,30,1,22.906666666666666,19.956666666666667,25.86,0,17,0,0
C329Z,La Gomera,2022,12,SAN SEBASTIÁN DE LA GOMERA,31,31,31,31,1,21.18064516129032,18.129032258064516,24.225806451612904,43.1,4,0,0
C329Z,La Gomera,2023,1,SAN SEBASTIÁN DE LA GOMERA,31,31,31,31,1,19.88064516129032,17.20967741935484,22.583870967741934,0.2,0,0,0
C329Z,La Gomera,2023,2,SAN SEBASTIÁN DE LA GOMERA,28,28,27,28,0.9642857142857143,18.374074074074073,15.471428571428572,21.38888888888889,34.800000000000004,0,0,0
C329Z,La Gomera,2023,3,SAN SEBASTIÁN DE LA GOMERA,31,31,31,31,1,21.47741935483871,18.232258064516127,24.716129032258063,0.7,4,0,0
C329Z,La Gomera,2023,4,SAN SEBASTIÁN DE LA GOMERA,30,30,30,30,1,21.676666666666666,18.62,24.716666666666665,2.4,4,0,0
C329Z,La Gomera,2023,5,SAN SEBASTIÁN DE LA GOMERA,31,31,31,31,1,22.10967741935484,19.52258064516129,24.712903225806453,0,9,0,0
C329Z,La Gomera,2023,6,SAN SEBASTIÁN DE LA GOMERA,30,30,30,30,1,24.383333333333333,21.73,27.053333333333335,11.1,27,0,0
C329Z,La Gomera,2023,7,SAN SEBASTIÁN DE LA GOMERA,31,31,29,31,0.9354838709677419,25.93448275862069,23.503333333333334,28.382758620689653,0,30,2,0
C329Z,La Gomera,2023,8,SAN SEBASTIÁN DE LA GOMERA,31,31,31,31,1,28.006451612903227,24.55483870967742,31.454838709677418,1.1,31,13,0
C329Z,La Gomera,2023,9,SAN SEBASTIÁN DE LA GOMERA,30,30,30,30,1,25.863333333333333,23.423333333333332,28.286666666666665,1.3,30,0,0
C329Z,La Gomera,2023,10,SAN SEBASTIÁN DE LA GOMERA,31,31,31,31,1,27.009677419354837,23.693548387096772,30.34516129032258,1,31,11,0
C329Z,La Gomera,2023,11,SAN SEBASTIÁN DE LA GOMERA,30,30,30,30,1,23.863333333333333,21.036666666666665,26.7,17.700000000000003,22,0,0
C329Z,La Gomera,2023,12,SAN SEBASTIÁN DE LA GOMERA,31,31,0,31,0,,,,0.6000000000000001,0,0,0
C329Z,La Gomera,2024,1,SAN SEBASTIÁN DE LA GOMERA,31,31,0,31,0,,,,0.6,0,0,0
C329Z,La Gomera,2024,2,SAN SEBASTIÁN DE LA GOMERA,29,29,0,29,0,,,,0.1,0,0,0
C329Z,La Gomera,2024,3,SAN SEBASTIÁN DE LA GOMERA,31,31,0,31,0,,,,28.2,0,0,0
C329Z,La Gomera,2024,4,SAN SEBASTIÁN DE LA GOMERA,30,30,20,30,0.6666666666666666,22.775,19.830000000000002,25.72,0,9,0,0
C329Z,La Gomera,2024,5,SAN SEBASTIÁN DE LA GOMERA,31,31,31,31,1,22.135483870967743,19.835483870967742,24.435483870967744,0.3,14,0,0
C329Z,La Gomera,2024,6,SAN SEBASTIÁN DE LA GOMERA,30,30,30,30,1,22.99,20.766666666666666,25.236666666666668,0,30,0,0
C329Z,La Gomera,2024,7,SAN SEBASTIÁN DE LA GOMERA,31,31,31,31,1,25.00967741935484,22.15806451612903,27.861290322580643,0.1,31,0,0
C329Z,La Gomera,2024,8,SAN SEBASTIÁN DE LA GOMERA,31,31,31,31,1,26,23.448387096774194,28.529032258064515,0.2,31,1,0
C329Z,La Gomera,2024,9,SAN SEBASTIÁN DE LA GOMERA,30,30,30,30,1,24.55,22.46,26.663333333333334,0,30,0,0
C329Z,La Gomera,2024,10,SAN SEBASTIÁN DE LA GOMERA,31,31,31,31,1,23.938709677419354,21.63225806451613,26.258064516129032,1.4,27,0,0
C329Z,La Gomera,2024,11,SAN SEBASTIÁN DE LA GOMERA,30,30,30,30,1,23.203333333333333,20.046666666666667,26.336666666666666,12.4,13,0,0
C329Z,La Gomera,2024,12,SAN SEBASTIÁN DE LA GOMERA,31,31,31,31,1,21.25483870967742,18.616129032258065,23.919354838709676,7.4,9,0,0
C329Z,La Gomera,2025,1,SAN SEBASTIÁN DE LA GOMERA,31,31,31,31,1,19.696774193548386,17.02258064516129,22.387096774193548,4.4,0,0,0
C329Z,La Gomera,2025,2,SAN SEBASTIÁN DE LA GOMERA,28,28,28,28,1,19.396428571428572,16.917857142857144,21.892857142857142,9,0,0,0
C329Z,La Gomera,2025,3,SAN SEBASTIÁN DE LA GOMERA,31,31,31,31,1,19.270967741935483,16.429032258064517,22.10322580645161,30.8,0,0,0
C329Z,La Gomera,2025,4,SAN SEBASTIÁN DE LA GOMERA,30,30,30,30,1,19.85333333333333,17.533333333333335,22.18,49.5,0,0,0
C329Z,La Gomera,2025,5,SAN SEBASTIÁN DE LA GOMERA,31,31,31,31,1,21.53548387096774,19.003225806451614,24.064516129032256,1.9000000000000001,6,0,0
C329Z,La Gomera,2025,6,SAN SEBASTIÁN DE LA GOMERA,30,30,30,30,1,23.386666666666667,21.093333333333334,25.69,0,29,0,0
C329Z,La Gomera,2025,7,SAN SEBASTIÁN DE LA GOMERA,31,31,31,31,1,25.006451612903227,22.39677419354839,27.61935483870968,0.2,31,1,0
C329Z,La Gomera,2025,8,SAN SEBASTIÁN DE LA GOMERA,31,31,31,31,1,26.16774193548387,23.49032258064516,28.835483870967742,0,31,1,0
C329Z,La Gomera,2025,9,SAN SEBASTIÁN DE LA GOMERA,30,30,30,30,1,25.77,23.156666666666666,28.373333333333335,0,30,3,0
C329Z,La Gomera,2025,10,SAN SEBASTIÁN DE LA GOMERA,31,31,31,31,1,24.229032258064517,22.006451612903227,26.441935483870967,0.1,30,0,0
C329Z,La Gomera,2025,11,SAN SEBASTIÁN DE LA GOMERA,30,30,30,30,1,22.6,20.113333333333333,25.063333333333333,6.8,16,0,0
C329Z,La Gomera,2025,12,SAN SEBASTIÁN DE LA GOMERA,31,31,31,31,1,19.59032258064516,17.161290322580644,22.025806451612905,30.8,0,0,0
C419X,Tenerife,2015,1,ADEJE,31,31,31,30,1,17.748387096774195,13.974193548387097,21.50967741935484,0,0,0,0
C419X,Tenerife,2015,2,ADEJE,28,28,28,27,1,17.382142857142856,13.896428571428572,20.867857142857144,4.6,0,0,0
C419X,Tenerife,2015,3,ADEJE,31,31,31,31,1,18.096774193548388,13.751612903225807,22.43548387096774,4.4,0,0,0
C419X,Tenerife,2015,4,ADEJE,30,30,29,30,0.9666666666666667,18.682758620689654,14.558620689655172,22.78965517241379,0,0,0,0
C419X,Tenerife,2015,5,ADEJE,31,31,31,31,1,21.190322580645162,16.961290322580645,25.44516129032258,0,0,0,0
C419X,Tenerife,2015,6,ADEJE,30,30,30,29,1,21.62,17.846666666666668,25.403333333333332,0,0,0,0
C419X,Tenerife,2015,7,ADEJE,31,31,25,31,0.8064516129032258,24.448,20.092,28.78,0,12,0,0
C419X,Tenerife,2015,8,ADEJE,31,31,31,31,1,25.23225806451613,21.461290322580645,29.003225806451614,23,27,0,0
C419X,Tenerife,2015,9,ADEJE,30,30,30,30,1,24.87,21.076666666666668,28.663333333333334,4.2,27,0,0
C419X,Tenerife,2015,10,ADEJE,31,31,31,31,1,23.948387096774194,20.387096774193548,27.506451612903227,83,19,1,0
C419X,Tenerife,2015,11,ADEJE,30,30,30,30,1,22.023333333333333,17.863333333333333,26.18,0.2,2,1,0
C419X,Tenerife,2015,12,ADEJE,31,31,31,31,1,20.925806451612903,16.73548387096774,25.12258064516129,9.2,3,0,0
C419X,Tenerife,2016,1,ADEJE,31,31,31,31,1,19.529032258064515,14.916129032258064,24.14516129032258,0,0,0,0
C419X,Tenerife,2016,2,ADEJE,29,29,29,29,1,18.73103448275862,14.641379310344828,22.80344827586207,5.4,0,0,0
C419X,Tenerife,2016,3,ADEJE,31,31,31,31,1,18.44516129032258,14.235483870967743,22.661290322580644,0.8,0,0,0
C419X,Tenerife,2016,4,ADEJE,30,30,30,30,1,19.386666666666667,15.656666666666666,23.12,3.4,0,0,0
C419X,Tenerife,2016,5,ADEJE,31,31,31,31,1,20.31290322580645,16.70967741935484,23.90967741935484,2.6,0,0,0
C419X,Tenerife,2016,6,ADEJE,30,30,30,30,1,22.246666666666666,18.36,26.143333333333334,0,3,0,0
C419X,Tenerife,2016,7,ADEJE,31,31,31,31,1,24.032258064516128,20.009677419354837,28.06451612903226,0,16,0,0
C419X,Tenerife,2016,8,ADEJE,31,31,31,31,1,24.8,20.451612903225808,29.183870967741935,0,22,0,0
C419X,Tenerife,2016,9,ADEJE,30,30,30,30,1,23.77,19.793333333333333,27.753333333333334,0,14,0,0
C419X,Tenerife,2016,10,ADEJE,31,31,31,31,1,22.887096774193548,18.89677419354839,26.87741935483871,21.2,4,0,0
C419X,Tenerife,2016,11,ADEJE,30,30,30,30,1,20.823333333333334,16.92,24.743333333333332,2.8,0,0,0
C419X,Tenerife,2016,12,ADEJE,31,31,31,31,1,19.848387096774193,16.33225806451613,23.39032258064516,12,0,0,0
C419X,Tenerife,2017,1,ADEJE,31,31,31,31,1,18.716129032258063,15.087096774193549,22.361290322580643,0.8,2,0,0
C419X,Tenerife,2017,2,ADEJE,28,28,27,28,0.9642857142857143,18.062962962962963,14.2,21.92962962962963,21.6,0,0,0
C419X,Tenerife,2017,3,ADEJE,31,31,30,31,0.967741935483871,19.253333333333334,14.776666666666667,23.736666666666668,0,2,0,0
C419X,Tenerife,2017,4,ADEJE,30,30,30,30,1,20.596666666666668,16.186666666666667,25.026666666666667,2.2,0,0,0
C419X,Tenerife,2017,5,ADEJE,31,31,31,31,1,21.606451612903225,17.719354838709677,25.47741935483871,0,0,0,0
C419X,Tenerife,2017,6,ADEJE,30,30,30,30,1,23.173333333333332,19.39,26.946666666666665,0,12,0,0
C419X,Tenerife,2017,7,ADEJE,31,31,31,31,1,23.883870967741935,19.93225806451613,27.825806451612902,0,19,0,0
C419X,Tenerife,2017,8,ADEJE,31,31,31,31,1,25.06774193548387,20.916129032258066,29.203225806451613,0,24,0,0
C419X,Tenerife,2017,9,ADEJE,30,30,30,30,1,24.176666666666666,20.286666666666665,28.08,0.2,17,0,0
C419X,Tenerife,2017,10,ADEJE,31,31,31,31,1,24.293548387096774,19.85483870967742,28.72258064516129,0,10,0,0
C419X,Tenerife,2017,11,ADEJE,30,30,30,30,1,22.41,18.533333333333335,26.273333333333333,1.4,4,0,0
C419X,Tenerife,2017,12,ADEJE,31,31,31,31,1,18.83225806451613,14.85483870967742,22.822580645161292,0.6000000000000001,0,0,0
C419X,Tenerife,2018,1,ADEJE,31,31,31,31,1,18.025806451612905,13.664516129032258,22.393548387096775,0.2,0,0,0
C419X,Tenerife,2018,2,ADEJE,28,28,28,28,1,17.057142857142857,13.307142857142857,20.821428571428573,17.4,0,0,0
C419X,Tenerife,2018,3,ADEJE,31,31,31,31,1,19.241935483870968,15.358064516129032,23.14516129032258,4.199999999999999,0,0,0
C419X,Tenerife,2018,4,ADEJE,30,30,30,30,1,19.32,15.606666666666667,23.05,0,0,0,0
C419X,Tenerife,2018,5,ADEJE,31,31,31,31,1,19.583870967741934,16.080645161290324,23.09032258064516,0,0,0,0
C419X,Tenerife,2018,6,ADEJE,30,30,30,30,1,21.496666666666666,18.043333333333333,24.936666666666667,0,1,0,0
C419X,Tenerife,2018,7,ADEJE,31,31,31,31,1,23,18.96451612903226,27.02258064516129,0,4,0,0
C419X,Tenerife,2018,8,ADEJE,31,31,31,31,1,24.27741935483871,20.441935483870967,28.10967741935484,0,23,0,0
C419X,Tenerife,2018,9,ADEJE,30,30,30,30,1,24.42,20.326666666666668,28.516666666666666,0,20,0,0
C419X,Tenerife,2018,10,ADEJE,31,31,31,31,1,22.72258064516129,19.009677419354837,26.45806451612903,9.2,9,0,0
C419X,Tenerife,2018,11,ADEJE,30,30,30,30,1,20.346666666666668,16.75,23.953333333333333,18.2,0,0,0
C419X,Tenerife,2018,12,ADEJE,31,31,31,31,1,20.170967741935485,15.570967741935483,24.770967741935483,0,3,0,0
C419X,Tenerife,2019,1,ADEJE,31,31,31,31,1,17.835483870967742,13.783870967741935,21.89677419354839,0,0,0,0
C419X,Tenerife,2019,2,ADEJE,28,28,28,28,1,19.17142857142857,14.185714285714285,24.164285714285715,0,0,0,0
C419X,Tenerife,2019,3,ADEJE,31,31,31,31,1,18.39032258064516,14.129032258064516,22.638709677419357,19.2,0,0,0
C419X,Tenerife,2019,4,ADEJE,30,30,30,30,1,19.06,15.183333333333334,22.9,22.6,0,0,0
C419X,Tenerife,2019,5,ADEJE,31,31,31,31,1,20.84193548387097,16.951612903225808,24.70967741935484,0,0,0,0
C419X,Tenerife,2019,6,ADEJE,30,30,30,30,1,21.996666666666666,18.55,25.45,0,3,0,0
C419X,Tenerife,2019,7,ADEJE,31,31,31,31,1,23.454838709677418,19.796774193548387,27.106451612903225,0,14,0,0
C419X,Tenerife,2019,8,ADEJE,31,31,31,31,1,24.60967741935484,20.361290322580647,28.851612903225806,0,22,0,0
C419X,Tenerife,2019,9,ADEJE,30,30,30,30,1,23.8,19.776666666666667,27.823333333333334,8,9,0,0
C419X,Tenerife,2019,10,ADEJE,31,31,31,31,1,22.990322580645163,18.941935483870967,27.038709677419355,19.4,8,0,0
C419X,Tenerife,2019,11,ADEJE,30,30,30,30,1,21.123333333333335,17.266666666666666,24.98,1.6,1,0,0
C419X,Tenerife,2019,12,ADEJE,31,31,31,31,1,19.71290322580645,15.338709677419356,24.093548387096774,0,0,0,0
C419X,Tenerife,2020,1,ADEJE,31,31,30,31,0.967741935483871,18.14,13.943333333333333,22.35333333333333,0,0,0,0
C419X,Tenerife,2020,2,ADEJE,29,29,28,29,0.9655172413793104,20.875,16.307142857142857,25.432142857142857,0,4,1,0
C419X,Tenerife,2020,3,ADEJE,31,31,31,31,1,19.038709677419355,14.838709677419354,23.232258064516127,2.4,0,0,0
C419X,Tenerife,2020,4,ADEJE,30,30,30,30,1,19.926666666666666,16.276666666666667,23.59,10.6,0,0,0
C419X,Tenerife,2020,5,ADEJE,31,31,31,31,1,21.448387096774194,17.4,25.496774193548386,0,0,0,0
C419X,Tenerife,2020,6,ADEJE,30,30,30,29,1,23.35333333333333,19.586666666666666,27.123333333333335,4.8,9,0,0
C419X,Tenerife,2020,7,ADEJE,31,31,29,31,0.9354838709677419,24.124137931034483,20,28.25862068965517,0,15,0,0
C419X,Tenerife,2020,8,ADEJE,31,31,31,31,1,24.96451612903226,20.76451612903226,29.141935483870967,0,24,0,0
C419X,Tenerife,2020,9,ADEJE,30,30,30,30,1,24.883333333333333,21.07,28.706666666666667,1.4,24,0,0
C419X,Tenerife,2020,10,ADEJE,31,31,31,31,1,23.361290322580647,19.670967741935485,27.051612903225806,9.6,17,0,0
C419X,Tenerife,2020,11,ADEJE,30,30,30,30,1,21.973333333333333,17.773333333333333,26.153333333333332,11.6,2,0,0
C419X,Tenerife,2020,12,ADEJE,31,31,31,31,1,19.383870967741935,16.170967741935485,22.596774193548388,45.2,0,0,0
C419X,Tenerife,2021,1,ADEJE,31,31,31,31,1,18.129032258064516,14.396774193548387,21.85483870967742,23,0,0,0
C419X,Tenerife,2021,2,ADEJE,28,28,28,28,1,18.325,14.210714285714285,22.439285714285713,2.8,0,0,0
C419X,Tenerife,2021,3,ADEJE,31,31,31,31,1,18.835483870967742,14.629032258064516,23.07741935483871,0.2,0,0,0
C419X,Tenerife,2021,4,ADEJE,30,30,30,30,1,20.323333333333334,16.386666666666667,24.246666666666666,0,0,0,0
C419X,Tenerife,2021,5,ADEJE,31,31,31,31,1,21.151612903225807,17.23548387096774,25.061290322580646,0,1,0,0
C419X,Tenerife,2021,6,ADEJE,30,30,30,30,1,22.066666666666666,18.37,25.766666666666666,0,1,0,0
C419X,Tenerife,2021,7,ADEJE,31,31,31,31,1,23.470967741935485,19.46451612903226,27.467741935483872,0,9,0,0
C419X,Tenerife,2021,8,ADEJE,31,31,31,31,1,24.39677419354839,20.467741935483872,28.325806451612902,0.2,19,0,0
C419X,Tenerife,2021,9,ADEJE,30,30,30,30,1,24.53,20.60333333333333,28.423333333333332,0,23,0,0
C419X,Tenerife,2021,10,ADEJE,31,31,31,31,1,23.016129032258064,18.983870967741936,27.070967741935483,0,4,0,0
C419X,Tenerife,2021,11,ADEJE,30,30,30,30,1,20.58,16.816666666666666,24.346666666666668,8.6,0,0,0
C419X,Tenerife,2021,12,ADEJE,31,31,31,31,1,19.3,15.283870967741935,23.31935483870968,11.6,0,0,0
C419X,Tenerife,2022,1,ADEJE,31,31,31,31,1,18.974193548387095,15.13225806451613,22.825806451612902,12,0,0,0
C419X,Tenerife,2022,2,ADEJE,28,28,28,28,1,19.464285714285715,15.135714285714286,23.803571428571427,9.600000000000001,1,0,0
C419X,Tenerife,2022,3,ADEJE,31,31,31,31,1,18.454838709677418,14.751612903225807,22.151612903225807,14,0,0,0
C419X,Tenerife,2022,4,ADEJE,30,30,30,30,1,19.453333333333333,15.64,23.273333333333333,25.6,0,0,0
C419X,Tenerife,2022,5,ADEJE,31,31,31,31,1,21.380645161290325,17.270967741935483,25.490322580645163,1.6,0,0,0
C419X,Tenerife,2022,6,ADEJE,30,30,30,30,1,22.7,19.01,26.39,0,4,0,0
C419X,Tenerife,2022,7,ADEJE,31,31,31,31,1,24.31290322580645,19.919354838709676,28.712903225806453,0,13,0,0
C419X,Tenerife,2022,8,ADEJE,31,31,31,31,1,24.65483870967742,20.77741935483871,28.532258064516128,7,28,0,0
C419X,Tenerife,2022,9,ADEJE,30,30,30,30,1,24.39,20.906666666666666,27.863333333333333,92.2,27,0,0
C419X,Tenerife,2022,10,ADEJE,31,31,31,31,1,23.316129032258065,19.038709677419355,27.59032258064516,0,6,0,0
C419X,Tenerife,2022,11,ADEJE,30,30,30,30,1,22.14666666666667,17.77,26.52,0,0,0,0
C419X,Tenerife,2022,12,ADEJE,31,31,31,31,1,20.83225806451613,17.019354838709678,24.635483870967743,112.4,2,0,0
C419X,Tenerife,2023,1,ADEJE,31,31,31,31,1,18.841935483870966,14.561290322580644,23.10967741935484,0,0,0,0
C419X,Tenerife,2023,2,ADEJE,28,28,28,28,1,17.853571428571428,13.532142857142857,22.2,26.8,0,0,0
C419X,Tenerife,2023,3,ADEJE,31,31,31,31,1,20.92258064516129,15.709677419354838,26.13225806451613,0.2,0,0,0
C419X,Tenerife,2023,4,ADEJE,30,30,30,30,1,20.923333333333332,16.186666666666667,25.66,0,0,0,0
C419X,Tenerife,2023,5,ADEJE,31,31,31,31,1,21.858064516129033,17.648387096774194,26.06774193548387,0.6,0,0,0
C419X,Tenerife,2023,6,ADEJE,30,30,30,30,1,23.61,19.503333333333334,27.706666666666667,8.6,13,0,0
C419X,Tenerife,2023,7,ADEJE,31,31,31,31,1,25.383870967741935,21.59032258064516,29.164516129032258,0,29,0,0
C419X,Tenerife,2023,8,ADEJE,31,31,31,31,1,26.496774193548386,21.906451612903226,31.083870967741937,1.8,30,0,0
C419X,Tenerife,2023,9,ADEJE,30,30,30,30,1,24.96333333333333,21.02,28.916666666666668,1.4,24,0,0
C419X,Tenerife,2023,10,ADEJE,31,31,31,31,1,26.38064516129032,21.183870967741935,31.6,0,21,1,0
C419X,Tenerife,2023,11,ADEJE,30,30,30,30,1,23.016666666666666,18.633333333333333,27.383333333333333,34,3,0,0
C419X,Tenerife,2023,12,ADEJE,31,31,31,31,1,20.351612903225806,15.95483870967742,24.767741935483873,53.6,0,0,0
C419X,Tenerife,2024,1,ADEJE,31,31,31,31,1,20.706451612903226,16.03548387096774,25.35483870967742,0.2,2,0,0
C419X,Tenerife,2024,2,ADEJE,29,29,29,29,1,20.448275862068964,15.596551724137932,25.310344827586206,0,0,0,0
C419X,Tenerife,2024,3,ADEJE,31,31,31,31,1,19.696774193548386,15.341935483870968,24.038709677419355,5.2,0,0,0
C419X,Tenerife,2024,4,ADEJE,30,30,30,30,1,21.733333333333334,16.886666666666667,26.583333333333332,0,0,0,0
C419X,Tenerife,2024,5,ADEJE,31,31,31,31,1,21.56774193548387,17.53548387096774,25.57741935483871,0.4,0,0,0
C419X,Tenerife,2024,6,ADEJE,30,30,30,30,1,22.743333333333332,19.196666666666665,26.276666666666667,0,4,0,0
C419X,Tenerife,2024,7,ADEJE,31,31,31,31,1,24.10967741935484,19.948387096774194,28.258064516129032,0,16,0,0
C419X,Tenerife,2024,8,ADEJE,31,31,31,31,1,25.190322580645162,20.929032258064517,29.45806451612903,0,30,0,0
C419X,Tenerife,2024,9,ADEJE,30,30,30,30,1,23.993333333333332,20.14,27.84,0.4,14,0,0
C419X,Tenerife,2024,10,ADEJE,31,31,31,31,1,23.3,19.35483870967742,27.241935483870968,0,7,0,0
C419X,Tenerife,2024,11,ADEJE,30,30,30,30,1,23.2,18.526666666666667,27.876666666666665,2.4,3,1,0
C419X,Tenerife,2024,12,ADEJE,31,31,31,31,1,20.719354838709677,16.674193548387098,24.761290322580646,9,2,1,0
C419X,Tenerife,2025,1,ADEJE,31,31,31,31,1,18.974193548387095,14.925806451612903,23.019354838709678,9,0,0,0
C419X,Tenerife,2025,2,ADEJE,28,28,28,28,1,18.771428571428572,14.4,23.135714285714286,0.2,0,0,0
C419X,Tenerife,2025,3,ADEJE,31,31,30,31,0.967741935483871,18.836666666666666,14.996666666666666,22.62258064516129,11.6,0,0,0
C419X,Tenerife,2025,4,ADEJE,30,29,29,29,0.9666666666666667,19.879310344827587,16.103448275862068,23.66551724137931,38.4,0,0,0
C419X,Tenerife,2025,5,ADEJE,31,31,31,31,1,21.04193548387097,17.283870967741937,24.81290322580645,0,0,0,0
C419X,Tenerife,2025,6,ADEJE,30,30,30,30,1,22.8,18.916666666666668,26.676666666666666,0,3,0,0
C419X,Tenerife,2025,7,ADEJE,31,31,30,31,0.967741935483871,24.253333333333334,20.483870967741936,28.106666666666666,0,22,0,0
C419X,Tenerife,2025,8,ADEJE,31,31,31,31,1,25.406451612903226,21.174193548387098,29.638709677419357,0,31,0,0
C419X,Tenerife,2025,9,ADEJE,30,30,30,30,1,25.15,21.16,29.14,0,24,1,0
C419X,Tenerife,2025,10,ADEJE,31,31,31,31,1,23.474193548387095,19.661290322580644,27.31290322580645,12,12,0,0
C419X,Tenerife,2025,11,ADEJE,30,30,30,30,1,21.84,17.8,25.89666666666667,17.6,2,0,0
C419X,Tenerife,2025,12,ADEJE,31,31,31,31,1,19.029032258064515,14.906451612903226,23.16774193548387,4,0,0,0
C430E,Tenerife,2015,1,IZAÑA,31,31,31,31,1,2.674193548387097,-0.6258064516129033,5.970967741935484,16.6,0,0,0
C430E,Tenerife,2015,2,IZAÑA,28,28,28,28,1,4.178571428571429,0.7285714285714285,7.632142857142857,14.1,0,0,0
C430E,Tenerife,2015,3,IZAÑA,31,31,31,31,1,5.254838709677419,2.1451612903225805,8.35483870967742,55.4,0,0,0
C430E,Tenerife,2015,4,IZAÑA,30,30,30,30,1,9.443333333333333,5.243333333333333,13.629999999999999,0,0,0,0
C430E,Tenerife,2015,5,IZAÑA,31,31,31,31,1,12.993548387096775,8.87741935483871,17.106451612903225,0,0,0,0
C430E,Tenerife,2015,6,IZAÑA,30,30,30,30,1,13.436666666666667,9.026666666666667,17.85333333333333,0,0,0,0
C430E,Tenerife,2015,7,IZAÑA,31,31,31,31,1,17.883870967741935,13.509677419354839,22.24516129032258,0,0,0,0
C430E,Tenerife,2015,8,IZAÑA,31,31,31,31,1,15.951612903225806,11.861290322580645,20.045161290322582,87.3,0,0,0
C430E,Tenerife,2015,9,IZAÑA,30,30,30,30,1,13.203333333333333,9.37,17.05,3.2,0,0,0
C430E,Tenerife,2015,10,IZAÑA,31,31,31,31,1,10.364516129032259,6.916129032258064,13.829032258064517,108.89999999999999,0,0,0
C430E,Tenerife,2015,11,IZAÑA,30,30,30,30,1,8.116666666666667,4.56,11.676666666666666,0.2,0,0,0
C430E,Tenerife,2015,12,IZAÑA,31,31,31,31,1,7.109677419354838,3.696774193548387,10.529032258064516,5.4,0,0,0
C430E,Tenerife,2016,1,IZAÑA,31,31,31,31,1,8.241935483870968,4.580645161290323,11.90967741935484,3.8,0,0,0
C430E,Tenerife,2016,2,IZAÑA,29,29,29,29,1,5.658620689655172,2.320689655172414,8.993103448275862,135,0,0,0
C430E,Tenerife,2016,3,IZAÑA,31,31,31,31,1,5.82258064516129,2,9.654838709677419,56.5,0,0,0
C430E,Tenerife,2016,4,IZAÑA,30,30,30,30,1,8.563333333333333,4.233333333333333,12.896666666666667,0.2,0,0,0
C430E,Tenerife,2016,5,IZAÑA,31,31,31,31,1,9.364516129032259,5.080645161290323,13.67741935483871,14.8,0,0,0
C430E,Tenerife,2016,6,IZAÑA,30,30,30,30,1,14.506666666666666,10.03,18.983333333333334,0,0,0,0
C430E,Tenerife,2016,7,IZAÑA,31,31,31,31,1,18.903225806451612,14.264516129032257,23.55483870967742,0,0,0,0
C430E,Tenerife,2016,8,IZAÑA,31,31,31,31,1,18.751612903225805,14.332258064516129,23.18064516129032,0,0,0,0
C430E,Tenerife,2016,9,IZAÑA,30,30,30,30,1,15.533333333333333,11.25,19.816666666666666,0,0,0,0
C430E,Tenerife,2016,10,IZAÑA,31,31,31,31,1,10.429032258064517,6.67741935483871,14.196774193548388,9.7,0,0,0
C430E,Tenerife,2016,11,IZAÑA,30,30,30,30,1,6.233333333333333,2.93,9.53,25.3,0,0,0
C430E,Tenerife,2016,12,IZAÑA,31,31,31,31,1,5.1322580645161295,2.0387096774193547,8.23225806451613,38.6,0,0,0
C430E,Tenerife,2017,1,IZAÑA,31,31,31,31,1,5.151612903225806,1.6516129032258065,8.638709677419355,10.6,0,0,0
C430E,Tenerife,2017,2,IZAÑA,28,28,28,28,1,4.75,1.1607142857142856,8.353571428571428,32.5,0,0,0
C430E,Tenerife,2017,3,IZAÑA,31,31,31,31,1,6.909677419354839,3.054838709677419,10.780645161290323,20.400000000000002,0,0,0
C430E,Tenerife,2017,4,IZAÑA,30,30,30,30,1,10.086666666666666,5.956666666666667,14.213333333333333,1.8,0,0,0
C430E,Tenerife,2017,5,IZAÑA,31,31,31,31,1,12.696774193548388,8.07741935483871,17.293548387096774,1.6,0,0,0
C430E,Tenerife,2017,6,IZAÑA,30,30,30,30,1,17.136666666666667,12.7,21.58,0,0,0,0
C430E,Tenerife,2017,7,IZAÑA,31,31,31,31,1,18.848387096774193,14.412903225806451,23.251612903225805,0,0,0,0
C430E,Tenerife,2017,8,IZAÑA,31,31,31,31,1,19.951612903225808,15.651612903225807,24.248387096774195,0,1,0,0
C430E,Tenerife,2017,9,IZAÑA,30,30,30,30,1,15.61,11.35,19.849999999999998,1.4,0,0,0
C430E,Tenerife,2017,10,IZAÑA,31,31,31,31,1,13.14516129032258,9.425806451612903,16.864516129032257,0,0,0,0
C430E,Tenerife,2017,11,IZAÑA,30,30,30,30,1,8.95,5.666666666666667,12.223333333333333,17.599999999999998,0,0,0
C430E,Tenerife,2017,12,IZAÑA,31,31,31,31,1,5.658064516129032,2.3741935483870966,8.925806451612903,56.8,0,0,0
C430E,Tenerife,2018,1,IZAÑA,31,31,31,31,1,3.903225806451613,0.6580645161290323,7.161290322580645,117.7,0,0,0
C430E,Tenerife,2018,2,IZAÑA,28,28,28,28,1,0.5178571428571429,-1.957142857142857,2.9964285714285714,79.5,0,0,0
C430E,Tenerife,2018,3,IZAÑA,31,31,31,31,1,7.564516129032258,3.3774193548387097,11.75483870967742,0.6000000000000001,0,0,0
C430E,Tenerife,2018,4,IZAÑA,30,30,30,30,1,6,1.7833333333333334,10.2,38.9,0,0,0
C430E,Tenerife,2018,5,IZAÑA,31,31,31,31,1,8.216129032258065,3.7096774193548385,12.709677419354838,0.2,0,0,0
C430E,Tenerife,2018,6,IZAÑA,30,30,30,30,1,12.61,8.28,16.943333333333335,0.2,0,0,0
C430E,Tenerife,2018,7,IZAÑA,31,31,31,31,1,19.14516129032258,14.741935483870968,23.558064516129033,0,0,0,0
C430E,Tenerife,2018,8,IZAÑA,31,31,31,31,1,17.309677419354838,12.95483870967742,21.664516129032258,9.399999999999999,0,0,0
C430E,Tenerife,2018,9,IZAÑA,30,30,30,30,1,14.556666666666667,10.706666666666667,18.416666666666668,3.8000000000000003,0,0,0
C430E,Tenerife,2018,10,IZAÑA,31,31,31,31,1,9.903225806451612,6.125806451612903,13.680645161290322,65,0,0,0
C430E,Tenerife,2018,11,IZAÑA,30,30,30,30,1,6.423333333333333,2.87,9.973333333333333,44.2,0,0,0
C430E,Tenerife,2018,12,IZAÑA,31,31,31,31,1,8.009677419354839,4.461290322580645,11.551612903225806,0,0,0,0
C430E,Tenerife,2019,1,IZAÑA,31,31,31,31,1,5.203225806451613,1.5741935483870968,8.845161290322581,26.2,0,0,0
C430E,Tenerife,2019,2,IZAÑA,28,28,28,28,1,6.2214285714285715,2.4714285714285715,9.960714285714285,31.099999999999998,0,0,0
C430E,Tenerife,2019,3,IZAÑA,31,31,31,31,1,6.32258064516129,2.3870967741935485,10.274193548387096,28,0,0,0
C430E,Tenerife,2019,4,IZAÑA,30,30,30,30,1,6.786666666666667,2.5033333333333334,11.073333333333334,11.600000000000001,0,0,0
C430E,Tenerife,2019,5,IZAÑA,31,31,31,31,1,13.37741935483871,9.070967741935483,17.677419354838708,0,0,0,0
C430E,Tenerife,2019,6,IZAÑA,30,30,30,30,1,13.66,9.323333333333334,17.976666666666667,0,0,0,0
C430E,Tenerife,2019,7,IZAÑA,31,31,31,31,1,16.474193548387095,11.709677419354838,21.241935483870968,0,0,0,0
C430E,Tenerife,2019,8,IZAÑA,31,31,31,31,1,18.383870967741935,14.048387096774194,22.725806451612904,0.2,0,0,0
C430E,Tenerife,2019,9,IZAÑA,30,30,30,30,1,16.176666666666666,11.863333333333333,20.466666666666665,5.4,0,0,0
C430E,Tenerife,2019,10,IZAÑA,31,31,31,31,1,12.893548387096773,9.061290322580644,16.7,51.300000000000004,0,0,0
C430E,Tenerife,2019,11,IZAÑA,30,30,30,30,1,7.73,4.253333333333333,11.193333333333333,4.3,0,0,0
C430E,Tenerife,2019,12,IZAÑA,31,31,31,31,1,6.809677419354839,3.367741935483871,10.251612903225807,107,0,0,0
C430E,Tenerife,2020,1,IZAÑA,31,31,31,31,1,5.109677419354838,1.4548387096774194,8.770967741935484,3,0,0,0
C430E,Tenerife,2020,2,IZAÑA,29,29,29,29,1,7.727586206896552,4.044827586206897,11.410344827586208,0.4,0,0,0
C430E,Tenerife,2020,3,IZAÑA,31,31,31,31,1,5.980645161290322,2.393548387096774,9.535483870967742,61,0,0,0
C430E,Tenerife,2020,4,IZAÑA,30,30,30,30,1,6.723333333333334,2.6766666666666667,10.78,14.6,0,0,0
C430E,Tenerife,2020,5,IZAÑA,31,31,31,31,1,12.325806451612904,7.890322580645162,16.751612903225805,0.2,0,0,0
C430E,Tenerife,2020,6,IZAÑA,30,30,30,30,1,14.05,9.913333333333334,18.196666666666665,10.2,0,0,0
C430E,Tenerife,2020,7,IZAÑA,31,31,31,31,1,20.467741935483872,15.832258064516129,25.1,0,0,0,0
C430E,Tenerife,2020,8,IZAÑA,31,31,31,31,1,18.75483870967742,14.519354838709678,22.983870967741936,0,0,0,0
C430E,Tenerife,2020,9,IZAÑA,30,30,30,30,1,16.623333333333335,12.326666666666666,20.933333333333334,7,0,0,0
C430E,Tenerife,2020,10,IZAÑA,31,31,31,31,1,12.067741935483872,8.474193548387097,15.654838709677419,25.4,0,0,0
C430E,Tenerife,2020,11,IZAÑA,30,30,30,30,1,8.129999999999999,4.826666666666667,11.453333333333333,82.3,0,0,0
C430E,Tenerife,2020,12,IZAÑA,31,31,31,31,1,4.558064516129032,1.3387096774193548,7.780645161290322,13.6,0,0,0
C430E,Tenerife,2021,1,IZAÑA,31,31,31,31,1,5.383870967741935,2.3322580645161293,8.441935483870967,97.2,0,0,0
C430E,Tenerife,2021,2,IZAÑA,28,28,28,28,1,5.132142857142857,1.4642857142857142,8.792857142857143,41.4,0,0,0
C430E,Tenerife,2021,3,IZAÑA,31,31,31,31,1,6.329032258064516,2.332258064516129,10.341935483870968,3.3000000000000003,0,0,0
C430E,Tenerife,2021,4,IZAÑA,30,30,30,30,1,8.07,3.7966666666666664,12.36,16.5,0,0,0
C430E,Tenerife,2021,5,IZAÑA,31,31,31,31,1,11.27741935483871,6.82258064516129,15.712903225806452,0,0,0,0
C430E,Tenerife,2021,6,IZAÑA,30,30,30,30,1,14.283333333333333,9.796666666666667,18.77,1.2000000000000002,0,0,0
C430E,Tenerife,2021,7,IZAÑA,31,31,31,31,1,19.725806451612904,15.235483870967743,24.216129032258063,0,0,0,0
C430E,Tenerife,2021,8,IZAÑA,31,31,31,31,1,17.161290322580644,12.864516129032259,21.474193548387095,0,0,0,0
C430E,Tenerife,2021,9,IZAÑA,30,30,30,30,1,15.713333333333333,11.406666666666666,20.016666666666666,0.4,0,0,0
C430E,Tenerife,2021,10,IZAÑA,31,31,31,31,1,13.874193548387098,9.787096774193548,17.948387096774194,0.3,0,0,0
C430E,Tenerife,2021,11,IZAÑA,30,30,30,30,1,7.066666666666666,3.4366666666666665,10.706666666666667,42.2,0,0,0
C430E,Tenerife,2021,12,IZAÑA,31,31,31,31,1,6.564516129032258,3.2451612903225806,9.896774193548387,5.6,0,0,0
C430E,Tenerife,2022,1,IZAÑA,31,31,31,31,1,3.57741935483871,0.4612903225806451,6.703225806451613,96.4,0,0,0
C430E,Tenerife,2022,2,IZAÑA,28,28,28,28,1,4.396428571428571,1.1821428571428572,7.607142857142857,87.8,0,0,0
C430E,Tenerife,2022,3,IZAÑA,31,31,31,31,1,5.235483870967742,1.0580645161290323,9.412903225806451,21.400000000000002,0,0,0
C430E,Tenerife,2022,4,IZAÑA,30,30,30,30,1,8.346666666666666,3.97,12.72,11.6,0,0,0
C430E,Tenerife,2022,5,IZAÑA,31,31,31,31,1,13.3,8.683870967741935,17.92258064516129,0,0,0,0
C430E,Tenerife,2022,6,IZAÑA,30,30,30,30,1,15.193333333333333,10.706666666666667,19.666666666666668,0,0,0,0
C430E,Tenerife,2022,7,IZAÑA,31,31,31,31,1,19.674193548387095,15.37741935483871,23.98709677419355,0,0,0,0
C430E,Tenerife,2022,8,IZAÑA,31,31,31,31,1,18.97741935483871,14.712903225806452,23.241935483870968,10.8,0,0,0
C430E,Tenerife,2022,9,IZAÑA,30,30,30,30,1,13.516666666666666,9.926666666666668,17.113333333333333,125.2,0,0,0
C430E,Tenerife,2022,10,IZAÑA,31,31,31,31,1,12.338709677419354,8.451612903225806,16.21290322580645,0.8,0,0,0
C430E,Tenerife,2022,11,IZAÑA,30,30,30,30,1,10.663333333333334,7.223333333333334,14.126666666666667,0,0,0,0
C430E,Tenerife,2022,12,IZAÑA,31,31,31,31,1,7.183870967741935,4.090322580645162,10.274193548387096,33,0,0,0
C430E,Tenerife,2023,1,IZAÑA,31,31,31,31,1,3.0193548387096776,-0.09677419354838711,6.116129032258065,8.4,0,0,0
C430E,Tenerife,2023,2,IZAÑA,28,28,28,28,1,1.1928571428571428,-1.9749999999999999,4.325,31.8,0,0,0
C430E,Tenerife,2023,3,IZAÑA,31,31,31,31,1,11.064516129032258,6.941935483870967,15.19032258064516,0,0,0,0
C430E,Tenerife,2023,4,IZAÑA,30,30,30,30,1,10.083333333333334,5.8133333333333335,14.346666666666668,1,0,0,0
C430E,Tenerife,2023,5,IZAÑA,31,31,31,31,1,9.225806451612904,4.7935483870967746,13.67741935483871,1.6,0,0,0
C430E,Tenerife,2023,6,IZAÑA,30,30,30,30,1,14.566666666666666,10.41,18.7,7,0,0,0
C430E,Tenerife,2023,7,IZAÑA,31,31,31,31,1,19.606451612903225,15.296774193548387,23.906451612903226,0,3,0,0
C430E,Tenerife,2023,8,IZAÑA,31,31,31,31,1,19.616129032258065,15.303225806451612,23.929032258064517,11.4,0,0,0
C430E,Tenerife,2023,9,IZAÑA,30,30,30,30,1,13.88,9.71,18.033333333333335,1.1,0,0,0
C430E,Tenerife,2023,10,IZAÑA,31,31,31,31,1,13.780645161290323,10.319354838709677,17.232258064516127,25.2,0,0,0
C430E,Tenerife,2023,11,IZAÑA,30,30,30,30,1,10.363333333333333,6.883333333333333,13.86,25.9,0,0,0
C430E,Tenerife,2023,12,IZAÑA,31,31,31,31,1,8.235483870967741,4.67741935483871,11.790322580645162,4,0,0,0
C430E,Tenerife,2024,1,IZAÑA,31,31,31,31,1,8.564516129032258,4.9,12.229032258064516,0.1,0,0,0
C430E,Tenerife,2024,2,IZAÑA,29,29,29,29,1,9.296551724137931,5.196551724137931,13.410344827586206,5,0,0,0
C430E,Tenerife,2024,3,IZAÑA,31,31,31,31,1,5.893548387096774,1.9967741935483871,9.803225806451612,52.2,0,0,0
C430E,Tenerife,2024,4,IZAÑA,30,30,30,30,1,10.343333333333334,5.916666666666667,14.76,7.8,0,0,0
C430E,Tenerife,2024,5,IZAÑA,31,31,31,31,1,12.05483870967742,7.745161290322581,16.351612903225806,0,0,0,0
C430E,Tenerife,2024,6,IZAÑA,30,30,30,30,1,14.446666666666667,9.856666666666667,19.036666666666665,0,0,0,0
C430E,Tenerife,2024,7,IZAÑA,31,31,31,31,1,20.5,15.929032258064517,25.074193548387097,0,3,0,0
C430E,Tenerife,2024,8,IZAÑA,31,31,31,31,1,20.52258064516129,16.01290322580645,25.03548387096774,0.2,1,0,0
C430E,Tenerife,2024,9,IZAÑA,30,30,30,30,1,15.606666666666667,11.166666666666666,20.04,0,0,0,0
C430E,Tenerife,2024,10,IZAÑA,31,31,31,31,1,12.26774193548387,8.374193548387098,16.161290322580644,11.9,0,0,0
C430E,Tenerife,2024,11,IZAÑA,30,30,30,30,1,9.686666666666667,6.3966666666666665,12.97,3.4000000000000004,0,0,0
C430E,Tenerife,2024,12,IZAÑA,31,31,31,31,1,5.883870967741935,2.57741935483871,9.17741935483871,69.4,0,0,0
C430E,Tenerife,2025,1,IZAÑA,31,31,31,31,1,7.890322580645162,4.267741935483871,11.506451612903225,9.8,0,0,0
C430E,Tenerife,2025,2,IZAÑA,28,28,28,28,1,6.796428571428572,2.6892857142857145,10.903571428571428,10.1,0,0,0
C430E,Tenerife,2025,3,IZAÑA,31,31,31,31,1,4.270967741935484,0.5096774193548387,8.03225806451613,24.2,0,0,0
C430E,Tenerife,2025,4,IZAÑA,30,30,30,30,1,7.933333333333334,3.75,12.076666666666666,24.4,0,0,0
C430E,Tenerife,2025,5,IZAÑA,31,31,31,31,1,10.316129032258065,5.996774193548387,14.651612903225807,7.8,0,0,0
C430E,Tenerife,2025,6,IZAÑA,30,30,30,30,1,16.206666666666667,11.586666666666666,20.833333333333332,0,0,0,0
C430E,Tenerife,2025,7,IZAÑA,31,31,31,31,1,19.064516129032256,14.429032258064517,23.716129032258063,0,0,0,0
C430E,Tenerife,2025,8,IZAÑA,31,31,31,31,1,19.677419354838708,15.203225806451613,24.164516129032258,0.4,0,0,0
C430E,Tenerife,2025,9,IZAÑA,30,30,30,30,1,15.093333333333334,10.863333333333333,19.33,5.8,0,0,0
C430E,Tenerife,2025,10,IZAÑA,31,31,31,31,1,13.345161290322581,9.593548387096774,17.080645161290324,0.2,0,0,0
C430E,Tenerife,2025,11,IZAÑA,30,30,30,30,1,8.566666666666666,5.016666666666667,12.12,47.7,0,0,0
C430E,Tenerife,2025,12,IZAÑA,31,31,31,31,1,4.648387096774194,1.5451612903225806,7.754838709677419,108.9,0,0,0
C449Q,Tenerife,2015,1,CITFAGRO_97_TAGANANA,31,31,31,31,1,14.761290322580646,13.651612903225807,15.861290322580645,33.6,0,0,0
C449Q,Tenerife,2015,2,CITFAGRO_97_TAGANANA,28,28,28,28,1,13.835714285714285,12.571428571428571,15.092857142857143,27.6,0,0,0
C449Q,Tenerife,2015,3,CITFAGRO_97_TAGANANA,31,31,31,31,1,14.658064516129032,12.848387096774193,16.467741935483872,51.8,0,0,0
C449Q,Tenerife,2015,4,CITFAGRO_97_TAGANANA,30,30,30,30,1,15.796666666666667,13.956666666666667,17.64,10.3,0,0,0
C449Q,Tenerife,2015,5,CITFAGRO_97_TAGANANA,31,31,31,31,1,18.03548387096774,15.841935483870968,20.23225806451613,2.6,0,0,0
C449Q,Tenerife,2015,6,CITFAGRO_97_TAGANANA,30,30,30,30,1,18.656666666666666,16.766666666666666,20.54,3,0,0,0
C449Q,Tenerife,2015,7,CITFAGRO_97_TAGANANA,31,31,31,31,1,20.983870967741936,18.996774193548386,22.974193548387095,2.4,2,0,0
C449Q,Tenerife,2015,8,CITFAGRO_97_TAGANANA,31,31,31,31,1,22.103225806451615,19.95806451612903,24.23548387096774,109.9,15,0,0
C449Q,Tenerife,2015,9,CITFAGRO_97_TAGANANA,30,30,30,29,1,22.173333333333332,20.233333333333334,24.116666666666667,43.5,19,0,0
C449Q,Tenerife,2015,10,CITFAGRO_97_TAGANANA,31,31,31,26,1,21.24516129032258,19.116129032258065,23.38064516129032,270.3,8,0,0
C449Q,Tenerife,2015,11,CITFAGRO_97_TAGANANA,30,30,30,30,1,19.363333333333333,17.61,21.093333333333334,3.5,2,0,0
C449Q,Tenerife,2015,12,CITFAGRO_97_TAGANANA,31,30,30,29,0.967741935483871,19.03,16.963333333333335,21.080000000000002,38.8,1,0,0
C449Q,Tenerife,2016,1,CITFAGRO_97_TAGANANA,31,31,31,31,1,17.43548387096774,15.64516129032258,19.219354838709677,29.4,1,0,0
C449Q,Tenerife,2016,2,CITFAGRO_97_TAGANANA,29,28,27,26,0.9310344827586207,15.466666666666667,14.092592592592592,16.814814814814817,66.6,0,0,0
C449Q,Tenerife,2016,3,CITFAGRO_97_TAGANANA,31,27,26,27,0.8387096774193549,15.284615384615385,13.446153846153846,17.126923076923077,27.7,0,0,0
C449Q,Tenerife,2016,4,CITFAGRO_97_TAGANANA,30,28,28,27,0.9333333333333333,16.15,14.514285714285714,17.789285714285715,18.8,0,0,0
C449Q,Tenerife,2016,5,CITFAGRO_97_TAGANANA,31,31,31,31,1,16.912903225806453,15.287096774193548,18.548387096774192,33.2,0,0,0
C449Q,Tenerife,2016,6,CITFAGRO_97_TAGANANA,30,30,30,30,1,19.11,17.326666666666668,20.9,2.7,0,0,0
C449Q,Tenerife,2016,7,CITFAGRO_97_TAGANANA,31,31,31,31,1,19.774193548387096,17.912903225806453,21.625806451612902,6.7,0,0,0
C449Q,Tenerife,2016,8,CITFAGRO_97_TAGANANA,31,24,24,23,0.7741935483870968,22.025,19.633333333333333,24.395833333333336,0.3,7,0,0
C449Q,Tenerife,2016,9,CITFAGRO_97_TAGANANA,30,30,30,30,1,20.93,19.4,22.463333333333335,2,2,0,0
C449Q,Tenerife,2016,10,CITFAGRO_97_TAGANANA,31,24,24,23,0.7741935483870968,20.275,18.483333333333334,22.066666666666666,55,1,0,0
C449Q,Tenerife,2016,11,CITFAGRO_97_TAGANANA,30,30,30,30,1,17.96,16.52,19.39666666666667,84.8,0,0,0
C449Q,Tenerife,2016,12,CITFAGRO_97_TAGANANA,31,31,31,31,1,17.190322580645162,15.716129032258065,18.664516129032258,66.6,0,0,0
C449Q,Tenerife,2017,1,CITFAGRO_97_TAGANANA,31,31,31,31,1,16.025806451612905,14.516129032258064,17.548387096774192,23.6,0,0,0
C449Q,Tenerife,2017,2,CITFAGRO_97_TAGANANA,28,28,28,28,1,15.20357142857143,13.707142857142857,16.692857142857143,69.6,0,0,0
C449Q,Tenerife,2017,3,CITFAGRO_97_TAGANANA,31,30,30,30,0.967741935483871,16.093333333333334,14.013333333333334,18.17,22.8,1,0,0
C449Q,Tenerife,2017,4,CITFAGRO_97_TAGANANA,30,30,30,30,1,18.446666666666665,15.93,20.98,15.2,0,0,0
C449Q,Tenerife,2017,5,CITFAGRO_97_TAGANANA,31,31,30,30,0.967741935483871,18.72,16.81,20.64,21,0,0,0
C449Q,Tenerife,2017,6,CITFAGRO_97_TAGANANA,30,30,30,30,1,20.016666666666666,18.053333333333335,21.983333333333334,0.9,0,0,0
C449Q,Tenerife,2017,7,CITFAGRO_97_TAGANANA,31,30,29,29,0.9354838709677419,20.63448275862069,18.644827586206898,22.637931034482758,10.299999999999999,1,0,0
C449Q,Tenerife,2017,8,CITFAGRO_97_TAGANANA,31,28,28,27,0.9032258064516129,21.603571428571428,19.65357142857143,23.55,4.5,9,0,0
C449Q,Tenerife,2017,9,CITFAGRO_97_TAGANANA,30,29,28,28,0.9333333333333333,21.189285714285713,19.442857142857143,22.932142857142857,2.8000000000000003,8,0,0
C449Q,Tenerife,2017,10,CITFAGRO_97_TAGANANA,31,28,27,27,0.8709677419354839,21.451851851851853,19.511111111111113,23.377777777777776,12.600000000000001,5,1,0
C449Q,Tenerife,2017,11,CITFAGRO_97_TAGANANA,30,30,29,29,0.9666666666666667,19.93793103448276,18.06206896551724,21.83448275862069,7.5,2,0,0
C449Q,Tenerife,2017,12,CITFAGRO_97_TAGANANA,31,31,31,31,1,16.45806451612903,15.129032258064516,17.806451612903228,36,0,0,0
C449Q,Tenerife,2018,1,CITFAGRO_97_TAGANANA,31,31,31,31,1,15.116129032258064,13.593548387096774,16.641935483870967,96.2,0,0,0
C449Q,Tenerife,2018,2,CITFAGRO_97_TAGANANA,28,28,28,28,1,14.289285714285715,12.65,15.917857142857143,136.5,0,0,0
C449Q,Tenerife,2018,3,CITFAGRO_97_TAGANANA,31,31,31,31,1,16.31290322580645,14.380645161290323,18.251612903225805,31.2,0,0,0
C449Q,Tenerife,2018,4,CITFAGRO_97_TAGANANA,30,30,30,30,1,15.676666666666666,14.133333333333333,17.24,33.3,0,0,0
C449Q,Tenerife,2018,5,CITFAGRO_97_TAGANANA,31,31,30,30,0.967741935483871,16.393333333333334,14.72,18.05666666666667,15.5,0,0,0
C449Q,Tenerife,2018,6,CITFAGRO_97_TAGANANA,30,30,29,29,0.9666666666666667,18.30344827586207,16.40344827586207,20.19655172413793,9,0,0,0
C449Q,Tenerife,2018,7,CITFAGRO_97_TAGANANA,31,30,30,30,0.967741935483871,19.803333333333335,18.193333333333335,21.423333333333332,0.2,0,0,0
C449Q,Tenerife,2018,8,CITFAGRO_97_TAGANANA,31,31,31,31,1,20.89677419354839,19.2,22.60967741935484,3.8,1,0,0
C449Q,Tenerife,2018,9,CITFAGRO_97_TAGANANA,30,29,29,29,0.9666666666666667,21.23793103448276,19.489655172413794,23,1.4,4,0,0
C449Q,Tenerife,2018,10,CITFAGRO_97_TAGANANA,31,31,31,31,1,20.04193548387097,18.22258064516129,21.864516129032257,87.1,2,0,0
C449Q,Tenerife,2018,11,CITFAGRO_97_TAGANANA,30,30,30,30,1,17.34,15.71,18.993333333333332,121.8,0,0,0
C449Q,Tenerife,2018,12,CITFAGRO_97_TAGANANA,31,31,31,19,1,17.883870967741935,16.016129032258064,19.761290322580646,0,0,0,0
C449Q,Tenerife,2019,1,CITFAGRO_97_TAGANANA,31,31,31,27,1,15.30967741935484,13.651612903225807,16.970967741935485,25.2,0,0,0
C449Q,Tenerife,2019,2,CITFAGRO_97_TAGANANA,28,28,23,13,0.8214285714285714,17.56086956521739,14.92608695652174,20.18695652173913,20.8,2,0,0
C449Q,Tenerife,2019,3,CITFAGRO_97_TAGANANA,31,31,31,31,1,15.603225806451613,13.983870967741936,17.219354838709677,29.6,0,0,0
C449Q,Tenerife,2019,4,CITFAGRO_97_TAGANANA,30,30,30,30,1,15.983333333333333,14.206666666666667,17.766666666666666,79.4,0,0,0
C449Q,Tenerife,2019,5,CITFAGRO_97_TAGANANA,31,31,31,31,1,17.60322580645161,15.80967741935484,19.403225806451612,2,0,0,0
C449Q,Tenerife,2019,6,CITFAGRO_97_TAGANANA,30,30,30,30,1,19.27,17.306666666666665,21.23,11.1,0,0,0
C449Q,Tenerife,2019,7,CITFAGRO_97_TAGANANA,31,31,31,31,1,19.996774193548386,18.329032258064515,21.66774193548387,7.9,0,0,0
C449Q,Tenerife,2019,8,CITFAGRO_97_TAGANANA,31,31,31,31,1,21.10967741935484,19.29032258064516,22.90967741935484,3.6,3,0,0
C449Q,Tenerife,2019,9,CITFAGRO_97_TAGANANA,30,30,30,30,1,20.94,19.26,22.61,6,0,0,0
C449Q,Tenerife,2019,10,CITFAGRO_97_TAGANANA,31,31,31,31,1,20.50967741935484,18.629032258064516,22.39677419354839,45.5,4,0,0
C449Q,Tenerife,2019,11,CITFAGRO_97_TAGANANA,30,30,30,30,1,18.293333333333333,16.826666666666668,19.740000000000002,25.4,0,0,0
C449Q,Tenerife,2019,12,CITFAGRO_97_TAGANANA,31,31,31,31,1,17.516129032258064,15.874193548387098,19.16774193548387,44.5,1,0,0
C449Q,Tenerife,2020,1,CITFAGRO_97_TAGANANA,31,31,31,31,1,16.361290322580643,14.525806451612903,18.18709677419355,10.6,0,0,0
C449Q,Tenerife,2020,2,CITFAGRO_97_TAGANANA,29,29,29,28,1,18.217241379310344,15.806896551724138,20.637931034482758,3.2,1,0,0
C449Q,Tenerife,2020,3,CITFAGRO_97_TAGANANA,31,31,31,31,1,15.709677419354838,13.903225806451612,17.525806451612905,53.7,0,0,0
C449Q,Tenerife,2020,4,CITFAGRO_97_TAGANANA,30,30,30,30,1,17.286666666666665,15.39,19.183333333333334,22.9,0,0,0
C449Q,Tenerife,2020,5,CITFAGRO_97_TAGANANA,31,31,31,31,1,18.26451612903226,16.219354838709677,20.33225806451613,4,0,0,0
C449Q,Tenerife,2020,6,CITFAGRO_97_TAGANANA,30,30,30,30,1,20.346666666666668,18.32,22.373333333333335,15.5,0,0,0
C449Q,Tenerife,2020,7,CITFAGRO_97_TAGANANA,31,31,31,31,1,20.664516129032258,18.861290322580647,22.448387096774194,0,1,0,0
C449Q,Tenerife,2020,8,CITFAGRO_97_TAGANANA,31,29,29,29,0.9354838709677419,21.641379310344828,19.59655172413793,23.67241379310345,1.2,5,0,0
C449Q,Tenerife,2020,9,CITFAGRO_97_TAGANANA,30,30,30,30,1,21.943333333333335,19.856666666666666,24.02,1.1,15,0,0
C449Q,Tenerife,2020,10,CITFAGRO_97_TAGANANA,31,31,31,31,1,20.648387096774194,18.729032258064517,22.57741935483871,27,2,0,0
C449Q,Tenerife,2020,11,CITFAGRO_97_TAGANANA,30,30,30,30,1,19.733333333333334,17.566666666666666,21.873333333333335,91.1,2,0,0
C449Q,Tenerife,2020,12,CITFAGRO_97_TAGANANA,31,30,29,30,0.9354838709677419,16.79655172413793,15.403448275862068,18.186206896551724,55.1,0,0,0
C449Q,Tenerife,2021,1,CITFAGRO_97_TAGANANA,31,31,31,31,1,15.974193548387097,14.180645161290323,17.77741935483871,46.5,0,0,0
C449Q,Tenerife,2021,2,CITFAGRO_97_TAGANANA,28,28,28,28,1,15.5,13.714285714285714,17.3,58.800000000000004,0,0,0
C449Q,Tenerife,2021,3,CITFAGRO_97_TAGANANA,31,31,31,31,1,15.951612903225806,14.309677419354838,17.612903225806452,17.1,0,0,0
C449Q,Tenerife,2021,4,CITFAGRO_97_TAGANANA,30,28,26,27,0.8666666666666667,17.28846153846154,15.446153846153846,19.138461538461538,12.5,0,0,0
C449Q,Tenerife,2021,5,CITFAGRO_97_TAGANANA,31,31,31,31,1,17.703225806451613,16.12258064516129,19.296774193548387,4.6000000000000005,0,0,0
C449Q,Tenerife,2021,6,CITFAGRO_97_TAGANANA,30,30,30,30,1,18.873333333333335,16.983333333333334,20.76,9.5,0,0,0
C449Q,Tenerife,2021,7,CITFAGRO_97_TAGANANA,31,30,30,29,0.967741935483871,19.833333333333332,18.04,21.613333333333333,7.5,0,0,0
C449Q,Tenerife,2021,8,CITFAGRO_97_TAGANANA,31,31,31,31,1,21.37741935483871,19.419354838709676,23.329032258064515,14.7,4,0,0
C449Q,Tenerife,2021,9,CITFAGRO_97_TAGANANA,30,30,30,29,1,21.98,20.083333333333332,23.88,5.8999999999999995,18,0,0
C449Q,Tenerife,2021,10,CITFAGRO_97_TAGANANA,31,31,31,31,1,20.470967741935485,18.78709677419355,22.14516129032258,7,2,0,0
C449Q,Tenerife,2021,11,CITFAGRO_97_TAGANANA,30,30,30,30,1,18.056666666666665,16.563333333333333,19.543333333333333,56.300000000000004,0,0,0
C449Q,Tenerife,2021,12,CITFAGRO_97_TAGANANA,31,31,31,31,1,16.941935483870967,15.425806451612903,18.451612903225808,46.3,1,0,0
C449Q,Tenerife,2022,1,CITFAGRO_97_TAGANANA,31,31,31,31,1,16.967741935483872,15.358064516129032,18.56774193548387,41.9,1,0,0
C449Q,Tenerife,2022,2,CITFAGRO_97_TAGANANA,28,28,28,28,1,16.87857142857143,14.842857142857143,18.896428571428572,25.1,1,0,0
C449Q,Tenerife,2022,3,CITFAGRO_97_TAGANANA,31,31,31,31,1,15.348387096774193,13.793548387096774,16.89677419354839,30.5,0,0,0
C449Q,Tenerife,2022,4,CITFAGRO_97_TAGANANA,30,30,30,30,1,16.536666666666665,14.363333333333333,18.706666666666667,25.400000000000002,0,0,0
C449Q,Tenerife,2022,5,CITFAGRO_97_TAGANANA,31,31,31,31,1,18.467741935483872,16.454838709677418,20.48709677419355,2.7,0,0,0
C449Q,Tenerife,2022,6,CITFAGRO_97_TAGANANA,30,30,30,30,1,19.17,17.426666666666666,20.89666666666667,5.7,0,0,0
C449Q,Tenerife,2022,7,CITFAGRO_97_TAGANANA,31,31,31,31,1,20.651612903225807,18.64516129032258,22.664516129032258,7.300000000000001,3,0,0
C449Q,Tenerife,2022,8,CITFAGRO_97_TAGANANA,31,31,31,31,1,21.116129032258065,19.38064516129032,22.825806451612902,4.2,2,0,0
C449Q,Tenerife,2022,9,CITFAGRO_97_TAGANANA,30,30,30,30,1,21.363333333333333,19.80666666666667,22.9,112.4,16,0,0
C449Q,Tenerife,2022,10,CITFAGRO_97_TAGANANA,31,31,31,31,1,20.587096774193547,18.816129032258065,22.34516129032258,7.6000000000000005,2,0,0
C449Q,Tenerife,2022,11,CITFAGRO_97_TAGANANA,30,30,30,30,1,19.55,17.94,21.14666666666667,17.6,0,0,0
C449Q,Tenerife,2022,12,CITFAGRO_97_TAGANANA,31,31,31,31,1,18.758064516129032,16.81935483870968,20.703225806451613,107.89999999999999,0,0,0
C449Q,Tenerife,2023,1,CITFAGRO_97_TAGANANA,31,31,31,31,1,15.95483870967742,14.564516129032258,17.34193548387097,113.3,0,0,0
C449Q,Tenerife,2023,2,CITFAGRO_97_TAGANANA,28,28,28,28,1,15.039285714285715,13.335714285714285,16.725,80.3,0,0,0
C449Q,Tenerife,2023,3,CITFAGRO_97_TAGANANA,31,31,30,31,0.967741935483871,18.086666666666666,15.513333333333334,20.676666666666666,6,1,0,0
C449Q,Tenerife,2023,4,CITFAGRO_97_TAGANANA,30,30,30,30,1,17.57,15.723333333333333,19.436666666666667,1.2,0,0,0
C449Q,Tenerife,2023,5,CITFAGRO_97_TAGANANA,31,31,31,31,1,18.7,16.72258064516129,20.68709677419355,3.5,0,0,0
C449Q,Tenerife,2023,6,CITFAGRO_97_TAGANANA,30,30,29,30,0.9666666666666667,21.013793103448275,18.94137931034483,23.079310344827586,18.5,3,0,0
C449Q,Tenerife,2023,7,CITFAGRO_97_TAGANANA,31,31,31,31,1,21.629032258064516,19.774193548387096,23.483870967741936,1.9000000000000001,10,0,0
C449Q,Tenerife,2023,8,CITFAGRO_97_TAGANANA,31,31,31,31,1,22.78709677419355,20.78709677419355,24.79032258064516,4.4,28,0,0
C449Q,Tenerife,2023,9,CITFAGRO_97_TAGANANA,30,30,30,30,1,21.833333333333332,20.066666666666666,23.6,26.900000000000002,15,0,0
C449Q,Tenerife,2023,10,CITFAGRO_97_TAGANANA,31,31,31,31,1,24.558064516129033,21.829032258064515,27.26451612903226,25.2,18,6,0
C449Q,Tenerife,2023,11,CITFAGRO_97_TAGANANA,30,30,30,30,1,20.566666666666666,18.61,22.53,38.8,4,0,0
C449Q,Tenerife,2023,12,CITFAGRO_97_TAGANANA,31,31,31,31,1,18.18064516129032,16.40967741935484,19.951612903225808,32.800000000000004,0,0,0
C449Q,Tenerife,2024,1,CITFAGRO_97_TAGANANA,31,31,31,31,1,18.929032258064517,16.70967741935484,21.151612903225807,14.5,0,0,0
C449Q,Tenerife,2024,2,CITFAGRO_97_TAGANANA,29,29,29,29,1,18.46896551724138,16.46206896551724,20.46896551724138,10.5,0,0,0
C449Q,Tenerife,2024,3,CITFAGRO_97_TAGANANA,31,31,31,31,1,16.716129032258063,14.896774193548387,18.525806451612905,23.7,0,0,0
C449Q,Tenerife,2024,4,CITFAGRO_97_TAGANANA,30,30,30,30,1,18.876666666666665,16.383333333333333,21.356666666666666,13.5,2,0,0
C449Q,Tenerife,2024,5,CITFAGRO_97_TAGANANA,31,31,31,31,1,18.174193548387098,16.351612903225806,19.996774193548386,15.799999999999999,0,0,0
C449Q,Tenerife,2024,6,CITFAGRO_97_TAGANANA,30,30,30,30,1,19.18,17.453333333333333,20.913333333333334,7.6,0,0,0
C449Q,Tenerife,2024,7,CITFAGRO_97_TAGANANA,31,31,31,31,1,20.112903225806452,18.412903225806453,21.829032258064515,13.4,1,0,0
C449Q,Tenerife,2024,8,CITFAGRO_97_TAGANANA,31,31,31,31,1,21.46451612903226,19.938709677419354,22.97741935483871,3.2,16,0,0
C449Q,Tenerife,2024,9,CITFAGRO_97_TAGANANA,30,30,30,30,1,20.936666666666667,19.386666666666667,22.493333333333332,1.6,2,0,0
C449Q,Tenerife,2024,10,CITFAGRO_97_TAGANANA,31,31,31,25,1,20.280645161290323,18.76451612903226,21.8,30.099999999999998,1,0,0
C449Q,Tenerife,2024,11,CITFAGRO_97_TAGANANA,30,30,30,30,1,21.113333333333333,18.723333333333333,23.5,59.7,7,0,0
C449Q,Tenerife,2024,12,CITFAGRO_97_TAGANANA,31,31,31,31,1,17.903225806451612,16.232258064516127,19.561290322580646,10,1,0,0
C449Q,Tenerife,2025,1,CITFAGRO_97_TAGANANA,31,31,31,31,1,16.693548387096776,15,18.38064516129032,4.1,0,0,0
C449Q,Tenerife,2025,2,CITFAGRO_97_TAGANANA,28,28,28,28,1,15.889285714285714,14.257142857142856,17.517857142857142,13.7,0,0,0
C449Q,Tenerife,2025,3,CITFAGRO_97_TAGANANA,31,31,31,31,1,15.890322580645162,13.996774193548386,17.774193548387096,47.9,0,0,0
C449Q,Tenerife,2025,4,CITFAGRO_97_TAGANANA,30,30,30,30,1,16.6,14.78,18.416666666666668,85.1,0,0,0
C449Q,Tenerife,2025,5,CITFAGRO_97_TAGANANA,31,31,31,31,1,18.10322580645161,16.309677419354838,19.92258064516129,9.7,0,0,0
C449Q,Tenerife,2025,6,CITFAGRO_97_TAGANANA,30,30,30,30,1,19.706666666666667,17.92,21.463333333333335,0.6,0,0,0
C449Q,Tenerife,2025,7,CITFAGRO_97_TAGANANA,31,31,31,31,1,20.98709677419355,19.267741935483873,22.716129032258063,5.8,4,0,0
C449Q,Tenerife,2025,8,CITFAGRO_97_TAGANANA,31,31,31,31,1,21.95806451612903,20.190322580645162,23.716129032258063,5.4,24,0,0
C449Q,Tenerife,2025,9,CITFAGRO_97_TAGANANA,30,30,30,30,1,22.006666666666668,19.953333333333333,24.080000000000002,2.8,13,1,0
C449Q,Tenerife,2025,10,CITFAGRO_97_TAGANANA,31,31,31,30,1,20.870967741935484,19.229032258064517,22.503225806451614,11.899999999999999,3,0,0
C449Q,Tenerife,2025,11,CITFAGRO_97_TAGANANA,30,30,30,30,1,19.76,17.806666666666665,21.72,76.5,3,0,0
C449Q,Tenerife,2025,12,CITFAGRO_97_TAGANANA,31,31,31,31,1,16.261290322580646,14.829032258064515,17.696774193548386,67,0,0,0
C458A,Tenerife,2015,1,TACORONTE,31,31,31,31,1,15.087096774193549,12.306451612903226,17.851612903225806,38.1,0,0,0
C458A,Tenerife,2015,2,TACORONTE,28,28,28,28,1,14.482142857142858,12.007142857142856,16.942857142857143,59.4,0,0,0
C458A,Tenerife,2015,3,TACORONTE,31,31,31,31,1,15.125806451612902,11.654838709677419,18.583870967741934,73.6,0,0,0
C458A,Tenerife,2015,4,TACORONTE,30,30,30,30,1,15.946666666666667,12.51,19.376666666666665,4.6,0,0,0
C458A,Tenerife,2015,5,TACORONTE,31,31,31,31,1,18.309677419354838,14.883870967741936,21.729032258064517,6,0,0,0
C458A,Tenerife,2015,6,TACORONTE,30,30,30,30,1,18.936666666666667,16.08,21.81,21.6,0,0,0
C458A,Tenerife,2015,7,TACORONTE,31,31,31,31,1,21.703225806451613,18.267741935483873,25.138709677419357,2.8000000000000003,3,0,0
C458A,Tenerife,2015,8,TACORONTE,31,31,29,30,0.9354838709677419,22.73103448275862,19.396551724137932,26.048275862068966,53.199999999999996,8,0,0
C458A,Tenerife,2015,9,TACORONTE,30,30,30,30,1,22.78,19.246666666666666,26.336666666666666,2.4,10,0,0
C458A,Tenerife,2015,10,TACORONTE,31,31,30,30,0.967741935483871,21.403333333333332,18.076666666666668,24.723333333333333,164.1,4,0,0
C458A,Tenerife,2015,11,TACORONTE,30,30,30,30,1,19.573333333333334,15.8,23.33,6.8,2,0,0
C458A,Tenerife,2015,12,TACORONTE,31,31,31,31,1,19.116129032258065,14.883870967741935,23.361290322580643,4.2,0,0,0
C458A,Tenerife,2016,1,TACORONTE,31,31,31,31,1,17.961290322580645,13.716129032258065,22.177419354838708,9.4,0,0,0
C458A,Tenerife,2016,2,TACORONTE,29,29,29,29,1,15.586206896551724,12.586206896551724,18.613793103448277,132.6,0,0,0
C458A,Tenerife,2016,3,TACORONTE,31,31,31,31,1,15.790322580645162,12.425806451612903,19.161290322580644,53.2,0,0,0
C458A,Tenerife,2016,4,TACORONTE,30,30,30,30,1,16.613333333333333,13.553333333333333,19.686666666666667,57.6,0,0,0
C458A,Tenerife,2016,5,TACORONTE,31,31,31,31,1,17.49032258064516,14.548387096774194,20.42258064516129,42,0,0,0
C458A,Tenerife,2016,6,TACORONTE,30,30,30,30,1,19.833333333333332,16.34,23.316666666666666,4.4,0,0,0
C458A,Tenerife,2016,7,TACORONTE,31,31,31,31,1,20.703225806451613,17.483870967741936,23.93548387096774,0,0,0,0
C458A,Tenerife,2016,8,TACORONTE,31,31,31,31,1,22.570967741935483,18.706451612903226,26.451612903225808,0,2,0,0
C458A,Tenerife,2016,9,TACORONTE,30,30,30,30,1,21.553333333333335,18.176666666666666,24.92,0,0,0,0
C458A,Tenerife,2016,10,TACORONTE,31,31,31,31,1,20.516129032258064,17.13225806451613,23.903225806451612,21.2,1,0,0
C458A,Tenerife,2016,11,TACORONTE,30,30,29,30,0.9666666666666667,18.49655172413793,15.062068965517241,21.906896551724138,75.8,0,0,0
C458A,Tenerife,2016,12,TACORONTE,31,31,31,31,1,17.387096774193548,13.770967741935484,20.990322580645163,36.4,0,0,0
C458A,Tenerife,2017,1,TACORONTE,31,31,31,31,1,16.55483870967742,12.796774193548387,20.322580645161292,27.400000000000002,0,0,0
C458A,Tenerife,2017,2,TACORONTE,28,28,28,28,1,15.860714285714286,12.54642857142857,19.175,44,0,0,0
C458A,Tenerife,2017,3,TACORONTE,31,31,27,31,0.8709677419354839,17.248148148148147,13.225925925925926,21.255555555555556,29.4,2,0,0
C458A,Tenerife,2017,4,TACORONTE,30,30,30,30,1,18.753333333333334,14.913333333333334,22.586666666666666,8,1,0,0
C458A,Tenerife,2017,5,TACORONTE,31,31,31,31,1,19.01290322580645,15.745161290322581,22.267741935483873,18.2,0,0,0
C458A,Tenerife,2017,6,TACORONTE,30,30,30,30,1,20.633333333333333,17.483333333333334,23.786666666666665,4.8,0,0,0
C458A,Tenerife,2017,7,TACORONTE,31,31,31,31,1,21.219354838709677,17.938709677419354,24.509677419354837,10.200000000000001,0,0,0
C458A,Tenerife,2017,8,TACORONTE,31,31,31,31,1,22.47741935483871,18.887096774193548,26.051612903225806,14.8,6,0,0
C458A,Tenerife,2017,9,TACORONTE,30,30,30,30,1,21.743333333333332,18.503333333333334,24.993333333333332,14.4,1,0,0
C458A,Tenerife,2017,10,TACORONTE,31,31,29,31,0.9354838709677419,22.410344827586208,18.748275862068965,26.093103448275862,5.8,6,0,0
C458A,Tenerife,2017,11,TACORONTE,30,30,30,30,1,20.343333333333334,16.623333333333335,24.066666666666666,4.4,0,0,0
C458A,Tenerife,2017,12,TACORONTE,31,31,31,31,1,16.870967741935484,13.587096774193549,20.15806451612903,45.6,0,0,0
C458A,Tenerife,2018,1,TACORONTE,31,30,30,30,0.967741935483871,15.91,12.4,19.436666666666667,45.6,0,0,0
C458A,Tenerife,2018,2,TACORONTE,28,22,22,22,0.7857142857142857,15.090909090909092,11.577272727272728,18.618181818181817,38.8,0,0,0
C458A,Tenerife,2018,3,TACORONTE,31,31,31,31,1,16.587096774193547,13.280645161290323,19.864516129032257,23.4,0,0,0
C458A,Tenerife,2018,4,TACORONTE,30,30,30,30,1,16.226666666666667,13.403333333333332,19.016666666666666,30,0,0,0
C458A,Tenerife,2018,5,TACORONTE,31,31,31,31,1,17.21290322580645,14.403225806451612,20.04193548387097,14.6,0,0,0
C458A,Tenerife,2018,6,TACORONTE,30,30,30,30,1,18.973333333333333,15.883333333333333,22.063333333333333,15.4,0,0,0
C458A,Tenerife,2018,7,TACORONTE,31,31,31,31,1,20.725806451612904,17.696774193548386,23.74516129032258,0.2,0,0,0
C458A,Tenerife,2018,8,TACORONTE,31,31,31,31,1,21.76451612903226,18.767741935483873,24.76451612903226,4.6,0,0,0
C458A,Tenerife,2018,9,TACORONTE,30,30,30,30,1,22.10333333333333,18.65,25.55666666666667,0.8,3,0,0
C458A,Tenerife,2018,10,TACORONTE,31,31,31,31,1,20.351612903225806,16.92258064516129,23.75483870967742,106.2,0,0,0
C458A,Tenerife,2018,11,TACORONTE,30,30,30,30,1,17.586666666666666,14.423333333333334,20.740000000000002,92.6,0,0,0
C458A,Tenerife,2018,12,TACORONTE,31,31,31,31,1,18.064516129032256,13.490322580645161,22.641935483870967,0.2,0,0,0
C458A,Tenerife,2019,1,TACORONTE,31,31,31,31,1,15.8,12.245161290322581,19.34516129032258,39.4,0,0,0
C458A,Tenerife,2019,2,TACORONTE,28,28,28,28,1,17.242857142857144,12.875,21.639285714285716,35.6,0,0,0
C458A,Tenerife,2019,3,TACORONTE,31,31,31,30,1,16.138709677419353,12.703225806451613,19.580645161290324,36.4,0,0,0
C458A,Tenerife,2019,4,TACORONTE,30,30,30,30,1,16.536666666666665,13.31,19.76,34.8,0,0,0
C458A,Tenerife,2019,5,TACORONTE,31,31,31,31,1,18.419354838709676,15.251612903225807,21.587096774193547,4,0,0,0
C458A,Tenerife,2019,6,TACORONTE,30,30,30,30,1,19.676666666666666,16.36,22.98,27,0,0,0
C458A,Tenerife,2019,7,TACORONTE,31,31,31,31,1,20.96451612903226,18.029032258064515,23.903225806451612,0.8,0,0,0
C458A,Tenerife,2019,8,TACORONTE,31,31,31,31,1,22.129032258064516,18.564516129032256,25.693548387096776,0,0,0,0
C458A,Tenerife,2019,9,TACORONTE,30,30,30,4,1,21.62,18.136666666666667,25.086666666666666,0,0,0,0
C458A,Tenerife,2019,10,TACORONTE,31,31,31,15,1,21.083870967741937,17.561290322580646,24.596774193548388,31.799999999999997,4,0,0
C458A,Tenerife,2019,11,TACORONTE,30,30,30,30,1,18.773333333333333,15.856666666666667,21.696666666666665,39.8,0,0,0
C458A,Tenerife,2019,12,TACORONTE,31,26,26,26,0.8387096774193549,18.1,14.173076923076923,22.026923076923076,21.2,0,0,0
C458A,Tenerife,2020,1,TACORONTE,31,31,31,31,1,16.480645161290322,12.480645161290322,20.461290322580645,6,0,0,0
C458A,Tenerife,2020,2,TACORONTE,29,29,29,29,1,18.958620689655174,14.637931034482758,23.248275862068965,3.8000000000000003,1,0,0
C458A,Tenerife,2020,3,TACORONTE,31,31,31,31,1,16.506451612903227,12.96774193548387,20.032258064516128,52.6,0,0,0
C458A,Tenerife,2020,4,TACORONTE,30,30,30,30,1,17.759999999999998,14.29,21.246666666666666,57.4,0,0,0
C458A,Tenerife,2020,5,TACORONTE,31,31,31,31,1,18.62258064516129,15.087096774193549,22.148387096774194,1.6,0,0,0
C458A,Tenerife,2020,6,TACORONTE,30,30,30,30,1,21.043333333333333,17.766666666666666,24.330000000000002,7.3999999999999995,1,0,0
C458A,Tenerife,2020,7,TACORONTE,31,31,31,31,1,21.454838709677418,18.45806451612903,24.441935483870967,0.6000000000000001,1,0,0
C458A,Tenerife,2020,8,TACORONTE,31,31,31,31,1,22.467741935483872,18.919354838709676,26.006451612903227,11.4,2,0,0
C458A,Tenerife,2020,9,TACORONTE,30,30,30,30,1,22.663333333333334,18.843333333333334,26.48,3.1999999999999997,8,0,0
C458A,Tenerife,2020,10,TACORONTE,31,31,31,31,1,21.454838709677418,17.829032258064515,25.10322580645161,48.8,1,0,0
C458A,Tenerife,2020,11,TACORONTE,30,30,30,30,1,20.123333333333335,16.383333333333333,23.843333333333334,38.2,2,0,0
C458A,Tenerife,2020,12,TACORONTE,31,31,31,31,1,17.325806451612902,13.77741935483871,20.883870967741935,42.8,0,0,0
C458A,Tenerife,2021,1,TACORONTE,31,31,31,31,1,16.33225806451613,12.538709677419355,20.12258064516129,50.599999999999994,0,0,0
C458A,Tenerife,2021,2,TACORONTE,28,28,28,28,1,15.975,12.032142857142857,19.925,91.6,0,0,0
C458A,Tenerife,2021,3,TACORONTE,31,31,31,31,1,16.293548387096774,12.961290322580645,19.625806451612902,18.2,0,0,0
C458A,Tenerife,2021,4,TACORONTE,30,30,30,30,1,18.04,14.379999999999999,21.69333333333333,42,0,0,0
C458A,Tenerife,2021,5,TACORONTE,31,31,31,31,1,18.467741935483872,15.483870967741936,21.43225806451613,5.6,0,0,0
C458A,Tenerife,2021,6,TACORONTE,30,30,30,30,1,19.75,16.633333333333333,22.86,5.6000000000000005,0,0,0
C458A,Tenerife,2021,7,TACORONTE,31,31,31,31,1,20.951612903225808,17.838709677419356,24.07741935483871,10.4,0,0,0
C458A,Tenerife,2021,8,TACORONTE,31,31,31,31,1,22.62258064516129,18.767741935483873,26.47741935483871,8.799999999999999,4,0,0
C458A,Tenerife,2021,9,TACORONTE,30,30,30,30,1,22.64666666666667,18.863333333333333,26.433333333333334,5.6000000000000005,5,0,0
C458A,Tenerife,2021,10,TACORONTE,31,31,31,31,1,21.16774193548387,17.39677419354839,24.941935483870967,10.4,1,0,0
C458A,Tenerife,2021,11,TACORONTE,30,30,30,30,1,18.53,14.863333333333333,22.193333333333335,42.4,0,0,0
C458A,Tenerife,2021,12,TACORONTE,31,31,31,31,1,17.606451612903225,13.670967741935485,21.55483870967742,23.4,0,0,0
C458A,Tenerife,2022,1,TACORONTE,31,31,31,31,1,17.629032258064516,13.67741935483871,21.561290322580646,53.8,0,0,0
C458A,Tenerife,2022,2,TACORONTE,28,28,28,28,1,17.20357142857143,13.364285714285714,21.035714285714285,43.8,0,0,0
C458A,Tenerife,2022,3,TACORONTE,31,31,31,31,1,15.919354838709678,12.596774193548386,19.225806451612904,25,0,0,0
C458A,Tenerife,2022,4,TACORONTE,30,30,30,30,1,17.406666666666666,13.896666666666667,20.92,12.4,0,0,0
C458A,Tenerife,2022,5,TACORONTE,31,31,31,31,1,18.948387096774194,15.393548387096773,22.49032258064516,5,0,0,0
C458A,Tenerife,2022,6,TACORONTE,30,30,30,30,1,19.943333333333335,16.966666666666665,22.913333333333334,10.4,0,0,0
C458A,Tenerife,2022,7,TACORONTE,31,31,31,31,1,21.461290322580645,18.219354838709677,24.71290322580645,16.400000000000002,3,0,0
C458A,Tenerife,2022,8,TACORONTE,31,31,31,31,1,22.05483870967742,18.716129032258063,25.425806451612903,4.2,3,0,0
C458A,Tenerife,2022,9,TACORONTE,30,30,30,30,1,22.313333333333333,19.333333333333332,25.306666666666665,86.4,8,0,0
C458A,Tenerife,2022,10,TACORONTE,31,31,31,31,1,20.97741935483871,17.587096774193547,24.39677419354839,18.6,2,0,0
C458A,Tenerife,2022,11,TACORONTE,30,30,30,30,1,19.86,16.073333333333334,23.666666666666668,10.6,0,0,0
C458A,Tenerife,2022,12,TACORONTE,31,31,31,31,1,19.02258064516129,15.416129032258064,22.62258064516129,59.8,0,0,0
C458A,Tenerife,2023,1,TACORONTE,31,31,31,31,1,16.612903225806452,13.59032258064516,19.64516129032258,79,0,0,0
C458A,Tenerife,2023,2,TACORONTE,28,28,28,28,1,15.3,11.875,18.725,49.2,0,0,0
C458A,Tenerife,2023,3,TACORONTE,31,31,31,31,1,19.45806451612903,14.72258064516129,24.193548387096776,8.4,1,0,0
C458A,Tenerife,2023,4,TACORONTE,30,30,30,30,1,18.21,14.626666666666667,21.816666666666666,4.2,0,0,0
C458A,Tenerife,2023,5,TACORONTE,31,31,31,31,1,19.238709677419354,15.851612903225806,22.638709677419357,11.2,0,0,0
C458A,Tenerife,2023,6,TACORONTE,30,30,30,30,1,21.573333333333334,18.19,24.946666666666665,10.2,1,0,0
C458A,Tenerife,2023,7,TACORONTE,31,31,31,31,1,22.448387096774194,19.42258064516129,25.474193548387095,2,7,0,0
C458A,Tenerife,2023,8,TACORONTE,31,31,31,31,1,23.677419354838708,20.38064516129032,26.980645161290322,13.4,20,0,0
C458A,Tenerife,2023,9,TACORONTE,30,30,30,30,1,22.376666666666665,19.156666666666666,25.596666666666668,29.2,4,0,0
C458A,Tenerife,2023,10,TACORONTE,31,31,31,31,1,25.074193548387097,20.941935483870967,29.206451612903226,24.4,14,6,0
C458A,Tenerife,2023,11,TACORONTE,30,30,30,30,1,21.19333333333333,17.333333333333332,25.06,33.2,4,0,0
C458A,Tenerife,2023,12,TACORONTE,31,31,31,31,1,18.529032258064515,14.670967741935485,22.403225806451612,16,0,0,0
C458A,Tenerife,2024,1,TACORONTE,31,31,31,31,1,19.325806451612902,15.329032258064517,23.325806451612902,10.4,0,0,0
C458A,Tenerife,2024,2,TACORONTE,29,29,29,29,1,18.66551724137931,15.148275862068965,22.16896551724138,15.4,0,0,0
C458A,Tenerife,2024,3,TACORONTE,31,31,31,31,1,17.12258064516129,14.019354838709678,20.219354838709677,37,0,0,0
C458A,Tenerife,2024,4,TACORONTE,30,30,30,30,1,19.816666666666666,15.86,23.783333333333335,15.2,1,0,0
C458A,Tenerife,2024,5,TACORONTE,31,31,31,31,1,19.01290322580645,15.648387096774194,22.370967741935484,13,0,0,0
C458A,Tenerife,2024,6,TACORONTE,30,30,30,30,1,20.03333333333333,17.226666666666667,22.823333333333334,9.4,0,0,0
C458A,Tenerife,2024,7,TACORONTE,31,31,31,31,1,21.232258064516127,18.151612903225807,24.31935483870968,5.8,1,0,0
C458A,Tenerife,2024,8,TACORONTE,31,31,31,31,1,22.629032258064516,19.60967741935484,25.629032258064516,4.4,11,0,0
C458A,Tenerife,2024,9,TACORONTE,30,30,30,30,1,21.483333333333334,18.42,24.56,6,1,0,0
C458A,Tenerife,2024,10,TACORONTE,31,31,31,31,1,20.738709677419354,17.848387096774193,23.638709677419353,62,1,0,0
C458A,Tenerife,2024,11,TACORONTE,30,22,22,22,0.7333333333333333,20.46818181818182,16.554545454545455,24.368181818181817,25.8,2,0,0
C458A,Tenerife,2024,12,TACORONTE,31,31,31,31,1,18.148387096774194,14.912903225806453,21.387096774193548,26.4,1,0,0
C458A,Tenerife,2025,1,TACORONTE,31,31,31,31,1,16.393548387096775,13.058064516129033,19.70967741935484,49.2,0,0,0
C458A,Tenerife,2025,2,TACORONTE,28,28,28,28,1,15.925,12.592857142857143,19.275,39.6,0,0,0
C458A,Tenerife,2025,3,TACORONTE,31,31,31,31,1,15.883870967741936,13.003225806451614,18.783870967741937,74.2,0,0,0
C458A,Tenerife,2025,4,TACORONTE,30,30,30,30,1,16.89666666666667,14.19,19.61,107.6,0,0,0
C458A,Tenerife,2025,5,TACORONTE,31,31,31,31,1,18.49032258064516,15.619354838709677,21.35483870967742,5,0,0,0
C458A,Tenerife,2025,6,TACORONTE,30,30,30,30,1,20.196666666666665,17.386666666666667,23.006666666666668,3.6,0,0,0
C458A,Tenerife,2025,7,TACORONTE,31,31,31,31,1,21.825806451612902,18.87741935483871,24.767741935483873,11.6,2,0,0
C458A,Tenerife,2025,8,TACORONTE,31,31,31,31,1,22.412903225806453,19.503225806451614,25.325806451612902,9.6,11,0,0
C458A,Tenerife,2025,9,TACORONTE,30,30,30,30,1,22.53333333333333,19.25,25.830000000000002,7.8,6,1,0
C458A,Tenerife,2025,10,TACORONTE,31,31,31,31,1,21.280645161290323,18.080645161290324,24.480645161290322,6.8,1,0,0
C458A,Tenerife,2025,11,TACORONTE,30,30,30,30,1,19.616666666666667,16.336666666666666,22.9,67,1,0,0
C458A,Tenerife,2025,12,TACORONTE,31,31,31,31,1,16.174193548387098,13.36774193548387,18.967741935483872,100.8,0,0,0
C468O,Tenerife,2015,1,CITFAGRO_62_TRIGO,31,31,31,31,1,14.6,11.670967741935485,17.529032258064515,32,0,0,0
C468O,Tenerife,2015,2,CITFAGRO_62_TRIGO,28,28,28,28,1,13.821428571428571,11.742857142857144,15.903571428571428,45.3,0,0,0
C468O,Tenerife,2015,3,CITFAGRO_62_TRIGO,31,31,31,30,1,14.458064516129033,11.206451612903226,17.68064516129032,66,0,0,0
C468O,Tenerife,2015,4,CITFAGRO_62_TRIGO,30,30,30,30,1,15.65,11.756666666666666,19.52,3.8000000000000003,0,0,0
C468O,Tenerife,2015,5,CITFAGRO_62_TRIGO,31,31,31,31,1,17.983870967741936,13.919354838709678,22.045161290322582,1.9,0,0,0
C468O,Tenerife,2015,6,CITFAGRO_62_TRIGO,30,30,30,30,1,18.32,14.426666666666668,22.226666666666667,54.5,0,0,0
C468O,Tenerife,2015,7,CITFAGRO_62_TRIGO,31,31,31,31,1,21.70967741935484,17.087096774193547,26.31290322580645,11.5,0,0,0
C468O,Tenerife,2015,8,CITFAGRO_62_TRIGO,31,31,31,31,1,21.929032258064517,18.125806451612902,25.732258064516127,57.699999999999996,3,0,0
C468O,Tenerife,2015,9,CITFAGRO_62_TRIGO,30,30,30,30,1,22.37,17.68,27.063333333333333,18.5,0,0,0
C468O,Tenerife,2015,10,CITFAGRO_62_TRIGO,31,31,31,29,1,21.296774193548387,17.058064516129033,25.548387096774192,254.4,1,0,0
C468O,Tenerife,2015,11,CITFAGRO_62_TRIGO,30,30,30,30,1,18.75,14.923333333333334,22.543333333333333,11,0,0,0
C468O,Tenerife,2015,12,CITFAGRO_62_TRIGO,31,31,31,29,1,18.248387096774195,13.703225806451613,22.8,30.7,0,0,0
C468O,Tenerife,2016,1,CITFAGRO_62_TRIGO,31,31,31,31,1,17.003225806451614,13.048387096774194,20.970967741935485,13.2,0,0,0
C468O,Tenerife,2016,2,CITFAGRO_62_TRIGO,29,27,27,27,0.9310344827586207,14.866666666666667,12.411111111111111,17.333333333333332,155.7,0,0,0
C468O,Tenerife,2016,3,CITFAGRO_62_TRIGO,31,29,28,29,0.9032258064516129,14.892857142857142,11.857142857142858,17.92142857142857,103.6,0,0,0
C468O,Tenerife,2016,4,CITFAGRO_62_TRIGO,30,30,30,30,1,15.923333333333334,12.95,18.916666666666668,25.9,0,0,0
C468O,Tenerife,2016,5,CITFAGRO_62_TRIGO,31,31,31,31,1,16.580645161290324,13.735483870967743,19.45806451612903,57.6,0,0,0
C468O,Tenerife,2016,6,CITFAGRO_62_TRIGO,30,29,29,29,0.9666666666666667,18.286206896551725,15.251724137931035,21.306896551724137,15.5,0,0,0
C468O,Tenerife,2016,7,CITFAGRO_62_TRIGO,31,31,30,30,0.967741935483871,20.04,16.593333333333334,23.486666666666668,9.3,1,0,0
C468O,Tenerife,2016,8,CITFAGRO_62_TRIGO,31,24,24,23,0.7741935483870968,21.575,17.6125,25.533333333333335,0,1,0,0
C468O,Tenerife,2016,9,CITFAGRO_62_TRIGO,30,30,30,30,1,20.033333333333335,17.026666666666667,23.06,0,0,0,0
C468O,Tenerife,2016,10,CITFAGRO_62_TRIGO,31,24,24,23,0.7741935483870968,19.3625,16.0375,22.679166666666667,29.599999999999998,0,0,0
C468O,Tenerife,2016,11,CITFAGRO_62_TRIGO,30,29,29,29,0.9666666666666667,16.93793103448276,13.937931034482759,19.948275862068964,60.1,0,0,0
C468O,Tenerife,2016,12,CITFAGRO_62_TRIGO,31,31,31,31,1,16.190322580645162,13.032258064516128,19.338709677419356,55.2,0,0,0
C468O,Tenerife,2017,1,CITFAGRO_62_TRIGO,31,31,30,30,0.967741935483871,14.866666666666667,11.756666666666666,17.973333333333333,13,0,0,0
C468O,Tenerife,2017,2,CITFAGRO_62_TRIGO,28,28,28,28,1,14.346428571428572,11.707142857142857,17.007142857142856,72.3,0,0,0
C468O,Tenerife,2017,3,CITFAGRO_62_TRIGO,31,31,31,31,1,15.738709677419354,12.480645161290322,18.99032258064516,33.9,1,0,0
C468O,Tenerife,2017,4,CITFAGRO_62_TRIGO,30,30,30,30,1,17.60333333333333,13.86,21.343333333333334,26.3,1,0,0
C468O,Tenerife,2017,5,CITFAGRO_62_TRIGO,31,30,29,29,0.9354838709677419,17.520689655172415,14.441379310344828,20.59655172413793,14,0,0,0
C468O,Tenerife,2017,6,CITFAGRO_62_TRIGO,30,29,28,28,0.9333333333333333,19.442857142857143,16.492857142857144,22.40357142857143,7.5,0,0,0
C468O,Tenerife,2017,7,CITFAGRO_62_TRIGO,31,31,31,31,1,19.974193548387095,16.835483870967742,23.119354838709675,15.5,1,0,0
C468O,Tenerife,2017,8,CITFAGRO_62_TRIGO,31,27,27,25,0.8709677419354839,20.988888888888887,17.348148148148148,24.64074074074074,12,0,0,0
C468O,Tenerife,2017,9,CITFAGRO_62_TRIGO,30,29,29,29,0.9666666666666667,20.124137931034483,17.3,22.948275862068964,11.5,0,0,0
C468O,Tenerife,2017,10,CITFAGRO_62_TRIGO,31,31,31,31,1,20.893548387096775,17.23548387096774,24.54193548387097,14.2,5,0,0
C468O,Tenerife,2017,11,CITFAGRO_62_TRIGO,30,30,30,30,1,18.72,15.486666666666666,21.953333333333333,58.4,0,0,0
C468O,Tenerife,2017,12,CITFAGRO_62_TRIGO,31,31,31,31,1,15.14516129032258,12.32258064516129,17.980645161290322,62.099999999999994,0,0,0
C468O,Tenerife,2018,1,CITFAGRO_62_TRIGO,31,31,29,31,0.9354838709677419,14.020689655172413,11.270967741935484,16.86551724137931,84.8,0,0,0
C468O,Tenerife,2018,2,CITFAGRO_62_TRIGO,28,28,28,28,1,13.514285714285714,10.978571428571428,16.042857142857144,229.6,0,0,0
C468O,Tenerife,2018,3,CITFAGRO_62_TRIGO,31,31,30,30,0.967741935483871,15.446666666666667,12.52,18.386666666666667,30.2,0,0,0
C468O,Tenerife,2018,4,CITFAGRO_62_TRIGO,30,30,30,30,1,14.89,12.29,17.466666666666665,64.8,0,0,0
C468O,Tenerife,2018,5,CITFAGRO_62_TRIGO,31,31,30,30,0.967741935483871,15.483333333333333,13.183333333333334,17.79,21.4,0,0,0
C468O,Tenerife,2018,6,CITFAGRO_62_TRIGO,30,30,28,29,0.9333333333333333,17.417857142857144,14.464285714285714,20.37142857142857,21.2,0,0,0
C468O,Tenerife,2018,7,CITFAGRO_62_TRIGO,31,30,30,30,0.967741935483871,19.186666666666667,16.383333333333333,21.973333333333333,0.4,0,0,0
C468O,Tenerife,2018,8,CITFAGRO_62_TRIGO,31,31,31,31,1,20.358064516129033,17.216129032258063,23.506451612903227,9.2,0,0,0
C468O,Tenerife,2018,9,CITFAGRO_62_TRIGO,30,30,29,29,0.9666666666666667,20.889655172413793,17.555172413793102,24.21034482758621,0.5,1,0,0
C468O,Tenerife,2018,10,CITFAGRO_62_TRIGO,31,31,31,17,1,19.29032258064516,15.980645161290322,22.60322580645161,1.2,0,0,0
C468O,Tenerife,2018,11,CITFAGRO_62_TRIGO,30,30,30,30,1,16.696666666666665,13.7,19.663333333333334,140.2,0,0,0
C468O,Tenerife,2018,12,CITFAGRO_62_TRIGO,31,31,31,29,1,17.009677419354837,12.9,21.10967741935484,0.3,0,0,0
C468O,Tenerife,2019,1,CITFAGRO_62_TRIGO,31,29,28,28,0.9032258064516129,14.514285714285714,11.289285714285715,17.710714285714285,43.6,0,0,0
C468O,Tenerife,2019,2,CITFAGRO_62_TRIGO,28,26,15,25,0.5357142857142857,16.14,12.52,19.773333333333333,54,0,0,0
C468O,Tenerife,2019,3,CITFAGRO_62_TRIGO,31,31,31,31,1,14.59032258064516,11.95483870967742,17.232258064516127,54.4,0,0,0
C468O,Tenerife,2019,4,CITFAGRO_62_TRIGO,30,30,29,29,0.9666666666666667,14.986206896551725,12.210344827586207,17.76206896551724,54.6,0,0,0
C468O,Tenerife,2019,5,CITFAGRO_62_TRIGO,31,31,31,31,1,16.438709677419354,13.512903225806452,19.361290322580647,5.3,0,0,0
C468O,Tenerife,2019,6,CITFAGRO_62_TRIGO,30,30,30,30,1,18.57,15.11,22.026666666666667,10.7,0,0,0
C468O,Tenerife,2019,7,CITFAGRO_62_TRIGO,31,31,31,31,1,19.574193548387097,16.916129032258063,22.225806451612904,10.200000000000001,0,0,0
C468O,Tenerife,2019,8,CITFAGRO_62_TRIGO,31,31,31,31,1,20.929032258064517,17.05483870967742,24.806451612903228,0.6000000000000001,0,0,0
C468O,Tenerife,2019,9,CITFAGRO_62_TRIGO,30,30,30,30,1,20.11,17.053333333333335,23.136666666666667,15.200000000000001,0,0,0
C468O,Tenerife,2019,10,CITFAGRO_62_TRIGO,31,31,31,30,1,20.070967741935483,16.61935483870968,23.509677419354837,74,2,0,0
C468O,Tenerife,2019,11,CITFAGRO_62_TRIGO,30,30,30,30,1,17.66,15.06,20.276666666666667,52.699999999999996,0,0,0
C468O,Tenerife,2019,12,CITFAGRO_62_TRIGO,31,30,30,30,0.967741935483871,16.433333333333334,13.203333333333333,19.663333333333334,57.9,0,0,0
C468O,Tenerife,2020,1,CITFAGRO_62_TRIGO,31,31,31,31,1,15.006451612903225,11.480645161290322,18.525806451612905,12.2,0,0,0
C468O,Tenerife,2020,2,CITFAGRO_62_TRIGO,29,29,29,28,1,17.63448275862069,13.620689655172415,21.631034482758622,0,0,0,0
C468O,Tenerife,2020,3,CITFAGRO_62_TRIGO,31,30,30,30,0.967741935483871,15.166666666666666,12.056666666666667,18.28,98.7,0,0,0
C468O,Tenerife,2020,4,CITFAGRO_62_TRIGO,30,30,30,30,1,16.386666666666667,13.103333333333333,19.669999999999998,53.9,0,0,0
C468O,Tenerife,2020,5,CITFAGRO_62_TRIGO,31,31,31,30,1,17.980645161290322,14.319354838709678,21.65483870967742,13.1,2,0,0
C468O,Tenerife,2020,6,CITFAGRO_62_TRIGO,30,30,30,30,1,19.483333333333334,16.41,22.55666666666667,40.8,0,0,0
C468O,Tenerife,2020,7,CITFAGRO_62_TRIGO,31,31,31,30,1,20.519354838709678,17.087096774193547,23.951612903225808,0.1,1,0,0
C468O,Tenerife,2020,8,CITFAGRO_62_TRIGO,31,31,31,31,1,21.674193548387098,18.10967741935484,25.225806451612904,0.7,2,1,0
C468O,Tenerife,2020,9,CITFAGRO_62_TRIGO,30,30,30,28,1,21.696666666666665,17.65,25.746666666666666,1.6,3,0,0
C468O,Tenerife,2020,10,CITFAGRO_62_TRIGO,31,31,31,31,1,19.938709677419354,16.651612903225807,23.22258064516129,18.900000000000002,1,0,0
C468O,Tenerife,2020,11,CITFAGRO_62_TRIGO,30,30,30,30,1,18.826666666666668,15.296666666666667,22.366666666666667,105.7,2,0,0
C468O,Tenerife,2020,12,CITFAGRO_62_TRIGO,31,31,31,31,1,15.741935483870968,13.05483870967742,18.419354838709676,112,0,0,0
C468O,Tenerife,2021,1,CITFAGRO_62_TRIGO,31,31,31,31,1,15.183870967741935,12.080645161290322,18.329032258064515,94.5,0,0,0
C468O,Tenerife,2021,2,CITFAGRO_62_TRIGO,28,27,27,27,0.9642857142857143,14.466666666666667,11.092592592592592,17.840740740740742,90.1,0,0,0
C468O,Tenerife,2021,3,CITFAGRO_62_TRIGO,31,31,31,31,1,15.048387096774194,12.351612903225806,17.72258064516129,61.1,0,0,0
C468O,Tenerife,2021,4,CITFAGRO_62_TRIGO,30,30,30,30,1,16.526666666666667,13.316666666666666,19.753333333333334,22.6,0,0,0
C468O,Tenerife,2021,5,CITFAGRO_62_TRIGO,31,31,31,31,1,17,14.35483870967742,19.638709677419357,7.8,0,0,0
C468O,Tenerife,2021,6,CITFAGRO_62_TRIGO,30,30,30,30,1,18.490000000000002,15.486666666666666,21.493333333333332,16.6,1,0,0
C468O,Tenerife,2021,7,CITFAGRO_62_TRIGO,31,31,31,31,1,19.635483870967743,16.206451612903226,23.074193548387097,3,0,0,0
C468O,Tenerife,2021,8,CITFAGRO_62_TRIGO,31,31,31,30,1,21.635483870967743,17.641935483870967,25.65483870967742,8.4,4,0,0
C468O,Tenerife,2021,9,CITFAGRO_62_TRIGO,30,30,30,30,1,21.04,17.546666666666667,24.533333333333335,3.3,1,0,0
C468O,Tenerife,2021,10,CITFAGRO_62_TRIGO,31,31,31,30,1,19.954838709677418,16.538709677419355,23.374193548387098,15.100000000000001,1,0,0
C468O,Tenerife,2021,11,CITFAGRO_62_TRIGO,30,30,30,30,1,17,14.163333333333334,19.81,47.1,0,0,0
C468O,Tenerife,2021,12,CITFAGRO_62_TRIGO,31,31,31,31,1,16.164516129032258,13.129032258064516,19.206451612903226,16.6,0,0,0
C468O,Tenerife,2022,1,CITFAGRO_62_TRIGO,31,31,31,31,1,16.138709677419357,12.9,19.393548387096775,48.5,0,0,0
C468O,Tenerife,2022,2,CITFAGRO_62_TRIGO,28,28,28,28,1,15.92142857142857,12.742857142857142,19.085714285714285,83.9,0,0,0
C468O,Tenerife,2022,3,CITFAGRO_62_TRIGO,31,31,31,30,1,14.216129032258065,11.838709677419354,16.57741935483871,102.5,0,0,0
C468O,Tenerife,2022,4,CITFAGRO_62_TRIGO,30,30,30,30,1,15.556666666666667,12.506666666666666,18.6,44.9,0,0,0
C468O,Tenerife,2022,5,CITFAGRO_62_TRIGO,31,30,30,30,0.967741935483871,17.453333333333333,14.27,20.636666666666667,4.6,0,0,0
C468O,Tenerife,2022,6,CITFAGRO_62_TRIGO,30,30,30,30,1,18.263333333333332,15.483333333333333,21.046666666666667,22.5,0,0,0
C468O,Tenerife,2022,7,CITFAGRO_62_TRIGO,31,31,31,31,1,21.038709677419355,17.177419354838708,24.887096774193548,8.9,3,1,0
C468O,Tenerife,2022,8,CITFAGRO_62_TRIGO,31,31,31,31,1,20.851612903225806,17.25483870967742,24.461290322580645,25.7,1,0,0
C468O,Tenerife,2022,9,CITFAGRO_62_TRIGO,30,30,30,30,1,20.86,18.153333333333332,23.56,111,1,0,0
C468O,Tenerife,2022,10,CITFAGRO_62_TRIGO,31,31,31,30,1,19.616129032258065,16.574193548387097,22.65483870967742,63.7,1,0,0
C468O,Tenerife,2022,11,CITFAGRO_62_TRIGO,30,30,30,30,1,18.44,14.953333333333333,21.9,21.4,0,0,0
C468O,Tenerife,2022,12,CITFAGRO_62_TRIGO,31,31,31,30,1,17.887096774193548,14.493548387096775,21.3,81.7,1,0,0
C468O,Tenerife,2023,1,CITFAGRO_62_TRIGO,31,31,31,31,1,15.116129032258064,12.37741935483871,17.88064516129032,83.8,0,0,0
C468O,Tenerife,2023,2,CITFAGRO_62_TRIGO,28,28,28,28,1,13.975,10.957142857142857,17.007142857142856,61.2,0,0,0
C468O,Tenerife,2023,3,CITFAGRO_62_TRIGO,31,31,30,31,0.967741935483871,18.176666666666666,14.316666666666666,22.023333333333333,22.3,2,0,0
C468O,Tenerife,2023,4,CITFAGRO_62_TRIGO,30,30,30,30,1,16.71,13.39,20.036666666666665,11.7,0,0,0
C468O,Tenerife,2023,5,CITFAGRO_62_TRIGO,31,31,31,31,1,17.75483870967742,14.703225806451613,20.81290322580645,7.8,0,0,0
C468O,Tenerife,2023,6,CITFAGRO_62_TRIGO,30,30,30,28,1,19.94,16.326666666666668,23.553333333333335,16.900000000000002,0,0,0
C468O,Tenerife,2023,7,CITFAGRO_62_TRIGO,31,31,31,31,1,21.36774193548387,18.27741935483871,24.45806451612903,7.1,2,1,0
C468O,Tenerife,2023,8,CITFAGRO_62_TRIGO,31,31,31,31,1,23.112903225806452,19.29032258064516,26.94516129032258,4.3,7,0,0
C468O,Tenerife,2023,9,CITFAGRO_62_TRIGO,30,30,30,30,1,21.053333333333335,17.99,24.116666666666667,51.2,0,0,0
C468O,Tenerife,2023,10,CITFAGRO_62_TRIGO,31,31,31,31,1,23.993548387096773,20.061290322580646,27.916129032258066,61.5,13,4,0
C468O,Tenerife,2023,11,CITFAGRO_62_TRIGO,30,30,30,30,1,19.906666666666666,16.37,23.44333333333333,111,2,0,0
C468O,Tenerife,2023,12,CITFAGRO_62_TRIGO,31,31,31,31,1,17.18064516129032,13.593548387096774,20.774193548387096,33.9,0,0,0
C468O,Tenerife,2024,1,CITFAGRO_62_TRIGO,31,31,31,31,1,18.296774193548387,14.509677419354839,22.096774193548388,8.5,0,0,0
C468O,Tenerife,2024,2,CITFAGRO_62_TRIGO,29,29,29,29,1,17.49655172413793,14.058620689655172,20.927586206896553,29.6,0,0,0
C468O,Tenerife,2024,3,CITFAGRO_62_TRIGO,31,31,31,31,1,15.9,12.664516129032258,19.1,59.6,0,0,0
C468O,Tenerife,2024,4,CITFAGRO_62_TRIGO,30,30,30,30,1,19.15,15.620000000000001,22.686666666666667,6.2,5,0,0
C468O,Tenerife,2024,5,CITFAGRO_62_TRIGO,31,31,31,31,1,17.216129032258063,14.374193548387098,20.064516129032256,30,0,0,0
C468O,Tenerife,2024,6,CITFAGRO_62_TRIGO,30,30,30,30,1,18.456666666666667,15.65,21.259999999999998,4.4,0,0,0
C468O,Tenerife,2024,7,CITFAGRO_62_TRIGO,31,31,31,30,1,20.31935483870968,16.967741935483872,23.693548387096776,12.5,1,0,0
C468O,Tenerife,2024,8,CITFAGRO_62_TRIGO,31,31,31,31,1,21.074193548387097,18.01290322580645,24.141935483870967,3.3,2,0,0
C468O,Tenerife,2024,9,CITFAGRO_62_TRIGO,30,30,30,28,1,19.963333333333335,17.473333333333333,22.45,13.5,0,0,0
C468O,Tenerife,2024,10,CITFAGRO_62_TRIGO,31,31,31,31,1,19.451612903225808,16.509677419354837,22.403225806451612,68,0,0,0
C468O,Tenerife,2024,11,CITFAGRO_62_TRIGO,30,29,29,29,0.9666666666666667,20.151724137931033,16.258620689655174,24.048275862068966,13,1,0,0
C468O,Tenerife,2024,12,CITFAGRO_62_TRIGO,31,31,31,30,1,16.948387096774194,13.587096774193549,20.296774193548387,55.300000000000004,0,0,0
C468O,Tenerife,2025,1,CITFAGRO_62_TRIGO,31,31,31,31,1,15.72258064516129,12.383870967741936,19.05483870967742,42.699999999999996,0,0,0
C468O,Tenerife,2025,2,CITFAGRO_62_TRIGO,28,28,28,28,1,14.825,11.846428571428572,17.785714285714285,25,0,0,0
C468O,Tenerife,2025,3,CITFAGRO_62_TRIGO,31,31,31,29,1,15.064516129032258,11.996774193548386,18.13225806451613,105.5,0,0,0
C468O,Tenerife,2025,4,CITFAGRO_62_TRIGO,30,30,30,30,1,15.606666666666667,12.963333333333333,18.266666666666666,102.7,0,0,0
C468O,Tenerife,2025,5,CITFAGRO_62_TRIGO,31,31,31,30,1,16.809677419354838,14.087096774193549,19.548387096774192,23.099999999999998,0,0,0
C468O,Tenerife,2025,6,CITFAGRO_62_TRIGO,30,30,30,30,1,18.53333333333333,15.81,21.236666666666668,2.7,0,0,0
C468O,Tenerife,2025,7,CITFAGRO_62_TRIGO,31,31,30,30,0.967741935483871,20.876666666666665,17.726666666666667,24.02,14.3,2,1,0
C468O,Tenerife,2025,8,CITFAGRO_62_TRIGO,31,31,31,31,1,21.751612903225805,18.232258064516127,25.261290322580646,22.2,1,0,0
C468O,Tenerife,2025,9,CITFAGRO_62_TRIGO,30,30,30,30,1,21.35,18.30666666666667,24.396666666666665,31.6,3,2,0
C468O,Tenerife,2025,10,CITFAGRO_62_TRIGO,31,31,30,30,0.967741935483871,20.023333333333333,16.963333333333335,23.066666666666666,27,0,0,0
C468O,Tenerife,2025,11,CITFAGRO_62_TRIGO,30,30,30,28,1,18.956666666666667,15.8,22.10333333333333,48.8,2,0,0
C468O,Tenerife,2025,12,CITFAGRO_62_TRIGO,31,31,31,31,1,15.35483870967742,12.612903225806452,18.106451612903225,139,0,0,0
C611E,Gran Canaria,2015,1,VEGA DE SAN MATEO,31,29,29,28,0.9354838709677419,5.155172413793103,2.0689655172413794,8.255172413793103,55.4,0,0,0
C611E,Gran Canaria,2015,2,VEGA DE SAN MATEO,28,28,28,28,1,5.285714285714286,2.0785714285714287,8.485714285714286,55.4,0,0,0
C611E,Gran Canaria,2015,3,VEGA DE SAN MATEO,31,30,28,27,0.9032258064516129,9.6,5.867857142857143,13.353571428571428,19.6,0,0,0
C611E,Gran Canaria,2015,4,VEGA DE SAN MATEO,30,30,27,27,0.9,10.703703703703704,5.307407407407408,16.07777777777778,0.2,0,0,0
C611E,Gran Canaria,2015,5,VEGA DE SAN MATEO,31,31,31,31,1,15.92258064516129,10.912903225806451,20.93225806451613,0,3,0,0
C611E,Gran Canaria,2015,6,VEGA DE SAN MATEO,30,30,30,30,1,15.493333333333334,10.293333333333333,20.706666666666667,0.2,1,0,0
C611E,Gran Canaria,2015,7,VEGA DE SAN MATEO,31,31,31,31,1,21.406451612903226,16.37741935483871,26.438709677419354,0.8,4,0,0
C611E,Gran Canaria,2015,8,VEGA DE SAN MATEO,31,30,27,28,0.8709677419354839,19.02962962962963,13.774074074074074,24.285185185185185,3.8,0,0,0
C611E,Gran Canaria,2015,9,VEGA DE SAN MATEO,30,30,30,30,1,16.003333333333334,11.59,20.423333333333332,34.2,0,0,0
C611E,Gran Canaria,2015,10,VEGA DE SAN MATEO,31,28,26,23,0.8387096774193549,13.21923076923077,9.865384615384615,16.573076923076922,142.7,0,0,0
C611E,Gran Canaria,2015,11,VEGA DE SAN MATEO,30,29,27,27,0.9,11.1,7.614814814814815,14.585185185185185,47.4,0,0,0
C611E,Gran Canaria,2015,12,VEGA DE SAN MATEO,31,29,23,24,0.7419354838709677,9.88695652173913,6.643478260869565,13.134782608695652,48.4,0,0,0
C611E,Gran Canaria,2016,1,VEGA DE SAN MATEO,31,28,23,23,0.7419354838709677,10.795652173913043,6.178260869565217,15.421739130434782,0.4,0,0,0
C611E,Gran Canaria,2016,2,VEGA DE SAN MATEO,29,29,29,29,1,8.679310344827586,4.658620689655172,12.703448275862069,60.2,0,0,0
C611E,Gran Canaria,2016,3,VEGA DE SAN MATEO,31,31,31,31,1,8.158064516129032,3.967741935483871,12.361290322580645,30.6,0,0,0
C611E,Gran Canaria,2016,4,VEGA DE SAN MATEO,30,30,30,30,1,9.836666666666666,4.733333333333333,14.93,3.5999999999999996,0,0,0
C611E,Gran Canaria,2016,5,VEGA DE SAN MATEO,31,31,31,31,1,11.416129032258064,5.97741935483871,16.848387096774193,3,0,0,0
C611E,Gran Canaria,2016,6,VEGA DE SAN MATEO,30,30,30,30,1,17.676666666666666,12.146666666666667,23.216666666666665,1.2,1,0,0
C611E,Gran Canaria,2016,7,VEGA DE SAN MATEO,31,31,31,31,1,21.732258064516127,16.46451612903226,26.98709677419355,0,3,0,0
C611E,Gran Canaria,2016,8,VEGA DE SAN MATEO,31,31,31,31,1,22.89677419354839,17.851612903225806,27.929032258064517,0.6,8,0,0
C611E,Gran Canaria,2016,9,VEGA DE SAN MATEO,30,30,30,30,1,17.643333333333334,13.21,22.066666666666666,5.4,0,0,0
C611E,Gran Canaria,2016,10,VEGA DE SAN MATEO,31,31,31,31,1,13.44516129032258,9.535483870967742,17.329032258064515,118.60000000000001,0,0,0
C611E,Gran Canaria,2016,11,VEGA DE SAN MATEO,30,30,30,30,1,9.22,6.296666666666667,12.15,87.6,0,0,0
C611E,Gran Canaria,2016,12,VEGA DE SAN MATEO,31,31,31,31,1,8.370967741935484,5.174193548387096,11.561290322580644,93.4,0,0,0
C611E,Gran Canaria,2017,1,VEGA DE SAN MATEO,31,31,31,31,1,8.009677419354839,4.480645161290322,11.551612903225806,25.8,0,0,0
C611E,Gran Canaria,2017,2,VEGA DE SAN MATEO,28,28,28,28,1,7.371428571428571,3.7785714285714285,10.978571428571428,121,0,0,0
C611E,Gran Canaria,2017,3,VEGA DE SAN MATEO,31,31,31,30,1,9.54516129032258,5.209677419354839,13.906451612903226,60.199999999999996,0,0,0
C611E,Gran Canaria,2017,4,VEGA DE SAN MATEO,30,30,30,30,1,13.290000000000001,8.870000000000001,17.713333333333335,35,0,0,0
C611E,Gran Canaria,2017,5,VEGA DE SAN MATEO,31,31,31,31,1,14.53225806451613,9.406451612903226,19.651612903225807,3.4,0,0,0
C611E,Gran Canaria,2017,6,VEGA DE SAN MATEO,30,30,30,30,1,19.176666666666666,13.93,24.406666666666666,1,3,0,0
C611E,Gran Canaria,2017,7,VEGA DE SAN MATEO,31,31,31,31,1,21.39677419354839,15.551612903225806,27.23548387096774,0.4,8,0,0
C611E,Gran Canaria,2017,8,VEGA DE SAN MATEO,31,31,31,31,1,23.12258064516129,18.09032258064516,28.164516129032258,2,13,0,0
C611E,Gran Canaria,2017,9,VEGA DE SAN MATEO,30,30,30,29,1,18.773333333333333,13.513333333333334,24.053333333333335,4.4,0,0,0
C611E,Gran Canaria,2017,10,VEGA DE SAN MATEO,31,31,31,31,1,16.619354838709675,12.548387096774194,20.693548387096776,11,1,0,0
C611E,Gran Canaria,2017,11,VEGA DE SAN MATEO,30,30,30,30,1,14.113333333333333,10.6,17.623333333333335,7,0,0,0
C611E,Gran Canaria,2017,12,VEGA DE SAN MATEO,31,31,31,31,1,8.03225806451613,4.267741935483871,11.80967741935484,103.8,0,0,0
C611E,Gran Canaria,2018,1,VEGA DE SAN MATEO,31,31,31,31,1,7.203225806451613,4,10.412903225806451,195.2,0,0,0
C611E,Gran Canaria,2018,2,VEGA DE SAN MATEO,28,28,28,28,1,4.589285714285714,2.053571428571429,7.107142857142857,404.2,0,0,0
C611E,Gran Canaria,2018,3,VEGA DE SAN MATEO,31,31,31,31,1,9.841935483870968,5.906451612903226,13.764516129032257,44.4,0,0,0
C611E,Gran Canaria,2018,4,VEGA DE SAN MATEO,30,30,30,30,1,8.686666666666667,4.68,12.683333333333334,50.4,0,0,0
C611E,Gran Canaria,2018,5,VEGA DE SAN MATEO,31,31,31,31,1,9.906451612903226,5.096774193548387,14.712903225806452,6.6000000000000005,0,0,0
C611E,Gran Canaria,2018,6,VEGA DE SAN MATEO,30,30,30,30,1,14.88,9.913333333333334,19.856666666666666,0.2,0,0,0
C611E,Gran Canaria,2018,7,VEGA DE SAN MATEO,31,31,30,30,0.967741935483871,22.2,16.873333333333335,27.526666666666667,0,4,0,0
C611E,Gran Canaria,2018,8,VEGA DE SAN MATEO,31,30,30,30,0.967741935483871,21.036666666666665,15.719999999999999,26.356666666666666,5.8,0,0,0
C611E,Gran Canaria,2018,9,VEGA DE SAN MATEO,30,30,30,30,1,17.84,12.85,22.826666666666668,0.2,0,0,0
C611E,Gran Canaria,2018,10,VEGA DE SAN MATEO,31,31,31,31,1,13.212903225806452,8.874193548387098,17.532258064516128,95.8,0,0,0
C611E,Gran Canaria,2018,11,VEGA DE SAN MATEO,30,30,30,30,1,9.48,5.316666666666666,13.63,91.8,0,0,0
C611E,Gran Canaria,2018,12,VEGA DE SAN MATEO,31,25,25,25,0.8064516129032258,11.816,7.728,15.9,0.2,0,0,0
C611E,Gran Canaria,2019,1,VEGA DE SAN MATEO,31,30,30,26,0.967741935483871,8.206666666666667,4.116666666666666,12.316666666666666,44.2,0,0,0
C611E,Gran Canaria,2019,2,VEGA DE SAN MATEO,28,27,26,24,0.9285714285714286,9.557692307692308,5.3,13.834615384615384,32.2,0,0,0
C611E,Gran Canaria,2019,3,VEGA DE SAN MATEO,31,30,28,28,0.9032258064516129,8.942857142857143,4.114285714285715,13.778571428571428,25.2,0,0,0
C611E,Gran Canaria,2019,4,VEGA DE SAN MATEO,30,30,29,29,0.9666666666666667,9.624137931034483,4.9,14.341379310344827,10.4,0,0,0
C611E,Gran Canaria,2019,5,VEGA DE SAN MATEO,31,29,28,28,0.9032258064516129,16.28214285714286,10.8,21.75,0,1,0,0
C611E,Gran Canaria,2019,6,VEGA DE SAN MATEO,30,29,28,28,0.9333333333333333,14.957142857142857,9.72857142857143,20.160714285714285,0.8,0,0,0
C611E,Gran Canaria,2019,7,VEGA DE SAN MATEO,31,29,28,28,0.9032258064516129,19.085714285714285,13.464285714285714,24.71785714285714,0.4,0,0,0
C611E,Gran Canaria,2019,8,VEGA DE SAN MATEO,31,30,30,30,0.967741935483871,21.99,17.03,26.936666666666667,0.4,8,0,0
C611E,Gran Canaria,2019,9,VEGA DE SAN MATEO,30,30,29,29,0.9666666666666667,19.627586206896552,14.806896551724138,24.462068965517243,2.6,2,0,0
C611E,Gran Canaria,2019,10,VEGA DE SAN MATEO,31,29,29,29,0.9354838709677419,16.372413793103448,12.065517241379311,20.679310344827588,15.4,1,0,0
C611E,Gran Canaria,2019,11,VEGA DE SAN MATEO,30,30,28,28,0.9333333333333333,10.107142857142858,7.078571428571428,13.135714285714286,103,0,0,0
C611E,Gran Canaria,2019,12,VEGA DE SAN MATEO,31,30,29,29,0.9354838709677419,9.689655172413794,6.189655172413794,13.2,118.39999999999999,0,0,0
C611E,Gran Canaria,2020,1,VEGA DE SAN MATEO,31,31,30,30,0.967741935483871,7.99,4.293333333333333,11.676666666666666,17.599999999999998,0,0,0
C611E,Gran Canaria,2020,2,VEGA DE SAN MATEO,29,29,29,29,1,12.068965517241379,8,16.131034482758622,2,0,0,0
C611E,Gran Canaria,2020,3,VEGA DE SAN MATEO,31,31,31,31,1,9.396774193548387,5.503225806451613,13.303225806451612,91,0,0,0
C611E,Gran Canaria,2020,4,VEGA DE SAN MATEO,30,30,29,29,0.9666666666666667,10.168965517241379,5.496551724137931,14.837931034482759,12.4,0,0,0
C611E,Gran Canaria,2020,5,VEGA DE SAN MATEO,31,31,30,30,0.967741935483871,14.186666666666666,8.733333333333333,19.636666666666667,3.4,0,0,0
C611E,Gran Canaria,2020,6,VEGA DE SAN MATEO,30,30,30,30,1,16.423333333333332,11.283333333333333,21.54,4.800000000000001,0,0,0
C611E,Gran Canaria,2020,7,VEGA DE SAN MATEO,31,31,31,31,1,24.296774193548387,18.996774193548386,29.596774193548388,0,11,0,0
C611E,Gran Canaria,2020,8,VEGA DE SAN MATEO,31,31,31,31,1,21.703225806451613,16.961290322580645,26.44516129032258,5.2,5,0,0
C611E,Gran Canaria,2020,9,VEGA DE SAN MATEO,30,30,29,29,0.9666666666666667,20.5,15.76896551724138,25.22758620689655,5.2,0,0,0
C611E,Gran Canaria,2020,10,VEGA DE SAN MATEO,31,27,25,26,0.8064516129032258,14.491999999999999,9.928,19.068,19,0,0,0
C611E,Gran Canaria,2020,11,VEGA DE SAN MATEO,30,30,29,29,0.9666666666666667,12.39655172413793,8.851724137931035,15.944827586206896,106,0,0,0
C611E,Gran Canaria,2020,12,VEGA DE SAN MATEO,31,31,31,30,1,8.30967741935484,4.925806451612903,11.7,95.6,0,0,0
C611E,Gran Canaria,2021,1,VEGA DE SAN MATEO,31,30,29,29,0.9354838709677419,8.920689655172414,5.389655172413793,12.448275862068966,188.2,0,0,0
C611E,Gran Canaria,2021,2,VEGA DE SAN MATEO,28,28,27,27,0.9642857142857143,8.588888888888889,4.451851851851852,12.71111111111111,77.6,0,0,0
C611E,Gran Canaria,2021,3,VEGA DE SAN MATEO,31,31,29,29,0.9354838709677419,8.975862068965517,4.6689655172413795,13.286206896551723,25.6,0,0,0
C611E,Gran Canaria,2021,4,VEGA DE SAN MATEO,30,30,29,29,0.9666666666666667,10.882758620689655,5.913793103448276,15.844827586206897,9.8,0,0,0
C611E,Gran Canaria,2021,5,VEGA DE SAN MATEO,31,29,27,28,0.8709677419354839,12.251851851851852,7.614814814814815,16.88888888888889,7.3999999999999995,0,0,0
C611E,Gran Canaria,2021,6,VEGA DE SAN MATEO,30,30,30,29,1,16.18,10.406666666666666,21.936666666666667,5,0,0,0
C611E,Gran Canaria,2021,7,VEGA DE SAN MATEO,31,31,31,31,1,22.625806451612902,17.274193548387096,27.96451612903226,0,7,0,0
C611E,Gran Canaria,2021,8,VEGA DE SAN MATEO,31,31,31,31,1,20.348387096774193,14.87741935483871,25.803225806451614,0,5,0,0
C611E,Gran Canaria,2021,9,VEGA DE SAN MATEO,30,30,30,30,1,18.466666666666665,13.386666666666667,23.55666666666667,0.6000000000000001,3,0,0
C611E,Gran Canaria,2021,10,VEGA DE SAN MATEO,31,31,31,30,1,16.051612903225806,11.193548387096774,20.912903225806453,1.8,1,0,0
C611E,Gran Canaria,2021,11,VEGA DE SAN MATEO,30,30,30,30,1,9.48,5.43,13.536666666666667,73.8,0,0,0
C611E,Gran Canaria,2021,12,VEGA DE SAN MATEO,31,31,31,31,1,9.912903225806451,6.170967741935484,13.648387096774194,45.8,0,0,0
C611E,Gran Canaria,2022,1,VEGA DE SAN MATEO,31,31,31,31,1,7.8032258064516125,4.361290322580645,11.216129032258065,89.2,0,0,0
C611E,Gran Canaria,2022,2,VEGA DE SAN MATEO,28,28,28,28,1,8.767857142857142,5.335714285714285,12.192857142857143,102.4,0,0,0
C611E,Gran Canaria,2022,3,VEGA DE SAN MATEO,31,31,31,31,1,6.996774193548387,2.6903225806451614,11.290322580645162,113.2,0,0,0
C611E,Gran Canaria,2022,4,VEGA DE SAN MATEO,30,30,29,29,0.9666666666666667,10.596551724137932,5.9206896551724135,15.275862068965518,43.4,0,0,0
C611E,Gran Canaria,2022,5,VEGA DE SAN MATEO,31,31,31,31,1,15.393548387096773,9.948387096774194,20.84193548387097,2.2,0,0,0
C611E,Gran Canaria,2022,6,VEGA DE SAN MATEO,30,30,30,30,1,16.7,11.2,22.216666666666665,0.4,0,0,0
C611E,Gran Canaria,2022,7,VEGA DE SAN MATEO,31,31,31,31,1,23.39677419354839,17.76451612903226,29.03548387096774,0,11,0,0
C611E,Gran Canaria,2022,8,VEGA DE SAN MATEO,31,31,31,31,1,22.358064516129033,17.13225806451613,27.593548387096774,3.6,12,0,0
C611E,Gran Canaria,2022,9,VEGA DE SAN MATEO,30,30,30,30,1,17.163333333333334,12.75,21.573333333333334,198.6,0,0,0
C611E,Gran Canaria,2022,10,VEGA DE SAN MATEO,31,31,31,30,1,15.774193548387096,11.435483870967742,20.106451612903225,33.4,0,0,0
C611E,Gran Canaria,2022,11,VEGA DE SAN MATEO,30,30,30,30,1,13.676666666666666,9.086666666666666,18.23,36.2,0,0,0
C611E,Gran Canaria,2022,12,VEGA DE SAN MATEO,31,31,30,30,0.967741935483871,10.486666666666666,6.823333333333333,14.153333333333332,76,0,0,0
C611E,Gran Canaria,2023,1,VEGA DE SAN MATEO,31,31,31,31,1,6.367741935483871,3.696774193548387,9.025806451612903,208,0,0,0
C611E,Gran Canaria,2023,2,VEGA DE SAN MATEO,28,28,28,28,1,5.525,1.7464285714285714,9.29642857142857,79.4,0,0,0
C611E,Gran Canaria,2023,3,VEGA DE SAN MATEO,31,31,31,31,1,13.951612903225806,8.906451612903226,19.04193548387097,0.8,0,0,0
C611E,Gran Canaria,2023,4,VEGA DE SAN MATEO,30,30,30,30,1,12.596666666666668,7.163333333333333,18.053333333333335,6.6000000000000005,0,0,0
C611E,Gran Canaria,2023,5,VEGA DE SAN MATEO,31,31,31,31,1,12.080645161290322,6.625806451612903,17.538709677419355,3,0,0,0
C611E,Gran Canaria,2023,6,VEGA DE SAN MATEO,30,30,30,30,1,16.756666666666668,11.426666666666666,22.09,45.8,2,0,0
C611E,Gran Canaria,2023,7,VEGA DE SAN MATEO,31,31,31,31,1,22.00967741935484,16.161290322580644,27.838709677419356,0,4,0,0
C611E,Gran Canaria,2023,8,VEGA DE SAN MATEO,31,31,31,31,1,23.003225806451614,17.219354838709677,28.796774193548387,7.8,6,1,0
C611E,Gran Canaria,2023,9,VEGA DE SAN MATEO,30,30,30,30,1,16.023333333333333,10.86,21.19333333333333,19.4,0,0,0
C611E,Gran Canaria,2023,10,VEGA DE SAN MATEO,31,31,30,30,0.967741935483871,17.77,13.366666666666667,22.196666666666665,23.6,0,0,0
C611E,Gran Canaria,2023,11,VEGA DE SAN MATEO,30,30,30,30,1,13.083333333333334,8.906666666666666,17.253333333333334,0,0,0,0
C611E,Gran Canaria,2023,12,VEGA DE SAN MATEO,31,31,30,30,0.967741935483871,10.233333333333333,6.05,14.44,37.199999999999996,0,0,0
C611E,Gran Canaria,2024,1,VEGA DE SAN MATEO,31,31,31,31,1,11.616129032258065,7.512903225806451,15.703225806451613,9,0,0,0
C611E,Gran Canaria,2024,2,VEGA DE SAN MATEO,29,29,29,29,1,11.486206896551725,7.268965517241379,15.700000000000001,0,0,0,0
C611E,Gran Canaria,2024,3,VEGA DE SAN MATEO,31,31,30,30,0.967741935483871,9.25,4.633333333333334,13.883333333333333,49.2,0,0,0
C611E,Gran Canaria,2024,4,VEGA DE SAN MATEO,30,30,30,30,1,12.98,7.836666666666667,18.10333333333333,16.599999999999998,0,0,0
C611E,Gran Canaria,2024,5,VEGA DE SAN MATEO,31,31,31,31,1,13.725806451612904,8.245161290322581,19.206451612903226,2.6,0,0,0
C611E,Gran Canaria,2024,6,VEGA DE SAN MATEO,30,30,30,30,1,16.61,10.563333333333333,22.653333333333332,0,0,0,0
C611E,Gran Canaria,2024,7,VEGA DE SAN MATEO,31,31,31,30,1,23.21290322580645,17.080645161290324,29.348387096774193,0,7,0,0
C611E,Gran Canaria,2024,8,VEGA DE SAN MATEO,31,31,31,31,1,23.093548387096774,17.232258064516127,28.970967741935485,0,6,0,0
C611E,Gran Canaria,2024,9,VEGA DE SAN MATEO,30,30,30,30,1,17.39,11.796666666666667,23,0,0,0,0
C611E,Gran Canaria,2024,10,VEGA DE SAN MATEO,31,31,31,30,1,15.564516129032258,10.929032258064517,20.20967741935484,76.8,0,0,0
C611E,Gran Canaria,2024,11,VEGA DE SAN MATEO,30,30,30,30,1,14.076666666666666,10.546666666666667,17.576666666666668,19.2,0,0,0
C611E,Gran Canaria,2024,12,VEGA DE SAN MATEO,31,31,30,30,0.967741935483871,9.556666666666667,6.136666666666667,12.97,95.6,0,0,0
C611E,Gran Canaria,2025,1,VEGA DE SAN MATEO,31,31,31,31,1,9.219354838709677,4.95483870967742,13.490322580645161,53.4,0,0,0
C611E,Gran Canaria,2025,2,VEGA DE SAN MATEO,28,28,28,28,1,8.771428571428572,4.3,13.267857142857142,41.800000000000004,0,0,0
C611E,Gran Canaria,2025,3,VEGA DE SAN MATEO,31,31,31,31,1,7,2.893548387096774,11.103225806451613,59.4,0,0,0
C611E,Gran Canaria,2025,4,VEGA DE SAN MATEO,30,30,30,28,1,9.83,5.226666666666667,14.416666666666666,89.6,0,0,0
C611E,Gran Canaria,2025,5,VEGA DE SAN MATEO,31,27,27,26,0.8709677419354839,12.255555555555556,6.940740740740741,17.566666666666666,11,0,0,0
C611E,Gran Canaria,2025,6,VEGA DE SAN MATEO,30,30,30,30,1,19.4,13.68,25.103333333333335,0,1,0,0
C611E,Gran Canaria,2025,7,VEGA DE SAN MATEO,31,31,30,29,0.967741935483871,21.886666666666667,16.47,27.316666666666666,0,6,0,0
C611E,Gran Canaria,2025,8,VEGA DE SAN MATEO,31,31,31,31,1,23.141935483870967,17.33225806451613,28.941935483870967,2.4,11,0,0
C611E,Gran Canaria,2025,9,VEGA DE SAN MATEO,30,30,30,30,1,18.203333333333333,12.94,23.47,4.8,0,0,0
C611E,Gran Canaria,2025,10,VEGA DE SAN MATEO,31,31,31,31,1,16.967741935483872,12.154838709677419,21.796774193548387,1,0,0,0
C611E,Gran Canaria,2025,11,VEGA DE SAN MATEO,30,30,30,30,1,11.59,7.71,15.46,194.2,0,0,0
C611E,Gran Canaria,2025,12,VEGA DE SAN MATEO,31,29,28,28,0.9032258064516129,7.432142857142857,4.160714285714286,10.714285714285714,301.8,0,0,0
C619Y,Gran Canaria,2015,1,LA ALDEA DE SAN NICOLÁS,31,5,4,5,0.12903225806451613,17,12.55,21.45,0,0,0,0
C619Y,Gran Canaria,2015,2,LA ALDEA DE SAN NICOLÁS,28,26,26,25,0.9285714285714286,17.56923076923077,14.2,20.934615384615384,13,0,0,0
C619Y,Gran Canaria,2015,3,LA ALDEA DE SAN NICOLÁS,31,31,31,30,1,17.893548387096775,13.112903225806452,22.68064516129032,9.4,0,0,0
C619Y,Gran Canaria,2015,4,LA ALDEA DE SAN NICOLÁS,30,30,29,29,0.9666666666666667,18.603448275862068,13.8,23.393103448275863,0,0,0,0
C619Y,Gran Canaria,2015,5,LA ALDEA DE SAN NICOLÁS,31,31,31,31,1,21.467741935483872,17,25.89677419354839,0,0,0,0
C619Y,Gran Canaria,2015,6,LA ALDEA DE SAN NICOLÁS,30,26,26,26,0.8666666666666667,21.834615384615386,18.573076923076922,25.111538461538462,0.2,2,0,0
C619Y,Gran Canaria,2015,7,LA ALDEA DE SAN NICOLÁS,31,21,21,20,0.6774193548387096,23.995238095238093,20.847619047619048,27.123809523809523,0.2,17,0,0
C619Y,Gran Canaria,2015,8,LA ALDEA DE SAN NICOLÁS,31,6,5,5,0.16129032258064516,25.32,21.84,28.82,0,4,0,0
C619Y,Gran Canaria,2015,9,LA ALDEA DE SAN NICOLÁS,30,30,30,30,1,25.236666666666668,21.19,29.31,3.8,22,0,0
C619Y,Gran Canaria,2015,10,LA ALDEA DE SAN NICOLÁS,31,31,31,31,1,23.774193548387096,19.74516129032258,27.806451612903224,97.8,12,0,0
C619Y,Gran Canaria,2015,11,LA ALDEA DE SAN NICOLÁS,30,30,30,30,1,20.67,15.26,26.083333333333332,0.6000000000000001,0,0,0
C619Y,Gran Canaria,2015,12,LA ALDEA DE SAN NICOLÁS,31,31,31,31,1,18.545161290322582,11.983870967741936,25.12258064516129,3.4,0,0,0
C619Y,Gran Canaria,2016,1,LA ALDEA DE SAN NICOLÁS,31,31,31,31,1,17.625806451612902,11.380645161290323,23.870967741935484,0.6,0,0,0
C619Y,Gran Canaria,2016,2,LA ALDEA DE SAN NICOLÁS,29,29,29,26,1,17.848275862068967,13.617241379310345,22.055172413793105,17.8,0,0,0
C619Y,Gran Canaria,2016,3,LA ALDEA DE SAN NICOLÁS,31,31,31,31,1,17.954838709677418,13.27741935483871,22.635483870967743,0,0,0,0
C619Y,Gran Canaria,2016,4,LA ALDEA DE SAN NICOLÁS,30,30,30,29,1,19.30666666666667,15.13,23.483333333333334,0,0,0,0
C619Y,Gran Canaria,2016,5,LA ALDEA DE SAN NICOLÁS,31,31,31,31,1,21.01290322580645,17.080645161290324,24.941935483870967,0,0,0,0
C619Y,Gran Canaria,2016,6,LA ALDEA DE SAN NICOLÁS,30,30,30,30,1,22.653333333333332,19.163333333333334,26.14666666666667,0,14,0,0
C619Y,Gran Canaria,2016,7,LA ALDEA DE SAN NICOLÁS,31,31,31,31,1,23.93225806451613,20.903225806451612,26.95806451612903,0,29,0,0
C619Y,Gran Canaria,2016,8,LA ALDEA DE SAN NICOLÁS,31,31,31,31,1,24.809677419354838,21.129032258064516,28.5,3.4,22,0,0
C619Y,Gran Canaria,2016,9,LA ALDEA DE SAN NICOLÁS,30,30,30,30,1,24.043333333333333,20.506666666666668,27.566666666666666,0.2,17,0,0
C619Y,Gran Canaria,2016,10,LA ALDEA DE SAN NICOLÁS,31,31,31,31,1,23.087096774193547,18.461290322580645,27.72258064516129,0,7,0,0
C619Y,Gran Canaria,2016,11,LA ALDEA DE SAN NICOLÁS,30,30,30,30,1,20.003333333333334,15.06,24.933333333333334,0,1,0,0
C619Y,Gran Canaria,2016,12,LA ALDEA DE SAN NICOLÁS,31,31,31,31,1,18.45483870967742,13.13225806451613,23.774193548387096,11.2,1,0,0
C619Y,Gran Canaria,2017,1,LA ALDEA DE SAN NICOLÁS,31,31,31,31,1,17.316129032258065,11.754838709677419,22.874193548387098,10,0,0,0
C619Y,Gran Canaria,2017,2,LA ALDEA DE SAN NICOLÁS,28,28,28,28,1,17.757142857142856,13.285714285714286,22.242857142857144,21.2,0,0,0
C619Y,Gran Canaria,2017,3,LA ALDEA DE SAN NICOLÁS,31,29,28,29,0.9032258064516129,19.160714285714285,14.032142857142857,24.285714285714285,11,0,0,0
C619Y,Gran Canaria,2017,4,LA ALDEA DE SAN NICOLÁS,30,30,29,30,0.9666666666666667,20.77241379310345,16.386206896551723,25.16551724137931,1.4000000000000001,2,0,0
C619Y,Gran Canaria,2017,5,LA ALDEA DE SAN NICOLÁS,31,25,25,24,0.8064516129032258,22.18,18.024,26.32,2.8,6,0,0
C619Y,Gran Canaria,2017,6,LA ALDEA DE SAN NICOLÁS,30,28,28,28,0.9333333333333333,23.914285714285715,20.29642857142857,27.525,0,18,0,0
C619Y,Gran Canaria,2017,7,LA ALDEA DE SAN NICOLÁS,31,31,31,30,1,24.496774193548386,21.096774193548388,27.916129032258066,0,28,0,0
C619Y,Gran Canaria,2017,8,LA ALDEA DE SAN NICOLÁS,31,31,31,31,1,24.941935483870967,21.329032258064515,28.545161290322582,0.4,24,0,0
C619Y,Gran Canaria,2017,9,LA ALDEA DE SAN NICOLÁS,30,30,30,30,1,24.54,20.663333333333334,28.41,0.8,19,0,0
C619Y,Gran Canaria,2017,10,LA ALDEA DE SAN NICOLÁS,31,31,30,31,0.967741935483871,23.943333333333335,18.916666666666668,28.96666666666667,0.2,12,0,0
C619Y,Gran Canaria,2017,11,LA ALDEA DE SAN NICOLÁS,30,30,30,29,1,21.406666666666666,15.733333333333334,27.096666666666668,0.8,0,0,0
C619Y,Gran Canaria,2017,12,LA ALDEA DE SAN NICOLÁS,31,31,31,31,1,17.43225806451613,12.474193548387097,22.416129032258063,39,0,0,0
C619Y,Gran Canaria,2018,1,LA ALDEA DE SAN NICOLÁS,31,31,31,31,1,17.261290322580646,12.683870967741935,21.829032258064515,23.2,0,0,0
C619Y,Gran Canaria,2018,2,LA ALDEA DE SAN NICOLÁS,28,28,28,27,1,17.039285714285715,13.017857142857142,21.057142857142857,60.6,0,0,0
C619Y,Gran Canaria,2018,3,LA ALDEA DE SAN NICOLÁS,31,31,31,31,1,19.429032258064517,14.987096774193548,23.85483870967742,1.2000000000000002,0,0,0
C619Y,Gran Canaria,2018,4,LA ALDEA DE SAN NICOLÁS,30,30,30,30,1,19.81,15.81,23.80666666666667,3.6,0,0,0
C619Y,Gran Canaria,2018,5,LA ALDEA DE SAN NICOLÁS,31,31,31,31,1,21.16774193548387,17.558064516129033,24.76451612903226,0.8,0,0,0
C619Y,Gran Canaria,2018,6,LA ALDEA DE SAN NICOLÁS,30,30,30,30,1,22.02,18.45,25.61,0,4,0,0
C619Y,Gran Canaria,2018,7,LA ALDEA DE SAN NICOLÁS,31,31,31,30,1,23.412903225806453,20.496774193548386,26.348387096774193,0,24,0,0
C619Y,Gran Canaria,2018,8,LA ALDEA DE SAN NICOLÁS,31,31,31,31,1,24.635483870967743,21.503225806451614,27.758064516129032,1,27,0,0
C619Y,Gran Canaria,2018,9,LA ALDEA DE SAN NICOLÁS,30,30,30,30,1,24.856666666666666,21.083333333333332,28.643333333333334,0,22,0,0
C619Y,Gran Canaria,2018,10,LA ALDEA DE SAN NICOLÁS,31,31,31,31,1,22.95806451612903,18.506451612903227,27.416129032258063,15.799999999999999,8,0,0
C619Y,Gran Canaria,2018,11,LA ALDEA DE SAN NICOLÁS,30,30,30,30,1,20.076666666666668,15.716666666666667,24.46,41.4,2,0,0
C619Y,Gran Canaria,2018,12,LA ALDEA DE SAN NICOLÁS,31,31,31,31,1,18.009677419354837,11.629032258064516,24.387096774193548,0,0,0,0
C619Y,Gran Canaria,2019,1,LA ALDEA DE SAN NICOLÁS,31,31,31,31,1,16.861290322580647,11.67741935483871,22.05483870967742,6.8,0,0,0
C619Y,Gran Canaria,2019,2,LA ALDEA DE SAN NICOLÁS,28,28,28,28,1,17.764285714285712,11.07857142857143,24.425,2.8000000000000003,0,0,0
C619Y,Gran Canaria,2019,3,LA ALDEA DE SAN NICOLÁS,31,31,31,31,1,18.470967741935485,13.712903225806452,23.23548387096774,8.6,0,0,0
C619Y,Gran Canaria,2019,4,LA ALDEA DE SAN NICOLÁS,30,30,30,29,1,20.246666666666666,16.21666666666667,24.243333333333332,2,0,0,0
C619Y,Gran Canaria,2019,5,LA ALDEA DE SAN NICOLÁS,31,31,31,31,1,21.14516129032258,17.52258064516129,24.770967741935483,0.2,0,0,0
C619Y,Gran Canaria,2019,6,LA ALDEA DE SAN NICOLÁS,30,30,30,30,1,22.97,19.036666666666665,26.923333333333332,0.6000000000000001,12,0,0
C619Y,Gran Canaria,2019,7,LA ALDEA DE SAN NICOLÁS,31,28,28,26,0.9032258064516129,24.09642857142857,20.960714285714285,27.239285714285714,0.2,24,0,0
C619Y,Gran Canaria,2019,8,LA ALDEA DE SAN NICOLÁS,31,31,31,31,1,24.641935483870967,21.335483870967742,27.961290322580645,0.8,27,0,0
C619Y,Gran Canaria,2019,9,LA ALDEA DE SAN NICOLÁS,30,30,30,30,1,23.966666666666665,19.986666666666668,27.943333333333335,1.6,13,0,0
C619Y,Gran Canaria,2019,10,LA ALDEA DE SAN NICOLÁS,31,31,31,31,1,23.06774193548387,18.683870967741935,27.46451612903226,1.2,7,0,0
C619Y,Gran Canaria,2019,11,LA ALDEA DE SAN NICOLÁS,30,30,30,30,1,21.536666666666665,17.453333333333333,25.616666666666667,4.6,8,0,0
C619Y,Gran Canaria,2019,12,LA ALDEA DE SAN NICOLÁS,31,31,31,30,1,18.474193548387095,13.23225806451613,23.72258064516129,13.799999999999999,0,0,0
C619Y,Gran Canaria,2020,1,LA ALDEA DE SAN NICOLÁS,31,31,31,31,1,16.93225806451613,11.187096774193549,22.703225806451613,0,0,0,0
C619Y,Gran Canaria,2020,2,LA ALDEA DE SAN NICOLÁS,29,28,28,26,0.9655172413793104,19.639285714285712,14.060714285714285,25.2,0.2,2,0,0
C619Y,Gran Canaria,2020,3,LA ALDEA DE SAN NICOLÁS,31,31,31,31,1,19.229032258064517,14.364516129032259,24.087096774193547,14.200000000000001,0,0,0
C619Y,Gran Canaria,2020,4,LA ALDEA DE SAN NICOLÁS,30,29,29,27,0.9666666666666667,20.951724137931034,16.83103448275862,25.072413793103447,1.4,1,0,0
C619Y,Gran Canaria,2020,5,LA ALDEA DE SAN NICOLÁS,31,31,31,29,1,22.26451612903226,17.64516129032258,26.880645161290325,0,3,0,0
C619Y,Gran Canaria,2020,6,LA ALDEA DE SAN NICOLÁS,30,30,30,30,1,24.27,20.556666666666665,27.976666666666667,3,21,0,0
C619Y,Gran Canaria,2020,7,LA ALDEA DE SAN NICOLÁS,31,31,31,30,1,24.10322580645161,21.274193548387096,26.92258064516129,0,27,0,0
C619Y,Gran Canaria,2020,8,LA ALDEA DE SAN NICOLÁS,31,31,31,31,1,25.34193548387097,22.003225806451614,28.664516129032258,0,29,0,0
C619Y,Gran Canaria,2020,9,LA ALDEA DE SAN NICOLÁS,30,30,30,30,1,25.48,21.473333333333333,29.48,0,23,0,0
C619Y,Gran Canaria,2020,10,LA ALDEA DE SAN NICOLÁS,31,31,31,31,1,23.212903225806453,19.019354838709678,27.4,18.8,11,0,0
C619Y,Gran Canaria,2020,11,LA ALDEA DE SAN NICOLÁS,30,29,29,29,0.9666666666666667,21.406896551724138,16.26896551724138,26.52413793103448,12,0,0,0
C619Y,Gran Canaria,2020,12,LA ALDEA DE SAN NICOLÁS,31,31,31,30,1,18.848387096774193,14.516129032258064,23.18064516129032,15.4,0,0,0
C619Y,Gran Canaria,2021,1,LA ALDEA DE SAN NICOLÁS,31,31,31,31,1,17.18709677419355,12.548387096774194,21.822580645161292,24.400000000000002,2,0,0
C619Y,Gran Canaria,2021,2,LA ALDEA DE SAN NICOLÁS,28,28,28,28,1,17.65714285714286,12.528571428571428,22.78214285714286,14.799999999999999,0,0,0
C619Y,Gran Canaria,2021,3,LA ALDEA DE SAN NICOLÁS,31,31,31,31,1,19.283870967741937,14.641935483870968,23.916129032258066,7.8,0,0,0
C619Y,Gran Canaria,2021,4,LA ALDEA DE SAN NICOLÁS,30,30,30,29,1,20.686666666666667,16.31,25.076666666666668,1,0,0,0
C619Y,Gran Canaria,2021,5,LA ALDEA DE SAN NICOLÁS,31,31,31,31,1,22.016129032258064,18.79032258064516,25.23548387096774,0,1,0,0
C619Y,Gran Canaria,2021,6,LA ALDEA DE SAN NICOLÁS,30,30,30,30,1,23.116666666666667,19.463333333333335,26.759999999999998,0.2,11,0,0
C619Y,Gran Canaria,2021,7,LA ALDEA DE SAN NICOLÁS,31,31,31,30,1,23.73548387096774,20.53548387096774,26.929032258064517,0,24,0,0
C619Y,Gran Canaria,2021,8,LA ALDEA DE SAN NICOLÁS,31,31,31,31,1,24.780645161290323,20.864516129032257,28.693548387096772,0,21,1,0
C619Y,Gran Canaria,2021,9,LA ALDEA DE SAN NICOLÁS,30,30,30,30,1,25.15,20.836666666666666,29.453333333333333,0.2,18,0,0
C619Y,Gran Canaria,2021,10,LA ALDEA DE SAN NICOLÁS,31,31,31,31,1,23.309677419354838,18.370967741935484,28.241935483870968,0.2,10,0,0
C619Y,Gran Canaria,2021,11,LA ALDEA DE SAN NICOLÁS,30,30,30,30,1,20.10333333333333,15.44,24.773333333333333,2.8000000000000003,1,0,0
C619Y,Gran Canaria,2021,12,LA ALDEA DE SAN NICOLÁS,31,31,29,30,0.9354838709677419,17.982758620689655,12.627586206896552,23.320689655172412,0,0,0,0
C619Y,Gran Canaria,2022,1,LA ALDEA DE SAN NICOLÁS,31,31,30,30,0.967741935483871,17.96,12.613333333333333,23.32,10.6,0,0,0
C619Y,Gran Canaria,2022,2,LA ALDEA DE SAN NICOLÁS,28,28,28,28,1,19.53214285714286,14.121428571428572,24.932142857142857,22.6,0,0,0
C619Y,Gran Canaria,2022,3,LA ALDEA DE SAN NICOLÁS,31,31,31,31,1,19.26774193548387,15.293548387096774,23.26451612903226,16.6,0,0,0
C619Y,Gran Canaria,2022,4,LA ALDEA DE SAN NICOLÁS,30,30,29,29,0.9666666666666667,20.427586206896553,16.113793103448277,24.73448275862069,3.4,0,0,0
C619Y,Gran Canaria,2022,5,LA ALDEA DE SAN NICOLÁS,31,31,31,31,1,21.758064516129032,17.706451612903226,25.796774193548387,0.2,2,0,0
C619Y,Gran Canaria,2022,6,LA ALDEA DE SAN NICOLÁS,30,30,30,30,1,23.446666666666665,20.063333333333333,26.813333333333333,0,23,0,0
C619Y,Gran Canaria,2022,7,LA ALDEA DE SAN NICOLÁS,31,31,31,30,1,24.758064516129032,21.596774193548388,27.92258064516129,0,29,0,0
C619Y,Gran Canaria,2022,8,LA ALDEA DE SAN NICOLÁS,31,31,31,31,1,24.796774193548387,21.583870967741934,28.02258064516129,4,26,0,0
C619Y,Gran Canaria,2022,9,LA ALDEA DE SAN NICOLÁS,30,30,30,29,1,25.06,21.666666666666668,28.436666666666667,134.4,26,0,0
C619Y,Gran Canaria,2022,10,LA ALDEA DE SAN NICOLÁS,31,31,31,31,1,23.28709677419355,18.63225806451613,27.93225806451613,7.2,10,0,0
C619Y,Gran Canaria,2022,11,LA ALDEA DE SAN NICOLÁS,30,30,30,29,1,20.863333333333333,14.586666666666666,27.143333333333334,0,0,0,0
C619Y,Gran Canaria,2022,12,LA ALDEA DE SAN NICOLÁS,31,31,31,31,1,20.203225806451613,14.896774193548387,25.496774193548386,27.6,1,0,0
C619Y,Gran Canaria,2023,1,LA ALDEA DE SAN NICOLÁS,31,31,31,31,1,18.006451612903227,12.864516129032259,23.135483870967743,10.4,0,0,0
C619Y,Gran Canaria,2023,2,LA ALDEA DE SAN NICOLÁS,28,28,28,28,1,17.771428571428572,12.685714285714285,22.892857142857142,23.400000000000002,0,0,0
C619Y,Gran Canaria,2023,3,LA ALDEA DE SAN NICOLÁS,31,31,30,30,0.967741935483871,20.41,14.37,26.456666666666667,0,1,0,0
C619Y,Gran Canaria,2023,4,LA ALDEA DE SAN NICOLÁS,30,30,30,29,1,21.09,16.233333333333334,25.933333333333334,0.6,0,0,0
C619Y,Gran Canaria,2023,5,LA ALDEA DE SAN NICOLÁS,31,31,31,1,1,22.25483870967742,17.970967741935485,26.54193548387097,0,6,0,0
C619Y,Gran Canaria,2023,6,LA ALDEA DE SAN NICOLÁS,30,30,30,29,1,24.503333333333334,20.533333333333335,28.493333333333332,0.8,20,0,0
C619Y,Gran Canaria,2023,7,LA ALDEA DE SAN NICOLÁS,31,31,31,31,1,25.441935483870967,22.374193548387098,28.50967741935484,0,30,0,0
C619Y,Gran Canaria,2023,8,LA ALDEA DE SAN NICOLÁS,31,31,31,31,1,26.596774193548388,22.929032258064517,30.251612903225805,1.7999999999999998,30,3,0
C619Y,Gran Canaria,2023,9,LA ALDEA DE SAN NICOLÁS,30,30,30,30,1,25.633333333333333,21.463333333333335,29.82,3.6,24,0,0
C619Y,Gran Canaria,2023,10,LA ALDEA DE SAN NICOLÁS,31,31,31,30,1,25.348387096774193,19.383870967741935,31.32258064516129,11.6,12,0,0
C619Y,Gran Canaria,2023,11,LA ALDEA DE SAN NICOLÁS,30,30,30,30,1,22.086666666666666,16.51,27.653333333333332,2.8,6,0,0
C619Y,Gran Canaria,2023,12,LA ALDEA DE SAN NICOLÁS,31,31,31,31,1,18.758064516129032,12.896774193548387,24.62258064516129,6.8,0,0,0
C619Y,Gran Canaria,2024,1,LA ALDEA DE SAN NICOLÁS,31,31,31,30,1,20.016129032258064,13.774193548387096,26.241935483870968,0,1,0,0
C619Y,Gran Canaria,2024,2,LA ALDEA DE SAN NICOLÁS,29,29,28,28,0.9655172413793104,20.057142857142857,14.364285714285714,25.735714285714284,1.2,1,0,0
C619Y,Gran Canaria,2024,3,LA ALDEA DE SAN NICOLÁS,31,31,31,31,1,20.261290322580646,15.719354838709677,24.793548387096774,7.8,0,0,0
C619Y,Gran Canaria,2024,4,LA ALDEA DE SAN NICOLÁS,30,30,30,29,1,22.14666666666667,17.236666666666668,27.05,0.4,3,0,0
C619Y,Gran Canaria,2024,5,LA ALDEA DE SAN NICOLÁS,31,31,31,31,1,22.358064516129033,18.374193548387098,26.364516129032257,1,5,0,0
C619Y,Gran Canaria,2024,6,LA ALDEA DE SAN NICOLÁS,30,30,30,30,1,23.426666666666666,20.106666666666666,26.753333333333334,0,21,0,0
C619Y,Gran Canaria,2024,7,LA ALDEA DE SAN NICOLÁS,31,31,31,30,1,23.774193548387096,20.796774193548387,26.74516129032258,0,25,0,0
C619Y,Gran Canaria,2024,8,LA ALDEA DE SAN NICOLÁS,31,31,31,31,1,25.116129032258065,22.129032258064516,28.103225806451615,1.6,31,0,0
C619Y,Gran Canaria,2024,9,LA ALDEA DE SAN NICOLÁS,30,30,30,28,1,24.013333333333332,19.99,28.043333333333333,0.2,16,0,0
C619Y,Gran Canaria,2024,10,LA ALDEA DE SAN NICOLÁS,31,31,31,31,1,23.316129032258065,19.280645161290323,27.34516129032258,11.6,13,0,0
C619Y,Gran Canaria,2024,11,LA ALDEA DE SAN NICOLÁS,30,30,30,30,1,22.83,16.93,28.706666666666667,4.8,2,0,0
C619Y,Gran Canaria,2024,12,LA ALDEA DE SAN NICOLÁS,31,31,31,31,1,19.193548387096772,13.974193548387097,24.406451612903226,18.2,1,0,0
C619Y,Gran Canaria,2025,1,LA ALDEA DE SAN NICOLÁS,31,31,31,31,1,18.05483870967742,12.990322580645161,23.11935483870968,4.4,0,0,0
C619Y,Gran Canaria,2025,2,LA ALDEA DE SAN NICOLÁS,28,28,28,27,1,18.167857142857144,12.889285714285714,23.435714285714287,9.8,0,0,0
C619Y,Gran Canaria,2025,3,LA ALDEA DE SAN NICOLÁS,31,31,31,30,1,19.648387096774194,15.22258064516129,24.083870967741934,7.2,0,0,0
C619Y,Gran Canaria,2025,4,LA ALDEA DE SAN NICOLÁS,30,30,30,29,1,20.72,16.866666666666667,24.573333333333334,30,0,0,0
C619Y,Gran Canaria,2025,5,LA ALDEA DE SAN NICOLÁS,31,31,31,31,1,21.693548387096776,17.941935483870967,25.467741935483872,4.8,1,0,0
C619Y,Gran Canaria,2025,6,LA ALDEA DE SAN NICOLÁS,30,30,30,28,1,23.403333333333332,20.22,26.593333333333334,0,20,0,0
C619Y,Gran Canaria,2025,7,LA ALDEA DE SAN NICOLÁS,31,31,31,28,1,24.61935483870968,21.387096774193548,27.870967741935484,0,26,0,0
C619Y,Gran Canaria,2025,8,LA ALDEA DE SAN NICOLÁS,31,31,31,30,1,25.480645161290322,22.23548387096774,28.725806451612904,0,29,0,0
C619Y,Gran Canaria,2025,9,LA ALDEA DE SAN NICOLÁS,30,30,30,30,1,25.876666666666665,22.193333333333335,29.563333333333333,0,25,3,0
C619Y,Gran Canaria,2025,10,LA ALDEA DE SAN NICOLÁS,31,31,31,30,1,23.232258064516127,19.080645161290324,27.36774193548387,0,11,0,0
C619Y,Gran Canaria,2025,11,LA ALDEA DE SAN NICOLÁS,30,30,30,30,1,21.543333333333333,16.973333333333333,26.123333333333335,32.8,3,0,0
C619Y,Gran Canaria,2025,12,LA ALDEA DE SAN NICOLÁS,31,31,31,31,1,18.203225806451613,13.835483870967742,22.6,92.2,0,0,0
C649I,Gran Canaria,2015,1,GRAN CANARIA AEROPUERTO,31,31,31,31,1,18.587096774193547,15.919354838709678,21.270967741935483,1.9000000000000001,0,0,0
C649I,Gran Canaria,2015,2,GRAN CANARIA AEROPUERTO,28,28,28,28,1,17.642857142857142,15.014285714285714,20.25,8.7,0,0,0
C649I,Gran Canaria,2015,3,GRAN CANARIA AEROPUERTO,31,31,26,31,0.8387096774193549,18.803846153846155,15.876923076923077,21.71923076923077,17.6,0,0,0
C649I,Gran Canaria,2015,4,GRAN CANARIA AEROPUERTO,30,30,30,30,1,19.11,16.253333333333334,21.976666666666667,0,0,0,0
C649I,Gran Canaria,2015,5,GRAN CANARIA AEROPUERTO,31,31,30,31,0.967741935483871,22.003333333333334,18.666666666666668,25.293333333333333,0,3,0,0
C649I,Gran Canaria,2015,6,GRAN CANARIA AEROPUERTO,30,30,24,30,0.8,22.25,19.204166666666666,25.2875,0,5,0,0
C649I,Gran Canaria,2015,7,GRAN CANARIA AEROPUERTO,31,31,28,31,0.9032258064516129,25.521428571428572,22.114285714285714,28.92857142857143,0,28,0,0
C649I,Gran Canaria,2015,8,GRAN CANARIA AEROPUERTO,31,31,27,31,0.8709677419354839,25.744444444444444,22.92962962962963,28.555555555555557,4.6000000000000005,27,1,0
C649I,Gran Canaria,2015,9,GRAN CANARIA AEROPUERTO,30,30,30,30,1,25.24,22.726666666666667,27.766666666666666,8.2,30,0,0
C649I,Gran Canaria,2015,10,GRAN CANARIA AEROPUERTO,31,31,30,31,0.967741935483871,24.246666666666666,21.316666666666666,27.18,113.7,23,2,0
C649I,Gran Canaria,2015,11,GRAN CANARIA AEROPUERTO,30,30,29,30,0.9666666666666667,22.458620689655174,19.855172413793102,25.041379310344826,4.6,14,0,0
C649I,Gran Canaria,2015,12,GRAN CANARIA AEROPUERTO,31,31,28,31,0.9032258064516129,20.614285714285714,17.303571428571427,23.939285714285713,3.5,0,0,0
C649I,Gran Canaria,2016,1,GRAN CANARIA AEROPUERTO,31,31,31,31,1,19.974193548387095,17,22.94516129032258,5.3,0,0,0
C649I,Gran Canaria,2016,2,GRAN CANARIA AEROPUERTO,29,29,29,29,1,18.886206896551723,16.20344827586207,21.575862068965517,47.3,0,0,0
C649I,Gran Canaria,2016,3,GRAN CANARIA AEROPUERTO,31,31,31,31,1,18.551612903225806,15.64516129032258,21.46451612903226,8.7,0,0,0
C649I,Gran Canaria,2016,4,GRAN CANARIA AEROPUERTO,30,30,30,30,1,19.833333333333332,16.716666666666665,22.92,0.30000000000000004,0,0,0
C649I,Gran Canaria,2016,5,GRAN CANARIA AEROPUERTO,31,31,29,31,0.9354838709677419,21.393103448275863,18.310344827586206,24.49310344827586,2.1,0,0,0
C649I,Gran Canaria,2016,6,GRAN CANARIA AEROPUERTO,30,30,29,30,0.9666666666666667,24.017241379310345,20.958620689655174,27.075862068965517,0.4,25,0,0
C649I,Gran Canaria,2016,7,GRAN CANARIA AEROPUERTO,31,31,30,31,0.967741935483871,25.953333333333333,22.373333333333335,29.53,0,30,0,0
C649I,Gran Canaria,2016,8,GRAN CANARIA AEROPUERTO,31,31,28,31,0.9032258064516129,26.764285714285716,23.632142857142856,29.90357142857143,0.3,28,4,0
C649I,Gran Canaria,2016,9,GRAN CANARIA AEROPUERTO,30,30,27,30,0.9,24.274074074074075,21.64814814814815,26.892592592592592,4.6,27,0,0
C649I,Gran Canaria,2016,10,GRAN CANARIA AEROPUERTO,31,31,31,31,1,23.338709677419356,20.316129032258065,26.39677419354839,40.7,21,0,0
C649I,Gran Canaria,2016,11,GRAN CANARIA AEROPUERTO,30,30,30,30,1,20.996666666666666,18.213333333333335,23.759999999999998,12.4,4,0,0
C649I,Gran Canaria,2016,12,GRAN CANARIA AEROPUERTO,31,31,29,31,0.9354838709677419,19.56896551724138,16.82758620689655,22.29655172413793,17.4,1,0,0
C649I,Gran Canaria,2017,1,GRAN CANARIA AEROPUERTO,31,31,31,31,1,18.338709677419356,15.361290322580645,21.33225806451613,1.8,0,0,0
C649I,Gran Canaria,2017,2,GRAN CANARIA AEROPUERTO,28,28,27,28,0.9642857142857143,18.622222222222224,15.607407407407408,21.625925925925927,7.1,0,0,0
C649I,Gran Canaria,2017,3,GRAN CANARIA AEROPUERTO,31,31,30,31,0.967741935483871,18.94333333333333,15.816666666666666,22.07,16.2,1,0,0
C649I,Gran Canaria,2017,4,GRAN CANARIA AEROPUERTO,30,30,30,30,1,21.06,17.593333333333334,24.54,1.4,1,0,0
C649I,Gran Canaria,2017,5,GRAN CANARIA AEROPUERTO,31,31,30,31,0.967741935483871,22.1,19.156666666666666,25.006666666666668,1.7000000000000002,5,0,0
C649I,Gran Canaria,2017,6,GRAN CANARIA AEROPUERTO,30,30,29,30,0.9666666666666667,23.6,20.427586206896553,26.79310344827586,0,17,0,0
C649I,Gran Canaria,2017,7,GRAN CANARIA AEROPUERTO,31,31,31,31,1,24.206451612903226,21.087096774193547,27.329032258064515,0,28,1,0
C649I,Gran Canaria,2017,8,GRAN CANARIA AEROPUERTO,31,31,30,31,0.967741935483871,25.48,22.1,28.87,0.1,30,0,0
C649I,Gran Canaria,2017,9,GRAN CANARIA AEROPUERTO,30,30,29,30,0.9666666666666667,24.358620689655172,21.593103448275862,27.1,0.30000000000000004,29,0,0
C649I,Gran Canaria,2017,10,GRAN CANARIA AEROPUERTO,31,31,31,31,1,24.34516129032258,21.032258064516128,27.64516129032258,3.7,23,0,0
C649I,Gran Canaria,2017,11,GRAN CANARIA AEROPUERTO,30,30,30,30,1,21.883333333333333,18.86,24.9,4.1000000000000005,4,0,0
C649I,Gran Canaria,2017,12,GRAN CANARIA AEROPUERTO,31,31,31,31,1,18.703225806451613,16.23548387096774,21.15806451612903,22.2,0,0,0
C649I,Gran Canaria,2018,1,GRAN CANARIA AEROPUERTO,31,31,31,31,1,17.88064516129032,15.190322580645162,20.56451612903226,23.099999999999998,0,0,0
C649I,Gran Canaria,2018,2,GRAN CANARIA AEROPUERTO,28,28,28,28,1,16.814285714285713,13.964285714285714,19.67142857142857,68.9,0,0,0
C649I,Gran Canaria,2018,3,GRAN CANARIA AEROPUERTO,31,31,23,31,0.7419354838709677,19.27391304347826,16.234782608695653,22.321739130434782,0.2,0,0,0
C649I,Gran Canaria,2018,4,GRAN CANARIA AEROPUERTO,30,30,29,30,0.9666666666666667,19.086206896551722,15.813793103448276,22.351724137931033,3.6,0,0,0
C649I,Gran Canaria,2018,5,GRAN CANARIA AEROPUERTO,31,31,31,31,1,19.993548387096773,16.90967741935484,23.06774193548387,0.1,0,0,0
C649I,Gran Canaria,2018,6,GRAN CANARIA AEROPUERTO,30,30,30,30,1,21.65,18.51,24.78,0.2,2,0,0
C649I,Gran Canaria,2018,7,GRAN CANARIA AEROPUERTO,31,31,30,31,0.967741935483871,23.39666666666667,20.523333333333333,26.28333333333333,0,26,0,0
C649I,Gran Canaria,2018,8,GRAN CANARIA AEROPUERTO,31,31,31,31,1,24.661290322580644,21.516129032258064,27.81290322580645,0.3,31,0,0
C649I,Gran Canaria,2018,9,GRAN CANARIA AEROPUERTO,30,30,29,30,0.9666666666666667,24.655172413793103,21.868965517241378,27.43448275862069,0.3,29,0,0
C649I,Gran Canaria,2018,10,GRAN CANARIA AEROPUERTO,31,31,31,31,1,22.60967741935484,19.712903225806453,25.493548387096773,44.5,16,0,0
C649I,Gran Canaria,2018,11,GRAN CANARIA AEROPUERTO,30,30,30,30,1,20.02,17,23.043333333333333,15.9,0,0,0
C649I,Gran Canaria,2018,12,GRAN CANARIA AEROPUERTO,31,31,30,31,0.967741935483871,19.556666666666665,16.49,22.636666666666667,0.5,0,0,0
C649I,Gran Canaria,2019,1,GRAN CANARIA AEROPUERTO,31,31,31,31,1,17.583870967741934,14.719354838709677,20.441935483870967,13.2,0,0,0
C649I,Gran Canaria,2019,2,GRAN CANARIA AEROPUERTO,28,28,28,28,1,18.764285714285716,15.332142857142857,22.207142857142856,6.8999999999999995,0,0,0
C649I,Gran Canaria,2019,3,GRAN CANARIA AEROPUERTO,31,31,31,31,1,18.493548387096773,15.596774193548386,21.383870967741935,16.9,0,0,0
C649I,Gran Canaria,2019,4,GRAN CANARIA AEROPUERTO,30,30,19,30,0.6333333333333333,19.3,15.994736842105263,22.610526315789475,12,0,0,0
C649I,Gran Canaria,2019,5,GRAN CANARIA AEROPUERTO,31,31,31,31,1,21.11935483870968,17.84193548387097,24.387096774193548,0,0,0,0
C649I,Gran Canaria,2019,6,GRAN CANARIA AEROPUERTO,30,30,30,30,1,22.316666666666666,19.08,25.573333333333334,0.4,9,0,0
C649I,Gran Canaria,2019,7,GRAN CANARIA AEROPUERTO,31,31,30,31,0.967741935483871,23.706666666666667,20.80666666666667,26.64,0,30,0,0
C649I,Gran Canaria,2019,8,GRAN CANARIA AEROPUERTO,31,31,31,31,1,24.741935483870968,21.65806451612903,27.825806451612902,0.1,31,0,0
C649I,Gran Canaria,2019,9,GRAN CANARIA AEROPUERTO,30,30,29,30,0.9666666666666667,24.1,21.251724137931035,26.96551724137931,1.5999999999999999,27,0,0
C649I,Gran Canaria,2019,10,GRAN CANARIA AEROPUERTO,31,31,31,31,1,23.37741935483871,20.593548387096774,26.148387096774194,2.9,22,0,0
C649I,Gran Canaria,2019,11,GRAN CANARIA AEROPUERTO,30,30,29,30,0.9666666666666667,21.337931034482757,18.644827586206898,24.044827586206896,6.8,5,0,0
C649I,Gran Canaria,2019,12,GRAN CANARIA AEROPUERTO,31,31,30,31,0.967741935483871,19.256666666666668,16.266666666666666,22.263333333333332,16.8,0,0,0
C649I,Gran Canaria,2020,1,GRAN CANARIA AEROPUERTO,31,31,31,31,1,17.761290322580646,14.67741935483871,20.84516129032258,2,0,0,0
C649I,Gran Canaria,2020,2,GRAN CANARIA AEROPUERTO,29,29,29,29,1,20.137931034482758,16.886206896551723,23.375862068965517,1.1,2,0,0
C649I,Gran Canaria,2020,3,GRAN CANARIA AEROPUERTO,31,31,31,31,1,18.848387096774193,15.751612903225807,21.94516129032258,15.8,0,0,0
C649I,Gran Canaria,2020,4,GRAN CANARIA AEROPUERTO,30,30,30,30,1,20.18,16.953333333333333,23.41,7.699999999999999,0,0,0
C649I,Gran Canaria,2020,5,GRAN CANARIA AEROPUERTO,31,31,30,31,0.967741935483871,21.5,18.153333333333332,24.833333333333332,0.6,2,0,0
C649I,Gran Canaria,2020,6,GRAN CANARIA AEROPUERTO,30,30,30,30,1,23.333333333333332,20.49,26.186666666666667,0.9,22,0,0
C649I,Gran Canaria,2020,7,GRAN CANARIA AEROPUERTO,31,31,30,31,0.967741935483871,24.683333333333334,21.516666666666666,27.85,0,30,1,0
C649I,Gran Canaria,2020,8,GRAN CANARIA AEROPUERTO,31,31,29,31,0.9354838709677419,25.53793103448276,22.30344827586207,28.779310344827586,0.4,29,1,0
C649I,Gran Canaria,2020,9,GRAN CANARIA AEROPUERTO,30,30,30,30,1,25.363333333333333,22.293333333333333,28.443333333333335,1.8,30,2,0
C649I,Gran Canaria,2020,10,GRAN CANARIA AEROPUERTO,31,31,31,31,1,23.370967741935484,20.53548387096774,26.219354838709677,4.4,23,0,0
C649I,Gran Canaria,2020,11,GRAN CANARIA AEROPUERTO,30,30,30,30,1,21.73,18.573333333333334,24.873333333333335,17.8,7,0,0
C649I,Gran Canaria,2020,12,GRAN CANARIA AEROPUERTO,31,31,31,31,1,19.2,16.44516129032258,21.967741935483872,10.799999999999999,0,0,0
C649I,Gran Canaria,2021,1,GRAN CANARIA AEROPUERTO,31,31,30,31,0.967741935483871,18.333333333333332,15.493333333333334,21.163333333333334,32,0,0,0
C649I,Gran Canaria,2021,2,GRAN CANARIA AEROPUERTO,28,28,28,28,1,18.24642857142857,14.978571428571428,21.5,7.2,0,0,0
C649I,Gran Canaria,2021,3,GRAN CANARIA AEROPUERTO,31,31,23,31,0.7419354838709677,18.87391304347826,15.804347826086957,21.93913043478261,7.1000000000000005,0,0,0
C649I,Gran Canaria,2021,4,GRAN CANARIA AEROPUERTO,30,30,28,30,0.9333333333333333,20.067857142857143,16.96785714285714,23.17142857142857,1.5,0,0,0
C649I,Gran Canaria,2021,5,GRAN CANARIA AEROPUERTO,31,31,23,31,0.7419354838709677,21.160869565217393,18.269565217391303,24.026086956521738,0,1,0,0
C649I,Gran Canaria,2021,6,GRAN CANARIA AEROPUERTO,30,30,30,30,1,22.53,19.496666666666666,25.573333333333334,0,5,0,0
C649I,Gran Canaria,2021,7,GRAN CANARIA AEROPUERTO,31,31,31,31,1,24,20.738709677419354,27.261290322580646,0.1,27,0,0
C649I,Gran Canaria,2021,8,GRAN CANARIA AEROPUERTO,31,31,31,31,1,25.1,21.858064516129033,28.348387096774193,0.2,31,3,0
C649I,Gran Canaria,2021,9,GRAN CANARIA AEROPUERTO,30,30,30,30,1,24.693333333333335,21.94,27.43,0.3,30,0,0
C649I,Gran Canaria,2021,10,GRAN CANARIA AEROPUERTO,31,31,30,31,0.967741935483871,23.333333333333332,20.553333333333335,26.116666666666667,0.4,22,0,0
C649I,Gran Canaria,2021,11,GRAN CANARIA AEROPUERTO,30,30,30,30,1,20.42,17.796666666666667,23.03,6.1,1,0,0
C649I,Gran Canaria,2021,12,GRAN CANARIA AEROPUERTO,31,31,31,31,1,19.03548387096774,15.990322580645161,22.087096774193547,1.8,0,0,0
C649I,Gran Canaria,2022,1,GRAN CANARIA AEROPUERTO,31,31,30,31,0.967741935483871,18.156666666666666,15.193333333333333,21.116666666666667,18,0,0,0
C649I,Gran Canaria,2022,2,GRAN CANARIA AEROPUERTO,28,28,28,28,1,19.175,15.946428571428571,22.435714285714287,10.299999999999999,0,0,0
C649I,Gran Canaria,2022,3,GRAN CANARIA AEROPUERTO,31,31,30,31,0.967741935483871,18.56,15.426666666666666,21.703333333333333,7,0,0,0
C649I,Gran Canaria,2022,4,GRAN CANARIA AEROPUERTO,30,30,30,30,1,19.55,16.38,22.723333333333333,3.4,0,0,0
C649I,Gran Canaria,2022,5,GRAN CANARIA AEROPUERTO,31,31,31,31,1,21.574193548387097,18.241935483870968,24.916129032258063,0.30000000000000004,2,0,0
C649I,Gran Canaria,2022,6,GRAN CANARIA AEROPUERTO,30,30,30,30,1,22.71,19.593333333333334,25.826666666666668,0.1,9,0,0
C649I,Gran Canaria,2022,7,GRAN CANARIA AEROPUERTO,31,31,31,31,1,24.803225806451614,21.370967741935484,28.238709677419354,0.4,26,1,0
C649I,Gran Canaria,2022,8,GRAN CANARIA AEROPUERTO,31,31,31,31,1,24.60322580645161,21.703225806451613,27.53548387096774,0.6,31,0,0
C649I,Gran Canaria,2022,9,GRAN CANARIA AEROPUERTO,30,30,30,30,1,24.23,21.49,26.96666666666667,153.2,25,0,0
C649I,Gran Canaria,2022,10,GRAN CANARIA AEROPUERTO,31,31,31,31,1,23.44516129032258,20.525806451612905,26.370967741935484,0.8,21,0,0
C649I,Gran Canaria,2022,11,GRAN CANARIA AEROPUERTO,30,30,30,30,1,22.52,19.736666666666668,25.30666666666667,0.5,14,0,0
C649I,Gran Canaria,2022,12,GRAN CANARIA AEROPUERTO,31,31,29,31,0.9354838709677419,20.76206896551724,17.50689655172414,24.02413793103448,12.8,0,0,0
C649I,Gran Canaria,2023,1,GRAN CANARIA AEROPUERTO,31,31,31,31,1,19.087096774193547,16.55483870967742,21.629032258064516,17.5,0,0,0
C649I,Gran Canaria,2023,2,GRAN CANARIA AEROPUERTO,28,28,26,28,0.9285714285714286,17.626923076923077,14.346153846153847,20.892307692307693,34.6,0,0,0
C649I,Gran Canaria,2023,3,GRAN CANARIA AEROPUERTO,31,31,30,31,0.967741935483871,20.990000000000002,17.59,24.393333333333334,0.4,2,0,0
C649I,Gran Canaria,2023,4,GRAN CANARIA AEROPUERTO,30,30,30,30,1,21.233333333333334,17.666666666666668,24.816666666666666,2.3,2,0,0
C649I,Gran Canaria,2023,5,GRAN CANARIA AEROPUERTO,31,31,30,31,0.967741935483871,21.896666666666665,18.623333333333335,25.153333333333332,0.7000000000000001,5,0,0
C649I,Gran Canaria,2023,6,GRAN CANARIA AEROPUERTO,30,30,30,30,1,24.07,20.64,27.486666666666668,1.4000000000000001,21,0,0
C649I,Gran Canaria,2023,7,GRAN CANARIA AEROPUERTO,31,31,31,31,1,25.65806451612903,22.661290322580644,28.677419354838708,0,31,3,0
C649I,Gran Canaria,2023,8,GRAN CANARIA AEROPUERTO,31,31,29,31,0.9354838709677419,26.858620689655172,23.482758620689655,30.23448275862069,1,29,4,0
C649I,Gran Canaria,2023,9,GRAN CANARIA AEROPUERTO,30,30,28,30,0.9333333333333333,25.210714285714285,22.12857142857143,28.271428571428572,6.8999999999999995,28,0,0
C649I,Gran Canaria,2023,10,GRAN CANARIA AEROPUERTO,31,31,31,31,1,26.174193548387098,22.65483870967742,29.7,8.2,26,6,0
C649I,Gran Canaria,2023,11,GRAN CANARIA AEROPUERTO,30,30,30,30,1,22.933333333333334,19.803333333333335,26.06,16.6,15,0,0
C649I,Gran Canaria,2023,12,GRAN CANARIA AEROPUERTO,31,31,28,31,0.9032258064516129,20.24642857142857,17.164285714285715,23.335714285714285,21.8,0,0,0
C649I,Gran Canaria,2024,1,GRAN CANARIA AEROPUERTO,31,31,29,31,0.9354838709677419,20.755172413793105,17.02758620689655,24.455172413793104,0.6000000000000001,0,0,0
C649I,Gran Canaria,2024,2,GRAN CANARIA AEROPUERTO,29,29,29,29,1,20.73448275862069,17.517241379310345,23.96206896551724,2.7,0,0,0
C649I,Gran Canaria,2024,3,GRAN CANARIA AEROPUERTO,31,31,29,31,0.9354838709677419,19.948275862068964,16.448275862068964,23.46206896551724,51.2,0,0,0
C649I,Gran Canaria,2024,4,GRAN CANARIA AEROPUERTO,30,30,28,30,0.9333333333333333,21.860714285714288,18.225,25.5,3.7,2,0,0
C649I,Gran Canaria,2024,5,GRAN CANARIA AEROPUERTO,31,31,31,31,1,21.97741935483871,18.68709677419355,25.274193548387096,0.5,3,0,0
C649I,Gran Canaria,2024,6,GRAN CANARIA AEROPUERTO,30,30,29,30,0.9666666666666667,22.979310344827585,19.886206896551723,26.06206896551724,0.5,14,0,0
C649I,Gran Canaria,2024,7,GRAN CANARIA AEROPUERTO,31,31,31,31,1,24.635483870967743,21.238709677419354,28.02258064516129,0,26,0,0
C649I,Gran Canaria,2024,8,GRAN CANARIA AEROPUERTO,31,31,30,31,0.967741935483871,25.613333333333333,22.586666666666666,28.656666666666666,0,30,0,0
C649I,Gran Canaria,2024,9,GRAN CANARIA AEROPUERTO,30,30,29,30,0.9666666666666667,24.406896551724138,21.49655172413793,27.320689655172412,0,27,0,0
C649I,Gran Canaria,2024,10,GRAN CANARIA AEROPUERTO,31,31,31,31,1,23.93548387096774,21.09032258064516,26.8,7.5,25,0,0
C649I,Gran Canaria,2024,11,GRAN CANARIA AEROPUERTO,30,30,29,30,0.9666666666666667,23.651724137931033,20.06206896551724,27.248275862068965,6.9,16,0,0
C649I,Gran Canaria,2024,12,GRAN CANARIA AEROPUERTO,31,31,31,31,1,21.14516129032258,18.419354838709676,23.88064516129032,10.4,7,0,0
C649I,Gran Canaria,2025,1,GRAN CANARIA AEROPUERTO,31,31,31,31,1,19.93225806451613,16.761290322580646,23.10967741935484,7.6000000000000005,0,0,0
C649I,Gran Canaria,2025,2,GRAN CANARIA AEROPUERTO,28,28,28,28,1,19.77857142857143,16.867857142857144,22.7,2,0,0,0
C649I,Gran Canaria,2025,3,GRAN CANARIA AEROPUERTO,31,31,28,31,0.9032258064516129,19.410714285714285,15.928571428571429,22.889285714285716,28.9,0,0,0
C649I,Gran Canaria,2025,4,GRAN CANARIA AEROPUERTO,30,30,22,30,0.7333333333333333,19.972727272727273,16.55,23.37272727272727,10.4,0,0,0
C649I,Gran Canaria,2025,5,GRAN CANARIA AEROPUERTO,31,31,28,31,0.9032258064516129,21.62857142857143,18.396428571428572,24.835714285714285,3.9,1,0,0
C649I,Gran Canaria,2025,6,GRAN CANARIA AEROPUERTO,30,30,30,30,1,23.246666666666666,20.15,26.343333333333334,0,20,0,0
C649I,Gran Canaria,2025,7,GRAN CANARIA AEROPUERTO,31,31,30,31,0.967741935483871,24.936666666666667,21.796666666666667,28.083333333333332,0,30,2,0
C649I,Gran Canaria,2025,8,GRAN CANARIA AEROPUERTO,31,31,31,31,1,25.903225806451612,22.75483870967742,29.061290322580646,0.2,31,0,0
C649I,Gran Canaria,2025,9,GRAN CANARIA AEROPUERTO,30,30,28,30,0.9333333333333333,25.65714285714286,22.32857142857143,28.992857142857144,0.5,25,3,0
C649I,Gran Canaria,2025,10,GRAN CANARIA AEROPUERTO,31,31,30,31,0.967741935483871,23.556666666666665,20.856666666666666,26.253333333333334,3.3,24,0,0
C649I,Gran Canaria,2025,11,GRAN CANARIA AEROPUERTO,30,30,30,30,1,21.946666666666665,18.886666666666667,25.03333333333333,31.799999999999997,7,0,0
C649I,Gran Canaria,2025,12,GRAN CANARIA AEROPUERTO,31,31,31,31,1,18.72258064516129,15.683870967741935,21.79032258064516,74.1,0,0,0
C659M,Gran Canaria,2015,1,"LAS PALMAS DE GRAN CANARIA, PL. DE LA FERIA",31,31,28,29,0.9032258064516129,17.985714285714284,16.492857142857144,19.460714285714285,7.6,0,0,0
C659M,Gran Canaria,2015,2,"LAS PALMAS DE GRAN CANARIA, PL. DE LA FERIA",28,28,26,26,0.9285714285714286,17.29230769230769,15.503846153846155,19.08076923076923,14.5,0,0,0
C659M,Gran Canaria,2015,3,"LAS PALMAS DE GRAN CANARIA, PL. DE LA FERIA",31,20,20,20,0.6451612903225806,18.415,16.315,20.5,0.6,0,0,0
C659M,Gran Canaria,2015,4,"LAS PALMAS DE GRAN CANARIA, PL. DE LA FERIA",30,30,29,28,0.9666666666666667,19.044827586206896,16.927586206896553,21.17241379310345,1.2,0,0,0
C659M,Gran Canaria,2015,5,"LAS PALMAS DE GRAN CANARIA, PL. DE LA FERIA",31,31,31,31,1,21.070967741935483,18.89032258064516,23.258064516129032,0.4,3,0,0
C659M,Gran Canaria,2015,6,"LAS PALMAS DE GRAN CANARIA, PL. DE LA FERIA",30,30,30,30,1,21.79,19.823333333333334,23.753333333333334,1.6,13,0,0
C659M,Gran Canaria,2015,7,"LAS PALMAS DE GRAN CANARIA, PL. DE LA FERIA",31,30,30,29,0.967741935483871,23.813333333333333,21.983333333333334,25.646666666666665,2.8,30,0,0
C659M,Gran Canaria,2015,8,"LAS PALMAS DE GRAN CANARIA, PL. DE LA FERIA",31,31,31,29,1,25.125806451612902,23.02258064516129,27.238709677419354,7.6000000000000005,31,0,0
C659M,Gran Canaria,2015,9,"LAS PALMAS DE GRAN CANARIA, PL. DE LA FERIA",30,30,30,25,1,25.313333333333333,23.196666666666665,27.456666666666667,2.5,30,1,0
C659M,Gran Canaria,2015,10,"LAS PALMAS DE GRAN CANARIA, PL. DE LA FERIA",31,31,29,28,0.9354838709677419,24.36551724137931,21.848275862068967,26.868965517241378,139.2,24,2,0
C659M,Gran Canaria,2015,11,"LAS PALMAS DE GRAN CANARIA, PL. DE LA FERIA",30,30,30,30,1,22.403333333333332,20.28,24.526666666666667,1.4000000000000001,16,0,0
C659M,Gran Canaria,2015,12,"LAS PALMAS DE GRAN CANARIA, PL. DE LA FERIA",31,31,29,29,0.9354838709677419,20.982758620689655,18.479310344827585,23.482758620689655,4.2,4,0,0
C659M,Gran Canaria,2016,1,"LAS PALMAS DE GRAN CANARIA, PL. DE LA FERIA",31,28,28,28,0.9032258064516129,19.860714285714284,17.757142857142856,21.95357142857143,6.2,0,0,0
C659M,Gran Canaria,2016,2,"LAS PALMAS DE GRAN CANARIA, PL. DE LA FERIA",29,29,28,28,0.9655172413793104,18.742857142857144,16.917857142857144,20.557142857142857,40,0,0,0
C659M,Gran Canaria,2016,3,"LAS PALMAS DE GRAN CANARIA, PL. DE LA FERIA",31,29,29,29,0.9354838709677419,18.32758620689655,16.29310344827586,20.362068965517242,13.8,0,0,0
C659M,Gran Canaria,2016,4,"LAS PALMAS DE GRAN CANARIA, PL. DE LA FERIA",30,29,28,29,0.9333333333333333,19.414285714285715,17.267857142857142,21.52857142857143,7.8,0,0,0
C659M,Gran Canaria,2016,5,"LAS PALMAS DE GRAN CANARIA, PL. DE LA FERIA",31,31,31,31,1,20.36774193548387,18.322580645161292,22.40967741935484,4.3,0,0,0
C659M,Gran Canaria,2016,6,"LAS PALMAS DE GRAN CANARIA, PL. DE LA FERIA",30,30,30,30,1,22.196666666666665,20.243333333333332,24.153333333333332,1.2000000000000002,21,0,0
C659M,Gran Canaria,2016,7,"LAS PALMAS DE GRAN CANARIA, PL. DE LA FERIA",31,24,24,24,0.7741935483870968,22.795833333333334,21.058333333333334,24.516666666666666,0.6000000000000001,22,0,0
C659M,Gran Canaria,2016,8,"LAS PALMAS DE GRAN CANARIA, PL. DE LA FERIA",31,29,28,28,0.9032258064516129,24.553571428571427,22.614285714285714,26.482142857142858,0,28,0,0
C659M,Gran Canaria,2016,9,"LAS PALMAS DE GRAN CANARIA, PL. DE LA FERIA",30,30,30,30,1,24.316666666666666,22.493333333333332,26.143333333333334,1.4,30,0,0
C659M,Gran Canaria,2016,10,"LAS PALMAS DE GRAN CANARIA, PL. DE LA FERIA",31,26,21,23,0.6774193548387096,23.880952380952383,21.938095238095237,25.8,5.3,21,0,0
C659M,Gran Canaria,2016,11,"LAS PALMAS DE GRAN CANARIA, PL. DE LA FERIA",30,27,27,26,0.9,21.37777777777778,19.466666666666665,23.303703703703704,48.7,12,0,0
C659M,Gran Canaria,2016,12,"LAS PALMAS DE GRAN CANARIA, PL. DE LA FERIA",31,31,31,30,1,19.941935483870967,18.038709677419355,21.85483870967742,25.8,1,0,0
C659M,Gran Canaria,2017,1,"LAS PALMAS DE GRAN CANARIA, PL. DE LA FERIA",31,31,31,30,1,18.55483870967742,16.703225806451613,20.429032258064517,7.9,0,0,0
C659M,Gran Canaria,2017,2,"LAS PALMAS DE GRAN CANARIA, PL. DE LA FERIA",28,28,27,26,0.9642857142857143,18.462962962962962,16.31111111111111,20.603703703703705,14.7,0,0,0
C659M,Gran Canaria,2017,3,"LAS PALMAS DE GRAN CANARIA, PL. DE LA FERIA",31,26,25,25,0.8064516129032258,19.288,16.868,21.72,6.2,2,0,0
C659M,Gran Canaria,2017,4,"LAS PALMAS DE GRAN CANARIA, PL. DE LA FERIA",30,29,28,29,0.9333333333333333,20.87142857142857,18.460714285714285,23.289285714285715,21.8,1,0,0
C659M,Gran Canaria,2017,5,"LAS PALMAS DE GRAN CANARIA, PL. DE LA FERIA",31,31,30,29,0.967741935483871,22.12,20.023333333333333,24.19,1,20,0,0
C659M,Gran Canaria,2017,6,"LAS PALMAS DE GRAN CANARIA, PL. DE LA FERIA",30,29,26,27,0.8666666666666667,23.184615384615384,21.184615384615384,25.173076923076923,0.1,26,0,0
C659M,Gran Canaria,2017,7,"LAS PALMAS DE GRAN CANARIA, PL. DE LA FERIA",31,31,28,29,0.9032258064516129,23.45357142857143,21.564285714285713,25.332142857142856,3.1,28,0,0
C659M,Gran Canaria,2017,8,"LAS PALMAS DE GRAN CANARIA, PL. DE LA FERIA",31,31,30,31,0.967741935483871,24.576666666666668,22.65,26.52,0.2,30,0,0
C659M,Gran Canaria,2017,9,"LAS PALMAS DE GRAN CANARIA, PL. DE LA FERIA",30,30,30,30,1,24.116666666666667,22.336666666666666,25.9,5.6,30,0,0
C659M,Gran Canaria,2017,10,"LAS PALMAS DE GRAN CANARIA, PL. DE LA FERIA",31,31,31,31,1,24.551612903225806,22.203225806451613,26.912903225806453,3.2,31,0,0
C659M,Gran Canaria,2017,11,"LAS PALMAS DE GRAN CANARIA, PL. DE LA FERIA",30,30,30,30,1,22.596666666666668,20.509999999999998,24.693333333333335,1.8,22,0,0
C659M,Gran Canaria,2017,12,"LAS PALMAS DE GRAN CANARIA, PL. DE LA FERIA",31,31,31,31,1,19.087096774193547,17.206451612903226,20.95806451612903,26.9,0,0,0
C659M,Gran Canaria,2018,1,"LAS PALMAS DE GRAN CANARIA, PL. DE LA FERIA",31,31,31,31,1,18.025806451612905,16.274193548387096,19.774193548387096,35.4,0,0,0
C659M,Gran Canaria,2018,2,"LAS PALMAS DE GRAN CANARIA, PL. DE LA FERIA",28,28,28,28,1,17.353571428571428,15.142857142857142,19.54642857142857,37.6,0,0,0
C659M,Gran Canaria,2018,3,"LAS PALMAS DE GRAN CANARIA, PL. DE LA FERIA",31,31,31,31,1,19.39677419354839,17.170967741935485,21.63225806451613,1.3,0,0,0
C659M,Gran Canaria,2018,4,"LAS PALMAS DE GRAN CANARIA, PL. DE LA FERIA",30,30,30,29,1,18.983333333333334,17.026666666666667,20.94,8.7,0,0,0
C659M,Gran Canaria,2018,5,"LAS PALMAS DE GRAN CANARIA, PL. DE LA FERIA",31,31,31,30,1,19.738709677419354,17.719354838709677,21.732258064516127,6.3,0,0,0
C659M,Gran Canaria,2018,6,"LAS PALMAS DE GRAN CANARIA, PL. DE LA FERIA",30,30,30,30,1,21.27,19.28333333333333,23.25,3.3000000000000003,8,0,0
C659M,Gran Canaria,2018,7,"LAS PALMAS DE GRAN CANARIA, PL. DE LA FERIA",31,31,31,31,1,22.85483870967742,21.093548387096774,24.625806451612902,0,31,0,0
C659M,Gran Canaria,2018,8,"LAS PALMAS DE GRAN CANARIA, PL. DE LA FERIA",31,31,31,31,1,23.96451612903226,22.10967741935484,25.829032258064515,1.6,31,0,0
C659M,Gran Canaria,2018,9,"LAS PALMAS DE GRAN CANARIA, PL. DE LA FERIA",30,30,30,30,1,24.513333333333332,22.683333333333334,26.336666666666666,0.3,30,0,0
C659M,Gran Canaria,2018,10,"LAS PALMAS DE GRAN CANARIA, PL. DE LA FERIA",31,31,31,31,1,23.31935483870968,21.151612903225807,25.47741935483871,46.7,21,0,0
C659M,Gran Canaria,2018,11,"LAS PALMAS DE GRAN CANARIA, PL. DE LA FERIA",30,30,30,30,1,20.453333333333333,18.383333333333333,22.536666666666665,97.2,4,0,0
C659M,Gran Canaria,2018,12,"LAS PALMAS DE GRAN CANARIA, PL. DE LA FERIA",31,31,31,30,1,20.151612903225807,17.96451612903226,22.335483870967742,0.1,0,0,0
C659M,Gran Canaria,2019,1,"LAS PALMAS DE GRAN CANARIA, PL. DE LA FERIA",31,31,31,31,1,18.038709677419355,15.890322580645162,20.18064516129032,16.7,0,0,0
C659M,Gran Canaria,2019,2,"LAS PALMAS DE GRAN CANARIA, PL. DE LA FERIA",28,28,27,28,0.9642857142857143,19.044444444444444,16.444444444444443,21.659259259259258,7.699999999999999,0,0,0
C659M,Gran Canaria,2019,3,"LAS PALMAS DE GRAN CANARIA, PL. DE LA FERIA",31,31,30,31,0.967741935483871,18.873333333333335,16.816666666666666,20.91,13.3,0,0,0
C659M,Gran Canaria,2019,4,"LAS PALMAS DE GRAN CANARIA, PL. DE LA FERIA",30,30,30,29,1,19.48,17.37,21.576666666666668,43.199999999999996,0,0,0
C659M,Gran Canaria,2019,5,"LAS PALMAS DE GRAN CANARIA, PL. DE LA FERIA",31,31,31,31,1,20.66774193548387,18.751612903225805,22.59032258064516,0,0,0,0
C659M,Gran Canaria,2019,6,"LAS PALMAS DE GRAN CANARIA, PL. DE LA FERIA",30,30,30,30,1,22.136666666666667,20.066666666666666,24.19,1.7000000000000002,15,0,0
C659M,Gran Canaria,2019,7,"LAS PALMAS DE GRAN CANARIA, PL. DE LA FERIA",31,31,31,30,1,23.138709677419353,21.293548387096774,24.967741935483872,1.2000000000000002,31,0,0
C659M,Gran Canaria,2019,8,"LAS PALMAS DE GRAN CANARIA, PL. DE LA FERIA",31,31,31,31,1,24.04193548387097,22.219354838709677,25.848387096774193,2.8,31,0,0
C659M,Gran Canaria,2019,9,"LAS PALMAS DE GRAN CANARIA, PL. DE LA FERIA",30,30,29,29,0.9666666666666667,24.148275862068964,22.175862068965518,26.141379310344828,0.9,29,0,0
C659M,Gran Canaria,2019,10,"LAS PALMAS DE GRAN CANARIA, PL. DE LA FERIA",31,31,30,31,0.967741935483871,23.86,21.563333333333333,26.143333333333334,1.1,26,0,0
C659M,Gran Canaria,2019,11,"LAS PALMAS DE GRAN CANARIA, PL. DE LA FERIA",30,28,28,27,0.9333333333333333,21.55,19.42142857142857,23.667857142857144,14.700000000000001,11,0,0
C659M,Gran Canaria,2019,12,"LAS PALMAS DE GRAN CANARIA, PL. DE LA FERIA",31,29,23,27,0.7419354838709677,20.178260869565218,17.87391304347826,22.469565217391306,39,0,0,0
C659M,Gran Canaria,2020,1,"LAS PALMAS DE GRAN CANARIA, PL. DE LA FERIA",31,31,31,31,1,18.60322580645161,16.045161290322582,21.164516129032258,1.6,0,0,0
C659M,Gran Canaria,2020,2,"LAS PALMAS DE GRAN CANARIA, PL. DE LA FERIA",29,29,29,29,1,20.46896551724138,18.051724137931036,22.893103448275863,1.3,2,0,0
C659M,Gran Canaria,2020,3,"LAS PALMAS DE GRAN CANARIA, PL. DE LA FERIA",31,31,31,31,1,19.048387096774192,16.835483870967742,21.261290322580646,28.9,0,0,0
C659M,Gran Canaria,2020,4,"LAS PALMAS DE GRAN CANARIA, PL. DE LA FERIA",30,30,30,30,1,20.473333333333333,18.2,22.733333333333334,5.3,1,0,0
C659M,Gran Canaria,2020,5,"LAS PALMAS DE GRAN CANARIA, PL. DE LA FERIA",31,31,19,31,0.6129032258064516,21.389473684210525,19.305263157894736,23.46842105263158,0,2,0,0
C659M,Gran Canaria,2020,6,"LAS PALMAS DE GRAN CANARIA, PL. DE LA FERIA",30,30,30,30,1,23.23,20.996666666666666,25.483333333333334,0.8999999999999999,27,0,0
C659M,Gran Canaria,2020,7,"LAS PALMAS DE GRAN CANARIA, PL. DE LA FERIA",31,30,28,29,0.9032258064516129,23.685714285714287,21.957142857142856,25.417857142857144,0,28,0,0
C659M,Gran Canaria,2020,8,"LAS PALMAS DE GRAN CANARIA, PL. DE LA FERIA",31,31,31,31,1,24.51290322580645,22.596774193548388,26.416129032258066,0,31,0,0
C659M,Gran Canaria,2020,9,"LAS PALMAS DE GRAN CANARIA, PL. DE LA FERIA",30,28,28,28,0.9333333333333333,25.064285714285713,23.064285714285713,27.042857142857144,1.4000000000000001,28,0,0
C659M,Gran Canaria,2020,10,"LAS PALMAS DE GRAN CANARIA, PL. DE LA FERIA",31,29,0,26,0,,,,76.1,0,0,0
C659M,Gran Canaria,2020,11,"LAS PALMAS DE GRAN CANARIA, PL. DE LA FERIA",30,30,29,29,0.9666666666666667,22.051724137931036,19.662068965517243,24.43448275862069,36.5,14,0,0
C659M,Gran Canaria,2020,12,"LAS PALMAS DE GRAN CANARIA, PL. DE LA FERIA",31,31,30,30,0.967741935483871,19.683333333333334,17.580000000000002,21.783333333333335,14.6,0,0,0
C659M,Gran Canaria,2021,1,"LAS PALMAS DE GRAN CANARIA, PL. DE LA FERIA",31,31,31,29,1,18.72258064516129,16.467741935483872,20.970967741935485,30.5,0,0,0
C659M,Gran Canaria,2021,2,"LAS PALMAS DE GRAN CANARIA, PL. DE LA FERIA",28,28,28,28,1,18.642857142857142,16.275,21,41.6,0,0,0
C659M,Gran Canaria,2021,3,"LAS PALMAS DE GRAN CANARIA, PL. DE LA FERIA",31,31,31,31,1,19.55483870967742,17.32258064516129,21.8,10.2,1,0,0
C659M,Gran Canaria,2021,4,"LAS PALMAS DE GRAN CANARIA, PL. DE LA FERIA",30,29,29,28,0.9666666666666667,20.79655172413793,18.70344827586207,22.893103448275863,6.3999999999999995,1,0,0
C659M,Gran Canaria,2021,5,"LAS PALMAS DE GRAN CANARIA, PL. DE LA FERIA",31,26,24,23,0.7741935483870968,21.041666666666668,19.1125,22.97083333333333,0.6,2,0,0
C659M,Gran Canaria,2021,6,"LAS PALMAS DE GRAN CANARIA, PL. DE LA FERIA",30,30,30,30,1,21.913333333333334,19.87,23.96,3.0999999999999996,15,0,0
C659M,Gran Canaria,2021,7,"LAS PALMAS DE GRAN CANARIA, PL. DE LA FERIA",31,31,30,31,0.967741935483871,22.696666666666665,20.89666666666667,24.506666666666668,1.6,27,0,0
C659M,Gran Canaria,2021,8,"LAS PALMAS DE GRAN CANARIA, PL. DE LA FERIA",31,31,30,31,0.967741935483871,23.983333333333334,21.993333333333332,25.993333333333332,4.6000000000000005,30,0,0
C659M,Gran Canaria,2021,9,"LAS PALMAS DE GRAN CANARIA, PL. DE LA FERIA",30,30,30,29,1,24.723333333333333,22.93,26.509999999999998,0.4,30,0,0
C659M,Gran Canaria,2021,10,"LAS PALMAS DE GRAN CANARIA, PL. DE LA FERIA",31,31,31,31,1,23.325806451612902,21.467741935483872,25.174193548387098,4.3,27,0,0
C659M,Gran Canaria,2021,11,"LAS PALMAS DE GRAN CANARIA, PL. DE LA FERIA",30,30,30,30,1,20.913333333333334,19.016666666666666,22.826666666666668,27.5,9,0,0
C659M,Gran Canaria,2021,12,"LAS PALMAS DE GRAN CANARIA, PL. DE LA FERIA",31,31,31,31,1,19.56774193548387,17.361290322580643,21.79032258064516,6.9,0,0,0
C659M,Gran Canaria,2022,1,"LAS PALMAS DE GRAN CANARIA, PL. DE LA FERIA",31,31,31,30,1,18.874193548387098,16.674193548387098,21.06451612903226,15.3,0,0,0
C659M,Gran Canaria,2022,2,"LAS PALMAS DE GRAN CANARIA, PL. DE LA FERIA",28,28,28,28,1,19.47142857142857,17.175,21.764285714285716,20,0,0,0
C659M,Gran Canaria,2022,3,"LAS PALMAS DE GRAN CANARIA, PL. DE LA FERIA",31,31,31,31,1,18.703225806451613,16.56774193548387,20.835483870967742,10.1,0,0,0
C659M,Gran Canaria,2022,4,"LAS PALMAS DE GRAN CANARIA, PL. DE LA FERIA",30,30,30,29,1,19.593333333333334,17.433333333333334,21.76,3.1,0,0,0
C659M,Gran Canaria,2022,5,"LAS PALMAS DE GRAN CANARIA, PL. DE LA FERIA",31,31,31,31,1,21.467741935483872,19.4,23.54193548387097,1.9,9,0,0
C659M,Gran Canaria,2022,6,"LAS PALMAS DE GRAN CANARIA, PL. DE LA FERIA",30,30,30,30,1,22.31,20.416666666666668,24.203333333333333,0.5,27,0,0
C659M,Gran Canaria,2022,7,"LAS PALMAS DE GRAN CANARIA, PL. DE LA FERIA",31,31,31,30,1,23.490322580645163,21.606451612903225,25.383870967741935,0.4,29,0,0
C659M,Gran Canaria,2022,8,"LAS PALMAS DE GRAN CANARIA, PL. DE LA FERIA",31,31,31,31,1,24.025806451612905,22.274193548387096,25.793548387096774,1.3,31,0,0
C659M,Gran Canaria,2022,9,"LAS PALMAS DE GRAN CANARIA, PL. DE LA FERIA",30,30,30,29,1,24.253333333333334,22.516666666666666,26.009999999999998,142.3,30,0,0
C659M,Gran Canaria,2022,10,"LAS PALMAS DE GRAN CANARIA, PL. DE LA FERIA",31,31,31,31,1,23.86774193548387,21.883870967741935,25.858064516129033,3.8,31,0,0
C659M,Gran Canaria,2022,11,"LAS PALMAS DE GRAN CANARIA, PL. DE LA FERIA",30,30,30,30,1,22.836666666666666,20.966666666666665,24.723333333333333,1.7,24,0,0
C659M,Gran Canaria,2022,12,"LAS PALMAS DE GRAN CANARIA, PL. DE LA FERIA",31,31,31,31,1,21.196774193548386,18.84516129032258,23.56451612903226,16.5,6,0,0
C659M,Gran Canaria,2023,1,"LAS PALMAS DE GRAN CANARIA, PL. DE LA FERIA",31,31,31,30,1,19.31290322580645,17.387096774193548,21.22258064516129,14.4,0,0,0
C659M,Gran Canaria,2023,2,"LAS PALMAS DE GRAN CANARIA, PL. DE LA FERIA",28,28,28,28,1,18.2,15.782142857142857,20.617857142857144,21.2,0,0,0
C659M,Gran Canaria,2023,3,"LAS PALMAS DE GRAN CANARIA, PL. DE LA FERIA",31,31,29,31,0.9354838709677419,20.23793103448276,18.06551724137931,22.420689655172414,1.8,0,0,0
C659M,Gran Canaria,2023,4,"LAS PALMAS DE GRAN CANARIA, PL. DE LA FERIA",30,30,26,30,0.8666666666666667,20.973076923076924,18.773076923076925,23.165384615384614,1.4,1,0,0
C659M,Gran Canaria,2023,5,"LAS PALMAS DE GRAN CANARIA, PL. DE LA FERIA",31,31,31,31,1,21.774193548387096,19.703225806451613,23.825806451612902,1,12,0,0
C659M,Gran Canaria,2023,6,"LAS PALMAS DE GRAN CANARIA, PL. DE LA FERIA",30,30,29,30,0.9666666666666667,23.803448275862067,21.56896551724138,26.051724137931036,1.2,27,0,0
C659M,Gran Canaria,2023,7,"LAS PALMAS DE GRAN CANARIA, PL. DE LA FERIA",31,31,0,30,0,,,,0.4,0,0,0
C659M,Gran Canaria,2023,8,"LAS PALMAS DE GRAN CANARIA, PL. DE LA FERIA",31,31,31,31,1,25.474193548387095,23.693548387096776,27.258064516129032,3,31,1,0
C659M,Gran Canaria,2023,9,"LAS PALMAS DE GRAN CANARIA, PL. DE LA FERIA",30,30,30,29,1,25.14,23.156666666666666,27.126666666666665,7.4,30,0,0
C659M,Gran Canaria,2023,10,"LAS PALMAS DE GRAN CANARIA, PL. DE LA FERIA",31,31,31,31,1,25.974193548387095,23.448387096774194,28.506451612903227,23.1,31,8,0
C659M,Gran Canaria,2023,11,"LAS PALMAS DE GRAN CANARIA, PL. DE LA FERIA",30,30,30,30,1,23.093333333333334,20.993333333333332,25.19,4.2,24,0,0
C659M,Gran Canaria,2023,12,"LAS PALMAS DE GRAN CANARIA, PL. DE LA FERIA",31,31,31,31,1,20.66774193548387,18.335483870967742,23.025806451612905,12,3,0,0
C659M,Gran Canaria,2024,1,"LAS PALMAS DE GRAN CANARIA, PL. DE LA FERIA",31,31,31,30,1,20.87741935483871,18.283870967741937,23.480645161290322,2,0,0,0
C659M,Gran Canaria,2024,2,"LAS PALMAS DE GRAN CANARIA, PL. DE LA FERIA",29,29,29,29,1,20.782758620689656,18.686206896551724,22.882758620689657,2.1999999999999997,2,0,0
C659M,Gran Canaria,2024,3,"LAS PALMAS DE GRAN CANARIA, PL. DE LA FERIA",31,31,31,31,1,19.809677419354838,17.53548387096774,22.1,22.7,0,0,0
C659M,Gran Canaria,2024,4,"LAS PALMAS DE GRAN CANARIA, PL. DE LA FERIA",30,30,30,29,1,21.43,19.113333333333333,23.736666666666668,4.3999999999999995,4,0,0
C659M,Gran Canaria,2024,5,"LAS PALMAS DE GRAN CANARIA, PL. DE LA FERIA",31,31,31,31,1,21.316129032258065,19.306451612903224,23.335483870967742,3,7,0,0
C659M,Gran Canaria,2024,6,"LAS PALMAS DE GRAN CANARIA, PL. DE LA FERIA",30,30,30,30,1,22.2,20.286666666666665,24.096666666666668,0.8,24,0,0
C659M,Gran Canaria,2024,7,"LAS PALMAS DE GRAN CANARIA, PL. DE LA FERIA",31,31,31,30,1,23.05483870967742,21.15806451612903,24.948387096774194,1.5,27,0,0
C659M,Gran Canaria,2024,8,"LAS PALMAS DE GRAN CANARIA, PL. DE LA FERIA",31,31,31,31,1,24.274193548387096,22.606451612903225,25.93225806451613,0.2,30,0,0
C659M,Gran Canaria,2024,9,"LAS PALMAS DE GRAN CANARIA, PL. DE LA FERIA",30,30,30,30,1,23.963333333333335,22.076666666666668,25.86,1,30,0,0
C659M,Gran Canaria,2024,10,"LAS PALMAS DE GRAN CANARIA, PL. DE LA FERIA",31,31,31,31,1,23.403225806451612,21.551612903225806,25.258064516129032,18.2,27,0,0
C659M,Gran Canaria,2024,11,"LAS PALMAS DE GRAN CANARIA, PL. DE LA FERIA",30,29,28,27,0.9333333333333333,23.375,20.87142857142857,25.87857142857143,0.1,21,0,0
C659M,Gran Canaria,2024,12,"LAS PALMAS DE GRAN CANARIA, PL. DE LA FERIA",31,31,30,30,0.967741935483871,20.72,18.663333333333334,22.786666666666665,10.3,9,0,0
C659M,Gran Canaria,2025,1,"LAS PALMAS DE GRAN CANARIA, PL. DE LA FERIA",31,28,28,28,0.9032258064516129,19.35,17.09285714285714,21.617857142857144,8.1,0,0,0
C659M,Gran Canaria,2025,2,"LAS PALMAS DE GRAN CANARIA, PL. DE LA FERIA",28,28,28,28,1,18.97142857142857,16.928571428571427,21.010714285714286,5.7,0,0,0
C659M,Gran Canaria,2025,3,"LAS PALMAS DE GRAN CANARIA, PL. DE LA FERIA",31,31,14,30,0.45161290322580644,18.564285714285713,16.12142857142857,21.014285714285712,27.8,0,0,0
C659M,Gran Canaria,2025,4,"LAS PALMAS DE GRAN CANARIA, PL. DE LA FERIA",30,30,0,30,0,,,,14.3,0,0,0
C659M,Gran Canaria,2025,5,"LAS PALMAS DE GRAN CANARIA, PL. DE LA FERIA",31,31,10,31,0.3225806451612903,21.509999999999998,19.85,23.18,0.4,3,0,0
C659M,Gran Canaria,2025,6,"LAS PALMAS DE GRAN CANARIA, PL. DE LA FERIA",30,30,30,30,1,22.28,20.513333333333335,24.053333333333335,0.2,26,0,0
C659M,Gran Canaria,2025,7,"LAS PALMAS DE GRAN CANARIA, PL. DE LA FERIA",31,31,31,30,1,23.6,21.76451612903226,25.43225806451613,3.6999999999999997,31,0,0
C659M,Gran Canaria,2025,8,"LAS PALMAS DE GRAN CANARIA, PL. DE LA FERIA",31,31,31,31,1,24.670967741935485,22.94516129032258,26.406451612903226,2.5,31,0,0
C659M,Gran Canaria,2025,9,"LAS PALMAS DE GRAN CANARIA, PL. DE LA FERIA",30,30,30,30,1,24.75,22.60333333333333,26.916666666666668,4.4,29,1,0
C659M,Gran Canaria,2025,10,"LAS PALMAS DE GRAN CANARIA, PL. DE LA FERIA",31,31,31,30,1,23.46451612903226,21.625806451612902,25.287096774193547,1.5,30,0,0
C659M,Gran Canaria,2025,11,"LAS PALMAS DE GRAN CANARIA, PL. DE LA FERIA",30,30,30,30,1,22.016666666666666,19.67,24.373333333333335,18.8,11,0,0
C659M,Gran Canaria,2025,12,"LAS PALMAS DE GRAN CANARIA, PL. DE LA FERIA",31,31,31,31,1,19.261290322580646,17.18064516129032,21.348387096774193,60.3,0,0,0
C689E,Gran Canaria,2015,1,MASPALOMAS,31,31,31,31,1,17.84516129032258,14.629032258064516,21.058064516129033,0,0,0,0
C689E,Gran Canaria,2015,2,MASPALOMAS,28,26,26,25,0.9285714285714286,17.603846153846153,13.842307692307692,21.369230769230768,0,0,0,0
C689E,Gran Canaria,2015,3,MASPALOMAS,31,31,29,30,0.9354838709677419,18.255172413793105,14.117241379310345,22.40344827586207,1.9000000000000001,0,0,0
C689E,Gran Canaria,2015,4,MASPALOMAS,30,29,28,29,0.9333333333333333,18.860714285714288,15.6,22.103571428571428,0,0,0,0
C689E,Gran Canaria,2015,5,MASPALOMAS,31,29,28,29,0.9032258064516129,21.542857142857144,17.803571428571427,25.260714285714286,0,3,0,0
C689E,Gran Canaria,2015,6,MASPALOMAS,30,30,30,30,1,21.236666666666668,18.273333333333333,24.196666666666665,0,0,0,0
C689E,Gran Canaria,2015,7,MASPALOMAS,31,29,29,28,0.9354838709677419,23.306896551724137,20.179310344827588,26.43103448275862,0,17,0,0
C689E,Gran Canaria,2015,8,MASPALOMAS,31,31,30,29,0.967741935483871,24.586666666666666,21.063333333333333,28.093333333333334,3.4,25,0,0
C689E,Gran Canaria,2015,9,MASPALOMAS,30,29,28,29,0.9333333333333333,23.757142857142856,20.835714285714285,26.689285714285713,12.5,20,0,0
C689E,Gran Canaria,2015,10,MASPALOMAS,31,31,28,27,0.9032258064516129,23.46785714285714,20.6,26.317857142857143,38,19,0,0
C689E,Gran Canaria,2015,11,MASPALOMAS,30,29,29,28,0.9666666666666667,22.017241379310345,18.73793103448276,25.29655172413793,0,7,0,0
C689E,Gran Canaria,2015,12,MASPALOMAS,31,31,30,29,0.967741935483871,20.24,17.243333333333332,23.236666666666668,0.5,1,0,0
C689E,Gran Canaria,2016,1,MASPALOMAS,31,31,31,31,1,19.196774193548386,15.45483870967742,22.93225806451613,0.1,0,0,0
C689E,Gran Canaria,2016,2,MASPALOMAS,29,29,28,28,0.9655172413793104,18.589285714285715,14.6,22.575,6.8,0,0,0
C689E,Gran Canaria,2016,3,MASPALOMAS,31,31,31,30,1,18.341935483870966,14.948387096774194,21.73548387096774,0.2,0,0,0
C689E,Gran Canaria,2016,4,MASPALOMAS,30,30,29,30,0.9666666666666667,19.279310344827586,16.103448275862068,22.444827586206898,0,0,0,0
C689E,Gran Canaria,2016,5,MASPALOMAS,31,24,23,22,0.7419354838709677,20.5,17.565217391304348,23.43913043478261,0,0,0,0
C689E,Gran Canaria,2016,6,MASPALOMAS,30,28,27,27,0.9,22.27037037037037,19.011111111111113,25.525925925925925,0,7,0,0
C689E,Gran Canaria,2016,7,MASPALOMAS,31,29,29,27,0.9354838709677419,23.617241379310343,20.544827586206896,26.679310344827588,0,21,0,0
C689E,Gran Canaria,2016,8,MASPALOMAS,31,31,31,30,1,24.31290322580645,21.23548387096774,27.39032258064516,3.8,30,0,0
C689E,Gran Canaria,2016,9,MASPALOMAS,30,26,23,22,0.7666666666666667,23.530434782608697,20.4,26.660869565217393,3.8,13,0,0
C689E,Gran Canaria,2016,10,MASPALOMAS,31,27,27,26,0.8709677419354839,22.266666666666666,19.044444444444444,25.496296296296297,29,5,0,0
C689E,Gran Canaria,2016,11,MASPALOMAS,30,29,27,28,0.9,21.348148148148148,18.007407407407406,24.67037037037037,22.400000000000002,2,0,0
C689E,Gran Canaria,2016,12,MASPALOMAS,31,22,19,19,0.6129032258064516,19.66315789473684,16.63157894736842,22.678947368421053,0.5,0,0,0
C689E,Gran Canaria,2017,1,MASPALOMAS,31,31,31,29,1,18.190322580645162,14.964516129032258,21.403225806451612,1.3,0,0,0
C689E,Gran Canaria,2017,2,MASPALOMAS,28,27,25,24,0.8928571428571429,18.304,14.492,22.116,5.5,0,0,0
C689E,Gran Canaria,2017,3,MASPALOMAS,31,29,29,26,0.9354838709677419,19.372413793103448,15.46551724137931,23.27241379310345,18.2,2,0,0
C689E,Gran Canaria,2017,4,MASPALOMAS,30,26,20,23,0.6666666666666666,20.365000000000002,17.115000000000002,23.6,0.4,1,0,0
C689E,Gran Canaria,2017,5,MASPALOMAS,31,17,15,14,0.4838709677419355,21.226666666666667,18.473333333333333,23.986666666666668,3.1,1,0,0
C689E,Gran Canaria,2017,6,MASPALOMAS,30,30,29,29,0.9666666666666667,22.741379310344826,20.075862068965517,25.4,0,14,0,0
C689E,Gran Canaria,2017,7,MASPALOMAS,31,31,30,31,0.967741935483871,23.25,20.236666666666668,26.25,0,17,0,0
C689E,Gran Canaria,2017,8,MASPALOMAS,31,31,31,31,1,23.829032258064515,20.88064516129032,26.793548387096774,0,26,0,0
C689E,Gran Canaria,2017,9,MASPALOMAS,30,30,29,30,0.9666666666666667,23.73793103448276,20.682758620689654,26.79655172413793,0,24,0,0
C689E,Gran Canaria,2017,10,MASPALOMAS,31,31,31,30,1,23.60967741935484,20.09032258064516,27.129032258064516,0,15,0,0
C689E,Gran Canaria,2017,11,MASPALOMAS,30,30,30,30,1,21.69333333333333,18.34,25.05666666666667,0.9,4,0,0
C689E,Gran Canaria,2017,12,MASPALOMAS,31,31,31,31,1,19.17741935483871,16.287096774193547,22.051612903225806,4.5,0,0,0
C689E,Gran Canaria,2018,1,MASPALOMAS,31,31,31,30,1,18.206451612903226,14.374193548387098,22.038709677419355,8.4,0,0,0
C689E,Gran Canaria,2018,2,MASPALOMAS,28,28,28,28,1,17.582142857142856,14.214285714285714,20.95357142857143,18.8,0,0,0
C689E,Gran Canaria,2018,3,MASPALOMAS,31,30,30,29,0.967741935483871,19.106666666666666,16.186666666666667,22.03,0.1,1,0,0
C689E,Gran Canaria,2018,4,MASPALOMAS,30,30,30,29,1,18.866666666666667,15.84,21.866666666666667,0.2,0,0,0
C689E,Gran Canaria,2018,5,MASPALOMAS,31,31,30,31,0.967741935483871,19.493333333333332,16.51,22.473333333333333,0,0,0,0
C689E,Gran Canaria,2018,6,MASPALOMAS,30,30,30,30,1,21.10333333333333,18.256666666666668,23.936666666666667,0,2,0,0
C689E,Gran Canaria,2018,7,MASPALOMAS,31,31,31,31,1,22.44516129032258,19.538709677419355,25.35483870967742,0,9,0,0
C689E,Gran Canaria,2018,8,MASPALOMAS,31,31,31,31,1,23.43548387096774,20.580645161290324,26.287096774193547,9.399999999999999,23,0,0
C689E,Gran Canaria,2018,9,MASPALOMAS,30,30,30,30,1,23.913333333333334,20.64,27.21666666666667,0,21,0,0
C689E,Gran Canaria,2018,10,MASPALOMAS,31,31,31,30,1,22.635483870967743,19.56774193548387,25.693548387096776,17.4,12,0,0
C689E,Gran Canaria,2018,11,MASPALOMAS,30,30,30,30,1,20.32,16.876666666666665,23.756666666666668,5.8,0,0,0
C689E,Gran Canaria,2018,12,MASPALOMAS,31,30,29,29,0.9354838709677419,19.775862068965516,15.886206896551725,23.679310344827588,0.1,1,0,0
C689E,Gran Canaria,2019,1,MASPALOMAS,31,27,26,26,0.8387096774193549,17.91923076923077,14.465384615384615,21.369230769230768,0,0,0,0
C689E,Gran Canaria,2019,2,MASPALOMAS,28,26,26,26,0.9285714285714286,18.95769230769231,15.496153846153845,22.426923076923078,0,0,0,0
C689E,Gran Canaria,2019,3,MASPALOMAS,31,8,8,8,0.25806451612903225,19.1,15.5375,22.65,0,0,0,0
C689E,Gran Canaria,2019,5,MASPALOMAS,31,21,21,20,0.6774193548387096,20.771428571428572,17.757142857142856,23.771428571428572,0,0,0,0
C689E,Gran Canaria,2019,6,MASPALOMAS,30,30,30,30,1,21.393333333333334,18.80666666666667,24,0,5,0,0
C689E,Gran Canaria,2019,7,MASPALOMAS,31,29,27,29,0.8709677419354839,22.748148148148147,19.61111111111111,25.892592592592592,4.5,8,0,0
C689E,Gran Canaria,2019,8,MASPALOMAS,31,25,24,22,0.7741935483870968,23.6875,20.283333333333335,27.0875,0.1,13,0,0
C689E,Gran Canaria,2019,9,MASPALOMAS,30,25,25,25,0.8333333333333334,23.456,19.928,26.992,1.4,11,0,0
C689E,Gran Canaria,2019,10,MASPALOMAS,31,30,30,30,0.967741935483871,22.96666666666667,19.35333333333333,26.573333333333334,0,10,0,0
C689E,Gran Canaria,2019,11,MASPALOMAS,30,28,27,28,0.9,20.951851851851853,17.074074074074073,24.87037037037037,0.3,2,0,0
C689E,Gran Canaria,2019,12,MASPALOMAS,31,31,31,31,1,19.416129032258066,15.5,23.338709677419356,2.7,0,0,0
C689E,Gran Canaria,2020,1,MASPALOMAS,31,31,31,31,1,17.77741935483871,14.096774193548386,21.451612903225808,0,0,0,0
C689E,Gran Canaria,2020,2,MASPALOMAS,29,27,27,25,0.9310344827586207,20.444444444444443,16.114814814814814,24.774074074074075,0,2,0,0
C689E,Gran Canaria,2020,3,MASPALOMAS,31,27,26,26,0.8387096774193549,18.97692307692308,15.45,22.515384615384615,2.1,0,0,0
C689E,Gran Canaria,2020,4,MASPALOMAS,30,29,12,28,0.4,19.491666666666667,16.125,22.79230769230769,0.2,0,0,0
C689E,Gran Canaria,2020,5,MASPALOMAS,31,30,0,28,0,,,,0,0,0,0
C689E,Gran Canaria,2020,6,MASPALOMAS,30,28,0,25,0,,,,0.2,0,0,0
C689E,Gran Canaria,2020,7,MASPALOMAS,31,30,0,27,0,,,,0,0,0,0
C689E,Gran Canaria,2020,8,MASPALOMAS,31,28,0,26,0,,,,0,0,0,0
C689E,Gran Canaria,2020,9,MASPALOMAS,30,30,0,30,0,,,,2.3,0,0,0
C689E,Gran Canaria,2020,10,MASPALOMAS,31,31,0,30,0,,,,1.5,0,0,0
C689E,Gran Canaria,2020,11,MASPALOMAS,30,30,0,29,0,,,,17.1,0,0,0
C689E,Gran Canaria,2020,12,MASPALOMAS,31,31,0,31,0,,,,3.1,0,0,0
C689E,Gran Canaria,2021,1,MASPALOMAS,31,31,0,30,0,,,,11.7,0,0,0
C689E,Gran Canaria,2021,2,MASPALOMAS,28,28,0,28,0,,,,6,0,0,0
C689E,Gran Canaria,2021,3,MASPALOMAS,31,31,0,31,0,,,,0.4,0,0,0
C689E,Gran Canaria,2021,4,MASPALOMAS,30,30,0,30,0,,,,0,0,0,0
C689E,Gran Canaria,2021,5,MASPALOMAS,31,31,0,31,0,,,,0,0,0,0
C689E,Gran Canaria,2021,6,MASPALOMAS,30,30,0,30,0,,,,0,0,0,0
C689E,Gran Canaria,2021,7,MASPALOMAS,31,30,0,30,0,,,,0.1,0,0,0
C689E,Gran Canaria,2021,8,MASPALOMAS,31,31,0,31,0,,,,0,0,0,0
C689E,Gran Canaria,2021,9,MASPALOMAS,30,30,0,30,0,,,,0,0,0,0
C689E,Gran Canaria,2021,10,MASPALOMAS,31,31,0,31,0,,,,0.1,0,0,0
C689E,Gran Canaria,2021,11,MASPALOMAS,30,30,0,30,0,,,,3.2,0,0,0
C689E,Gran Canaria,2021,12,MASPALOMAS,31,31,0,31,0,,,,0.1,0,0,0
C689E,Gran Canaria,2022,1,MASPALOMAS,31,31,0,30,0,,,,10.299999999999999,0,0,0
C689E,Gran Canaria,2022,2,MASPALOMAS,28,28,0,28,0,,,,3.6,0,0,0
C689E,Gran Canaria,2022,3,MASPALOMAS,31,31,0,31,0,,,,1.8,0,0,0
C689E,Gran Canaria,2022,4,MASPALOMAS,30,30,0,29,0,,,,4.5,0,0,0
C689E,Gran Canaria,2022,5,MASPALOMAS,31,31,0,31,0,,,,0,0,0,0
C689E,Gran Canaria,2022,6,MASPALOMAS,30,30,0,30,0,,,,0,0,0,0
C689E,Gran Canaria,2022,7,MASPALOMAS,31,31,0,30,0,,,,0,0,0,0
C689E,Gran Canaria,2022,8,MASPALOMAS,31,31,0,31,0,,,,4.5,0,0,0
C689E,Gran Canaria,2022,9,MASPALOMAS,30,30,0,30,0,,,,78.9,0,0,0
C689E,Gran Canaria,2022,10,MASPALOMAS,31,31,0,30,0,,,,0.4,0,0,0
C689E,Gran Canaria,2022,11,MASPALOMAS,30,30,0,30,0,,,,0,0,0,0
C689E,Gran Canaria,2022,12,MASPALOMAS,31,31,0,31,0,,,,13.4,0,0,0
C689E,Gran Canaria,2023,1,MASPALOMAS,31,31,0,30,0,,,,5.3,0,0,0
C689E,Gran Canaria,2023,2,MASPALOMAS,28,28,0,28,0,,,,5.3999999999999995,0,0,0
C689E,Gran Canaria,2023,3,MASPALOMAS,31,31,0,31,0,,,,0.1,0,0,0
C689E,Gran Canaria,2023,4,MASPALOMAS,30,30,0,29,0,,,,0,0,0,0
C689E,Gran Canaria,2023,5,MASPALOMAS,31,31,0,31,0,,,,0,0,0,0
C689E,Gran Canaria,2023,6,MASPALOMAS,30,30,0,30,0,,,,0.5,0,0,0
C689E,Gran Canaria,2023,7,MASPALOMAS,31,31,0,30,0,,,,0,0,0,0
C689E,Gran Canaria,2023,8,MASPALOMAS,31,31,0,31,0,,,,1.2,0,0,0
C689E,Gran Canaria,2023,9,MASPALOMAS,30,30,0,29,0,,,,0,0,0,0
C689E,Gran Canaria,2023,10,MASPALOMAS,31,31,0,31,0,,,,0.1,0,0,0
C689E,Gran Canaria,2023,11,MASPALOMAS,30,30,0,30,0,,,,8.3,0,0,0
C689E,Gran Canaria,2023,12,MASPALOMAS,31,31,0,31,0,,,,8.6,0,0,0
C689E,Gran Canaria,2024,1,MASPALOMAS,31,31,0,30,0,,,,0.1,0,0,0
C689E,Gran Canaria,2024,2,MASPALOMAS,29,29,0,29,0,,,,0,0,0,0
C689E,Gran Canaria,2024,3,MASPALOMAS,31,31,0,31,0,,,,5.2,0,0,0
C689E,Gran Canaria,2024,4,MASPALOMAS,30,30,0,29,0,,,,0,0,0,0
C689E,Gran Canaria,2024,5,MASPALOMAS,31,31,0,31,0,,,,0,0,0,0
C689E,Gran Canaria,2024,6,MASPALOMAS,30,30,0,30,0,,,,0.2,0,0,0
C689E,Gran Canaria,2024,7,MASPALOMAS,31,31,0,30,0,,,,0,0,0,0
C689E,Gran Canaria,2024,8,MASPALOMAS,31,31,0,31,0,,,,0,0,0,0
C689E,Gran Canaria,2024,9,MASPALOMAS,30,30,0,30,0,,,,0,0,0,0
C689E,Gran Canaria,2024,10,MASPALOMAS,31,31,0,30,0,,,,0.9,0,0,0
C689E,Gran Canaria,2024,11,MASPALOMAS,30,30,0,30,0,,,,12.6,0,0,0
C689E,Gran Canaria,2024,12,MASPALOMAS,31,31,0,31,0,,,,7.4,0,0,0
C689E,Gran Canaria,2025,1,MASPALOMAS,31,31,0,31,0,,,,3.2,0,0,0
C689E,Gran Canaria,2025,2,MASPALOMAS,28,28,0,28,0,,,,3.1,0,0,0
C689E,Gran Canaria,2025,3,MASPALOMAS,31,31,0,31,0,,,,1.7000000000000002,0,0,0
C689E,Gran Canaria,2025,4,MASPALOMAS,30,30,0,29,0,,,,22.1,0,0,0
C689E,Gran Canaria,2025,5,MASPALOMAS,31,31,10,31,0.3225806451612903,21.62,18.88,24.37,0.6,1,0,0
C689E,Gran Canaria,2025,6,MASPALOMAS,30,30,30,30,1,22.503333333333334,19.873333333333335,25.11,0.2,11,0,0
C689E,Gran Canaria,2025,7,MASPALOMAS,31,31,31,31,1,24.025806451612905,21.529032258064515,26.54193548387097,0,30,0,0
C689E,Gran Canaria,2025,8,MASPALOMAS,31,31,31,30,1,25.141935483870967,22.490322580645163,27.796774193548387,3,31,0,0
C689E,Gran Canaria,2025,9,MASPALOMAS,30,30,30,30,1,25.016666666666666,21.856666666666666,28.156666666666666,0,29,1,0
C689E,Gran Canaria,2025,10,MASPALOMAS,31,31,31,31,1,22.974193548387095,20.280645161290323,25.674193548387098,0.2,18,0,0
C689E,Gran Canaria,2025,11,MASPALOMAS,30,30,30,29,1,21.656666666666666,18.43,24.89,16.8,3,0,0
C689E,Gran Canaria,2025,12,MASPALOMAS,31,31,31,31,1,18.941935483870967,15.54516129032258,22.335483870967742,4,0,0,0
C839X,La Graciosa,2015,2,LA GRACIOSA,28,26,26,26,0.9285714285714286,16.31153846153846,13.684615384615384,18.934615384615384,5,0,0,0
C839X,La Graciosa,2015,3,LA GRACIOSA,31,31,31,31,1,17.177419354838708,14.112903225806452,20.24516129032258,10.4,0,0,0
C839X,La Graciosa,2015,4,LA GRACIOSA,30,30,30,29,1,18.3,14.843333333333334,21.746666666666666,0.2,0,0,0
C839X,La Graciosa,2015,5,LA GRACIOSA,31,31,31,31,1,21.045161290322582,17.461290322580645,24.63225806451613,0,1,0,0
C839X,La Graciosa,2015,6,LA GRACIOSA,30,28,27,27,0.9,21.25925925925926,18.348148148148148,24.18888888888889,0,2,0,0
C839X,La Graciosa,2015,7,LA GRACIOSA,31,19,19,19,0.6129032258064516,23.63684210526316,20.621052631578948,26.657894736842106,0,14,0,0
C839X,La Graciosa,2015,8,LA GRACIOSA,31,17,17,16,0.5483870967741935,24.31764705882353,20.982352941176472,27.652941176470588,0.8,14,0,0
C839X,La Graciosa,2015,9,LA GRACIOSA,30,30,30,30,1,24.346666666666668,20.9,27.803333333333335,1.4000000000000001,25,0,0
C839X,La Graciosa,2015,10,LA GRACIOSA,31,31,31,31,1,23.529032258064518,20.129032258064516,26.903225806451612,59.8,17,0,0
C839X,La Graciosa,2015,11,LA GRACIOSA,30,30,30,29,1,21.58,18.613333333333333,24.543333333333333,1.6,8,0,0
C839X,La Graciosa,2015,12,LA GRACIOSA,31,31,31,31,1,20.5,17.161290322580644,23.81935483870968,4.6000000000000005,4,0,0
C839X,La Graciosa,2016,1,LA GRACIOSA,31,31,31,31,1,19.225806451612904,16.070967741935483,22.403225806451612,3.6,1,0,0
C839X,La Graciosa,2016,2,LA GRACIOSA,29,29,29,29,1,17.955172413793104,15.13448275862069,20.782758620689656,31.6,0,0,0
C839X,La Graciosa,2016,3,LA GRACIOSA,31,31,31,31,1,17.738709677419354,14.567741935483872,20.9,5.2,0,0,0
C839X,La Graciosa,2016,4,LA GRACIOSA,30,30,30,29,1,18.906666666666666,15.45,22.366666666666667,1.4000000000000001,0,0,0
C839X,La Graciosa,2016,5,LA GRACIOSA,31,31,31,30,1,19.954838709677418,16.893548387096775,23.025806451612905,2,0,0,0
C839X,La Graciosa,2016,6,LA GRACIOSA,30,30,30,30,1,22.156666666666666,18.976666666666667,25.31,0.6000000000000001,3,0,0
C839X,La Graciosa,2016,7,LA GRACIOSA,31,31,31,31,1,23.096774193548388,20.34193548387097,25.835483870967742,0,23,0,0
C839X,La Graciosa,2016,8,LA GRACIOSA,31,31,31,31,1,24.425806451612903,21.5,27.364516129032257,0,30,0,0
C839X,La Graciosa,2016,9,LA GRACIOSA,30,30,30,30,1,23.856666666666666,20.816666666666666,26.863333333333333,0,26,0,0
C839X,La Graciosa,2016,10,LA GRACIOSA,31,31,31,31,1,22.967741935483872,19.412903225806453,26.529032258064515,41,10,0,0
C839X,La Graciosa,2016,11,LA GRACIOSA,30,30,30,29,1,20.456666666666667,17.47,23.453333333333333,13.6,0,0,0
C839X,La Graciosa,2016,12,LA GRACIOSA,31,31,31,31,1,19.338709677419356,16.616129032258065,22.045161290322582,16.2,0,0,0
C839X,La Graciosa,2017,1,LA GRACIOSA,31,31,31,31,1,18.019354838709678,15.125806451612902,20.912903225806453,0.6000000000000001,0,0,0
C839X,La Graciosa,2017,2,LA GRACIOSA,28,28,28,28,1,17.771428571428572,14.567857142857143,20.97142857142857,24,0,0,0
C839X,La Graciosa,2017,3,LA GRACIOSA,31,31,31,31,1,18.796774193548387,15.148387096774194,22.451612903225808,0.4,1,0,0
C839X,La Graciosa,2017,4,LA GRACIOSA,30,30,29,30,0.9666666666666667,20.120689655172413,16.520689655172415,23.73103448275862,0,0,0,0
C839X,La Graciosa,2017,5,LA GRACIOSA,31,31,31,30,1,21.5,18.1,24.912903225806453,0.2,1,0,0
C839X,La Graciosa,2017,6,LA GRACIOSA,30,30,30,30,1,22.79,19.796666666666667,25.796666666666667,0.2,12,0,0
C839X,La Graciosa,2017,7,LA GRACIOSA,31,31,31,31,1,23.525806451612905,20.664516129032258,26.38064516129032,0,28,0,0
C839X,La Graciosa,2017,8,LA GRACIOSA,31,31,31,31,1,24.316129032258065,21.16774193548387,27.46451612903226,0,29,0,0
C839X,La Graciosa,2017,9,LA GRACIOSA,30,29,28,28,0.9333333333333333,23.589285714285715,20.789285714285715,26.4,9,24,0,0
C839X,La Graciosa,2017,10,LA GRACIOSA,31,31,31,31,1,24.158064516129034,20.306451612903224,28.003225806451614,0.2,17,1,0
C839X,La Graciosa,2017,11,LA GRACIOSA,30,30,30,29,1,22.18,18.86,25.496666666666666,0.4,6,0,0
C839X,La Graciosa,2017,12,LA GRACIOSA,31,26,16,26,0.5161290322580645,18.8375,16.05625,21.625,15.8,0,0,0
C839X,La Graciosa,2018,1,LA GRACIOSA,31,21,17,19,0.5483870967741935,16.976470588235294,14.51764705882353,19.447058823529414,19.8,0,0,0
C839X,La Graciosa,2018,2,LA GRACIOSA,28,28,28,28,1,16.557142857142857,13.45,19.65357142857143,24.2,0,0,0
C839X,La Graciosa,2018,3,LA GRACIOSA,31,31,31,30,1,18.716129032258063,15.7,21.716129032258063,5.8,0,0,0
C839X,La Graciosa,2018,4,LA GRACIOSA,30,30,30,30,1,18.436666666666667,15.486666666666666,21.373333333333335,10.8,0,0,0
C839X,La Graciosa,2018,5,LA GRACIOSA,31,31,31,30,1,19.15483870967742,16.248387096774195,22.061290322580646,0.4,0,0,0
C839X,La Graciosa,2018,6,LA GRACIOSA,30,30,30,30,1,20.89666666666667,18.036666666666665,23.756666666666668,0.4,0,0,0
C839X,La Graciosa,2018,7,LA GRACIOSA,31,31,31,31,1,22.803225806451614,20.080645161290324,25.5,0,21,0,0
C839X,La Graciosa,2018,8,LA GRACIOSA,31,31,31,31,1,23.87741935483871,21.309677419354838,26.44516129032258,0.4,31,0,0
C839X,La Graciosa,2018,9,LA GRACIOSA,30,30,30,30,1,24.246666666666666,21.156666666666666,27.343333333333334,0,26,0,0
C839X,La Graciosa,2018,10,LA GRACIOSA,31,31,31,31,1,22.741935483870968,19.361290322580647,26.112903225806452,36.8,12,0,0
C839X,La Graciosa,2018,11,LA GRACIOSA,30,30,30,30,1,19.803333333333335,16.833333333333332,22.77,36.4,1,0,0
C839X,La Graciosa,2018,12,LA GRACIOSA,31,31,31,31,1,19.696774193548386,16.62258064516129,22.77741935483871,0.2,0,0,0
C839X,La Graciosa,2019,1,LA GRACIOSA,31,31,31,31,1,17.57741935483871,14.593548387096774,20.56451612903226,5.4,0,0,0
C839X,La Graciosa,2019,2,LA GRACIOSA,28,28,28,28,1,18.917857142857144,14.967857142857143,22.875,2,0,0,0
C839X,La Graciosa,2019,3,LA GRACIOSA,31,31,31,31,1,18.348387096774193,15.096774193548388,21.596774193548388,2,0,0,0
C839X,La Graciosa,2019,4,LA GRACIOSA,30,30,30,30,1,19.033333333333335,15.686666666666667,22.393333333333334,4.4,0,0,0
C839X,La Graciosa,2019,5,LA GRACIOSA,31,31,31,30,1,20.629032258064516,17.816129032258065,23.45483870967742,0,0,0,0
C839X,La Graciosa,2019,6,LA GRACIOSA,30,30,30,30,1,21.78333333333333,18.44333333333333,25.12,0.8,1,0,0
C839X,La Graciosa,2019,7,LA GRACIOSA,31,31,31,31,1,23.016129032258064,20.232258064516127,25.78709677419355,0.8,23,0,0
C839X,La Graciosa,2019,8,LA GRACIOSA,31,31,31,30,1,23.84516129032258,21.061290322580646,26.638709677419357,0,31,0,0
C839X,La Graciosa,2019,9,LA GRACIOSA,30,30,30,30,1,23.553333333333335,20.436666666666667,26.64,0.2,23,0,0
C839X,La Graciosa,2019,10,LA GRACIOSA,31,31,31,31,1,23.038709677419355,19.751612903225805,26.31290322580645,2.8000000000000003,13,0,0
C839X,La Graciosa,2019,11,LA GRACIOSA,30,30,30,29,1,20.876666666666665,18.263333333333332,23.49,4.4,4,0,0
C839X,La Graciosa,2019,12,LA GRACIOSA,31,31,31,31,1,19.4,16.387096774193548,22.419354838709676,20.8,0,0,0
C839X,La Graciosa,2020,1,LA GRACIOSA,31,31,31,31,1,18.161290322580644,14.661290322580646,21.65806451612903,2.6,0,0,0
C839X,La Graciosa,2020,2,LA GRACIOSA,29,29,29,29,1,19.83448275862069,16.341379310344827,23.313793103448276,0,0,0,0
C839X,La Graciosa,2020,3,LA GRACIOSA,31,31,31,31,1,18.43225806451613,15.290322580645162,21.574193548387097,10.8,0,0,0
C839X,La Graciosa,2020,4,LA GRACIOSA,30,30,30,30,1,19.71,16.166666666666668,23.23,1,0,0,0
C839X,La Graciosa,2020,5,LA GRACIOSA,31,31,31,31,1,21.061290322580646,17.758064516129032,24.364516129032257,1.6,1,0,0
C839X,La Graciosa,2020,6,LA GRACIOSA,30,30,30,30,1,22.913333333333334,19.556666666666665,26.273333333333333,3,16,0,0
C839X,La Graciosa,2020,7,LA GRACIOSA,31,31,31,31,1,23.716129032258063,21.05483870967742,26.36774193548387,0,31,0,0
C839X,La Graciosa,2020,8,LA GRACIOSA,31,31,31,30,1,24.39032258064516,21.606451612903225,27.164516129032258,0,30,0,0
C839X,La Graciosa,2020,9,LA GRACIOSA,30,30,30,30,1,24.173333333333332,21.043333333333333,27.303333333333335,0,24,0,0
C839X,La Graciosa,2020,10,LA GRACIOSA,31,31,31,31,1,22.89677419354839,19.76451612903226,26.029032258064515,3.6,14,0,0
C839X,La Graciosa,2020,11,LA GRACIOSA,30,30,30,29,1,21.566666666666666,17.89666666666667,25.23,18.6,3,0,0
C839X,La Graciosa,2020,12,LA GRACIOSA,31,31,31,31,1,19.03548387096774,16.34193548387097,21.732258064516127,26.2,0,0,0
C839X,La Graciosa,2021,1,LA GRACIOSA,31,31,31,31,1,17.822580645161292,15.051612903225806,20.580645161290324,20.6,0,0,0
C839X,La Graciosa,2021,2,LA GRACIOSA,28,28,28,27,1,17.74642857142857,14.525,20.957142857142856,21.599999999999998,0,0,0
C839X,La Graciosa,2021,3,LA GRACIOSA,31,31,31,31,1,19.13225806451613,15.664516129032258,22.596774193548388,2.2,1,0,0
C839X,La Graciosa,2021,4,LA GRACIOSA,30,30,30,30,1,19.75,16.223333333333333,23.273333333333333,4.2,0,0,0
C839X,La Graciosa,2021,5,LA GRACIOSA,31,31,30,30,0.967741935483871,20.68,17.82,23.543333333333333,0,0,0,0
C839X,La Graciosa,2021,6,LA GRACIOSA,30,30,30,30,1,21.54,18.58,24.526666666666667,0.8,1,0,0
C839X,La Graciosa,2021,7,LA GRACIOSA,31,30,30,29,0.967741935483871,22.84,20.09,25.6,0.4,19,0,0
C839X,La Graciosa,2021,8,LA GRACIOSA,31,31,31,31,1,23.8,20.664516129032258,26.938709677419354,0.8,24,0,0
C839X,La Graciosa,2021,9,LA GRACIOSA,30,30,30,30,1,24.213333333333335,21.203333333333333,27.21666666666667,1.6,26,0,0
C839X,La Graciosa,2021,10,LA GRACIOSA,31,27,27,27,0.8709677419354839,22.70740740740741,19.79259259259259,25.61111111111111,0.6000000000000001,15,0,0
C839X,La Graciosa,2021,11,LA GRACIOSA,30,22,22,19,0.7333333333333333,20.009090909090908,17.14090909090909,22.886363636363637,8.8,1,0,0
C839X,La Graciosa,2021,12,LA GRACIOSA,31,31,30,31,0.967741935483871,19.316666666666666,16.59,22.046666666666667,2.6,0,0,0
C839X,La Graciosa,2022,1,LA GRACIOSA,31,31,31,31,1,18.63225806451613,15.706451612903226,21.580645161290324,14.2,0,0,0
C839X,La Graciosa,2022,2,LA GRACIOSA,28,28,28,28,1,19.696428571428573,16.610714285714288,22.775,7.8,2,0,0
C839X,La Graciosa,2022,3,LA GRACIOSA,31,31,31,31,1,17.97741935483871,14.816129032258065,21.141935483870967,19.4,0,0,0
C839X,La Graciosa,2022,4,LA GRACIOSA,30,30,30,29,1,18.913333333333334,15.75,22.06,12.2,0,0,0
C839X,La Graciosa,2022,5,LA GRACIOSA,31,31,31,31,1,20.83225806451613,17.551612903225806,24.1,0,0,0,0
C839X,La Graciosa,2022,6,LA GRACIOSA,30,30,12,28,0.4,22.09166666666667,19.375,24.808333333333334,0.4,2,0,0
C839X,La Graciosa,2022,7,LA GRACIOSA,31,31,11,30,0.3548387096774194,24.854545454545455,21.772727272727273,27.89090909090909,0.2,11,0,0
C839X,La Graciosa,2022,8,LA GRACIOSA,31,31,31,31,1,24.16774193548387,21.39677419354839,26.935483870967744,0,31,0,0
C839X,La Graciosa,2022,9,LA GRACIOSA,30,30,30,30,1,23.986666666666668,21.2,26.773333333333333,46.2,28,0,0
C839X,La Graciosa,2022,10,LA GRACIOSA,31,31,31,31,1,23.151612903225807,20.112903225806452,26.174193548387098,4.6000000000000005,15,0,0
C839X,La Graciosa,2022,11,LA GRACIOSA,30,30,30,29,1,22.443333333333335,19.46,25.453333333333333,0.6000000000000001,6,0,0
C839X,La Graciosa,2022,12,LA GRACIOSA,31,31,31,31,1,20.66774193548387,17.438709677419354,23.919354838709676,22.4,1,0,0
C839X,La Graciosa,2023,1,LA GRACIOSA,31,31,31,31,1,18.738709677419354,15.996774193548386,21.506451612903227,3.2,0,0,0
C839X,La Graciosa,2023,2,LA GRACIOSA,28,28,28,28,1,17.292857142857144,14.182142857142857,20.4,0,0,0,0
C839X,La Graciosa,2023,3,LA GRACIOSA,31,19,19,13,0.6129032258064516,19.231578947368423,15.81578947368421,22.63157894736842,0,0,0,0
C839X,La Graciosa,2023,4,LA GRACIOSA,30,5,5,1,0.16666666666666666,19.88,16.68,23.04,0,0,0,0
C839X,La Graciosa,2023,5,LA GRACIOSA,31,6,6,6,0.1935483870967742,20.96666666666667,17,24.883333333333333,0,0,0,0
C839X,La Graciosa,2023,6,LA GRACIOSA,30,30,30,30,1,23.596666666666668,20.36,26.856666666666666,0.4,19,0,0
C839X,La Graciosa,2023,7,LA GRACIOSA,31,31,31,31,1,24.625806451612902,21.729032258064517,27.529032258064515,0,31,0,0
C839X,La Graciosa,2023,8,LA GRACIOSA,31,31,31,31,1,25.38064516129032,22.425806451612903,28.34193548387097,0,31,0,0
C839X,La Graciosa,2023,9,LA GRACIOSA,30,30,30,30,1,24.426666666666666,21.086666666666666,27.75,0.4,26,0,0
C839X,La Graciosa,2023,10,LA GRACIOSA,31,31,31,31,1,25.545161290322582,21.429032258064517,29.651612903225807,6.6,24,1,0
C839X,La Graciosa,2023,11,LA GRACIOSA,30,30,30,29,1,22.35,19.19333333333333,25.493333333333332,0.6000000000000001,11,0,0
C839X,La Graciosa,2023,12,LA GRACIOSA,31,31,31,31,1,20.212903225806453,17.006451612903227,23.43548387096774,12.4,0,0,0
C839X,La Graciosa,2024,1,LA GRACIOSA,31,31,31,31,1,20.974193548387095,17.261290322580646,24.683870967741935,1.8,4,0,0
C839X,La Graciosa,2024,2,LA GRACIOSA,29,29,29,29,1,20.49310344827586,17.244827586206895,23.724137931034484,1.4,0,0,0
C839X,La Graciosa,2024,3,LA GRACIOSA,31,31,31,31,1,19.270967741935483,16.074193548387097,22.46451612903226,9.8,0,0,0
C839X,La Graciosa,2024,4,LA GRACIOSA,30,30,30,30,1,20.65,16.86,24.426666666666666,0.6000000000000001,0,0,0
C839X,La Graciosa,2024,5,LA GRACIOSA,31,31,31,30,1,20.912903225806453,18.01290322580645,23.806451612903224,2.6,0,0,0
C839X,La Graciosa,2024,6,LA GRACIOSA,30,30,30,30,1,21.813333333333333,19.1,24.536666666666665,0.6000000000000001,2,0,0
C839X,La Graciosa,2024,7,LA GRACIOSA,31,31,31,31,1,23.106451612903225,20.283870967741937,25.941935483870967,1.4,22,0,0
C839X,La Graciosa,2024,8,LA GRACIOSA,31,31,31,31,1,24.551612903225806,21.861290322580643,27.261290322580646,0.4,31,0,0
C839X,La Graciosa,2024,9,LA GRACIOSA,30,30,30,30,1,23.296666666666667,20.29,26.29,0,20,0,0
C839X,La Graciosa,2024,10,LA GRACIOSA,31,31,31,31,1,22.7,19.97741935483871,25.42258064516129,2.8,19,0,0
C839X,La Graciosa,2024,11,LA GRACIOSA,30,30,30,29,1,23.156666666666666,19.38,26.919999999999998,2,11,0,0
C839X,La Graciosa,2024,12,LA GRACIOSA,31,28,28,27,0.9032258064516129,19.914285714285715,16.985714285714284,22.84285714285714,3.8000000000000003,1,0,0
C839X,La Graciosa,2025,1,LA GRACIOSA,31,31,31,31,1,18.596774193548388,15.62258064516129,21.561290322580646,11.4,0,0,0
C839X,La Graciosa,2025,2,LA GRACIOSA,28,22,22,21,0.7857142857142857,18.536363636363635,15.631818181818183,21.46818181818182,4.2,0,0,0
C839X,La Graciosa,2025,3,LA GRACIOSA,31,31,31,31,1,18.45806451612903,15.519354838709678,21.393548387096775,35.2,0,0,0
C839X,La Graciosa,2025,4,LA GRACIOSA,30,30,30,29,1,19.743333333333332,16.996666666666666,22.493333333333332,18.599999999999998,0,0,0
C839X,La Graciosa,2025,5,LA GRACIOSA,31,31,31,30,1,20.648387096774194,17.56451612903226,23.72258064516129,2.4,0,0,0
C839X,La Graciosa,2025,6,LA GRACIOSA,30,30,30,30,1,22.276666666666667,19.61,24.94,0,10,0,0
C839X,La Graciosa,2025,7,LA GRACIOSA,31,31,31,31,1,23.787096774193547,21.087096774193547,26.47741935483871,1.2,30,0,0
C839X,La Graciosa,2025,8,LA GRACIOSA,31,31,31,31,1,24.996774193548386,22.070967741935483,27.903225806451612,0,30,0,0
C839X,La Graciosa,2025,9,LA GRACIOSA,30,30,30,29,1,24.266666666666666,21.1,27.443333333333335,2.6,24,0,0
C839X,La Graciosa,2025,10,LA GRACIOSA,31,31,31,30,1,22.980645161290322,19.98709677419355,25.967741935483872,0.4,15,0,0
C839X,La Graciosa,2025,11,LA GRACIOSA,30,30,30,30,1,21.493333333333332,18.643333333333334,24.35333333333333,11.6,6,0,0
C839X,La Graciosa,2025,12,LA GRACIOSA,31,31,31,31,1,18.27741935483871,15.196774193548388,21.351612903225806,39.800000000000004,0,0,0
C916Q,El Hierro,2015,1,"EL PINAR, DEPÓSITO",31,31,31,31,1,10.687096774193549,7.987096774193549,13.37741935483871,13.4,0,0,0
C916Q,El Hierro,2015,2,"EL PINAR, DEPÓSITO",28,28,28,28,1,10.514285714285714,7.707142857142857,13.310714285714285,32.6,0,0,0
C916Q,El Hierro,2015,3,"EL PINAR, DEPÓSITO",31,31,31,31,1,12.57741935483871,8.425806451612903,16.751612903225805,14,0,0,0
C916Q,El Hierro,2015,4,"EL PINAR, DEPÓSITO",30,30,30,30,1,12.263333333333334,7.48,17.066666666666666,5,0,0,0
C916Q,El Hierro,2015,5,"EL PINAR, DEPÓSITO",31,31,31,31,1,18.503225806451614,13.2,23.806451612903224,0,5,0,0
C916Q,El Hierro,2015,6,"EL PINAR, DEPÓSITO",30,30,30,30,1,17.076666666666668,12.266666666666666,21.9,0,1,0,0
C916Q,El Hierro,2015,7,"EL PINAR, DEPÓSITO",31,31,31,31,1,24.706451612903226,19.454838709677418,29.95806451612903,0,14,1,0
C916Q,El Hierro,2015,8,"EL PINAR, DEPÓSITO",31,31,31,31,1,20.374193548387098,15.796774193548387,24.954838709677418,14.1,4,0,0
C916Q,El Hierro,2015,9,"EL PINAR, DEPÓSITO",30,30,30,30,1,18.136666666666667,14.43,21.833333333333332,73.2,0,0,0
C916Q,El Hierro,2015,10,"EL PINAR, DEPÓSITO",31,31,31,30,1,16.693548387096776,13.264516129032259,20.125806451612902,99,2,0,0
C916Q,El Hierro,2015,11,"EL PINAR, DEPÓSITO",30,30,30,30,1,15.163333333333334,11.566666666666666,18.74,11.8,0,0,0
C916Q,El Hierro,2015,12,"EL PINAR, DEPÓSITO",31,31,31,31,1,13.483870967741936,9.061290322580644,17.9,17,0,0,0
C916Q,El Hierro,2016,1,"EL PINAR, DEPÓSITO",31,31,31,31,1,13.841935483870968,8.90967741935484,18.783870967741937,6.3999999999999995,0,0,0
C916Q,El Hierro,2016,2,"EL PINAR, DEPÓSITO",29,29,29,29,1,13.03448275862069,8.662068965517241,17.406896551724138,59,0,0,0
C916Q,El Hierro,2016,3,"EL PINAR, DEPÓSITO",31,31,31,31,1,11.53225806451613,7.316129032258065,15.751612903225807,51.6,0,0,0
C916Q,El Hierro,2016,4,"EL PINAR, DEPÓSITO",30,30,29,30,0.9666666666666667,13.079310344827586,8.641379310344828,17.52413793103448,22.8,0,0,0
C916Q,El Hierro,2016,5,"EL PINAR, DEPÓSITO",31,31,31,31,1,13.55483870967742,9.6,17.51290322580645,19,0,0,0
C916Q,El Hierro,2016,6,"EL PINAR, DEPÓSITO",30,30,30,30,1,19.096666666666668,14.203333333333333,24,1,2,0,0
C916Q,El Hierro,2016,7,"EL PINAR, DEPÓSITO",31,31,8,31,0.25806451612903225,23.55,18.6125,28.5,0,4,0,0
C916Q,El Hierro,2016,8,"EL PINAR, DEPÓSITO",31,31,31,31,1,24.97741935483871,19.470967741935485,30.503225806451614,0.2,12,1,0
C916Q,El Hierro,2016,9,"EL PINAR, DEPÓSITO",30,30,30,30,1,19.23,14.456666666666667,23.993333333333332,9.6,1,0,0
C916Q,El Hierro,2016,10,"EL PINAR, DEPÓSITO",31,31,31,31,1,16.27741935483871,12.338709677419354,20.216129032258063,65.2,0,0,0
C916Q,El Hierro,2016,11,"EL PINAR, DEPÓSITO",30,30,30,30,1,13.353333333333333,10.303333333333333,16.416666666666668,147,0,0,0
C916Q,El Hierro,2016,12,"EL PINAR, DEPÓSITO",31,31,31,31,1,12.096774193548388,9.141935483870968,15.048387096774194,97.6,0,0,0
C916Q,El Hierro,2017,1,"EL PINAR, DEPÓSITO",31,31,31,31,1,10.816129032258065,7.419354838709677,14.203225806451613,12.2,0,0,0
C916Q,El Hierro,2017,2,"EL PINAR, DEPÓSITO",28,28,28,28,1,11.153571428571428,7.475,14.82857142857143,70.5,0,0,0
C916Q,El Hierro,2017,3,"EL PINAR, DEPÓSITO",31,31,31,31,1,13.567741935483872,9.27741935483871,17.851612903225806,17.2,0,0,0
C916Q,El Hierro,2017,4,"EL PINAR, DEPÓSITO",30,30,30,30,1,14.926666666666666,10.283333333333333,19.586666666666666,48.4,0,0,0
C916Q,El Hierro,2017,5,"EL PINAR, DEPÓSITO",31,31,31,31,1,15.238709677419354,10.596774193548388,19.87741935483871,3.8,0,0,0
C916Q,El Hierro,2017,6,"EL PINAR, DEPÓSITO",30,30,30,30,1,19.51,14.393333333333333,24.63,0,4,0,0
C916Q,El Hierro,2017,7,"EL PINAR, DEPÓSITO",31,31,31,31,1,21.64516129032258,16.280645161290323,26.993548387096773,0,9,0,0
C916Q,El Hierro,2017,8,"EL PINAR, DEPÓSITO",31,31,31,31,1,24.55483870967742,19.38064516129032,29.738709677419354,0.2,16,6,0
C916Q,El Hierro,2017,9,"EL PINAR, DEPÓSITO",30,30,30,30,1,20.626666666666665,15.743333333333332,25.51,4,2,0,0
C916Q,El Hierro,2017,10,"EL PINAR, DEPÓSITO",31,31,31,31,1,18.974193548387095,14.506451612903225,23.429032258064517,5.2,2,0,0
C916Q,El Hierro,2017,11,"EL PINAR, DEPÓSITO",30,30,30,30,1,15.786666666666667,12.290000000000001,19.293333333333333,32.4,0,0,0
C916Q,El Hierro,2017,12,"EL PINAR, DEPÓSITO",31,31,31,31,1,11.629032258064516,8.861290322580645,14.390322580645162,103,0,0,0
C916Q,El Hierro,2018,1,"EL PINAR, DEPÓSITO",31,31,31,31,1,11.887096774193548,8.419354838709678,15.35483870967742,48.6,0,0,0
C916Q,El Hierro,2018,2,"EL PINAR, DEPÓSITO",28,28,28,28,1,10,7.196428571428571,12.807142857142857,166.2,0,0,0
C916Q,El Hierro,2018,3,"EL PINAR, DEPÓSITO",31,31,31,31,1,13.448387096774194,9.212903225806452,17.664516129032258,46.199999999999996,0,0,0
C916Q,El Hierro,2018,4,"EL PINAR, DEPÓSITO",30,30,30,30,1,12.42,8.483333333333333,16.36,16,0,0,0
C916Q,El Hierro,2018,5,"EL PINAR, DEPÓSITO",31,31,31,31,1,12.85483870967742,9.26774193548387,16.43225806451613,6.8,0,0,0
C916Q,El Hierro,2018,6,"EL PINAR, DEPÓSITO",30,30,30,30,1,16.256666666666668,11.606666666666667,20.9,4.8,0,0,0
C916Q,El Hierro,2018,7,"EL PINAR, DEPÓSITO",31,31,31,31,1,21.48709677419355,16.129032258064516,26.848387096774193,0,4,1,0
C916Q,El Hierro,2018,8,"EL PINAR, DEPÓSITO",31,31,31,31,1,21.887096774193548,16.70967741935484,27.05483870967742,4.4,7,2,0
C916Q,El Hierro,2018,9,"EL PINAR, DEPÓSITO",30,30,30,30,1,19.466666666666665,15.083333333333334,23.843333333333334,0,3,0,0
C916Q,El Hierro,2018,10,"EL PINAR, DEPÓSITO",31,31,31,31,1,16.00967741935484,12.167741935483871,19.85483870967742,66.6,0,0,0
C916Q,El Hierro,2018,11,"EL PINAR, DEPÓSITO",30,30,30,30,1,13.073333333333334,9.74,16.423333333333332,98.4,0,0,0
C916Q,El Hierro,2018,12,"EL PINAR, DEPÓSITO",31,31,31,31,1,13.670967741935485,9.35483870967742,17.974193548387095,0,0,0,0
C916Q,El Hierro,2019,1,"EL PINAR, DEPÓSITO",31,31,31,31,1,10.23225806451613,6.612903225806452,13.858064516129032,34.2,0,0,0
C916Q,El Hierro,2019,2,"EL PINAR, DEPÓSITO",28,28,28,28,1,12.753571428571428,8.246428571428572,17.25357142857143,14,0,0,0
C916Q,El Hierro,2019,3,"EL PINAR, DEPÓSITO",31,31,31,31,1,12.329032258064517,8.061290322580644,16.61935483870968,59.800000000000004,0,0,0
C916Q,El Hierro,2019,4,"EL PINAR, DEPÓSITO",30,30,30,30,1,12.56,8.566666666666666,16.536666666666665,39.4,0,0,0
C916Q,El Hierro,2019,5,"EL PINAR, DEPÓSITO",31,31,31,31,1,16.216129032258063,11.03225806451613,21.4,1,0,0,0
C916Q,El Hierro,2019,6,"EL PINAR, DEPÓSITO",30,30,30,30,1,16.486666666666668,12.286666666666667,20.703333333333333,0.2,0,0,0
C916Q,El Hierro,2019,7,"EL PINAR, DEPÓSITO",31,31,31,31,1,20.016129032258064,15.32258064516129,24.70967741935484,0,1,0,0
C916Q,El Hierro,2019,8,"EL PINAR, DEPÓSITO",31,31,31,31,1,24.16774193548387,19.029032258064518,29.303225806451614,0,13,2,0
C916Q,El Hierro,2019,9,"EL PINAR, DEPÓSITO",30,30,30,30,1,19.38,14.626666666666667,24.14,4.2,1,0,0
C916Q,El Hierro,2019,10,"EL PINAR, DEPÓSITO",31,31,31,31,1,18.670967741935485,14.5,22.864516129032257,23,4,0,0
C916Q,El Hierro,2019,11,"EL PINAR, DEPÓSITO",30,30,30,30,1,15.13,11.773333333333333,18.463333333333335,17.6,0,0,0
C916Q,El Hierro,2019,12,"EL PINAR, DEPÓSITO",31,31,31,31,1,13.225806451612904,9.441935483870967,17.003225806451614,71.2,0,0,0
C916Q,El Hierro,2020,1,"EL PINAR, DEPÓSITO",31,31,31,31,1,10.951612903225806,7.2935483870967746,14.606451612903227,8,0,0,0
C916Q,El Hierro,2020,2,"EL PINAR, DEPÓSITO",29,29,29,29,1,15.527586206896551,11.179310344827586,19.879310344827587,0.6000000000000001,0,0,0
C916Q,El Hierro,2020,3,"EL PINAR, DEPÓSITO",31,31,31,31,1,13.667741935483871,9.725806451612904,17.63225806451613,56.6,0,0,0
C916Q,El Hierro,2020,4,"EL PINAR, DEPÓSITO",30,30,30,30,1,13.533333333333333,9.443333333333333,17.616666666666667,35.4,0,0,0
C916Q,El Hierro,2020,5,"EL PINAR, DEPÓSITO",31,31,31,31,1,17.119354838709675,12.470967741935484,21.770967741935483,4.6,1,0,0
C916Q,El Hierro,2020,6,"EL PINAR, DEPÓSITO",30,30,30,30,1,17.226666666666667,12.93,21.543333333333333,39.2,0,0,0
C916Q,El Hierro,2020,7,"EL PINAR, DEPÓSITO",31,31,31,31,1,26.206451612903226,20.729032258064517,31.690322580645162,0,20,3,0
C916Q,El Hierro,2020,8,"EL PINAR, DEPÓSITO",31,31,31,31,1,24.33225806451613,19.438709677419354,29.219354838709677,0,12,3,0
C916Q,El Hierro,2020,9,"EL PINAR, DEPÓSITO",30,30,30,30,1,22.586666666666666,18.12,27.07,3.6,9,2,0
C916Q,El Hierro,2020,10,"EL PINAR, DEPÓSITO",31,31,31,31,1,17.51290322580645,13.870967741935484,21.15806451612903,27.8,0,0,0
C916Q,El Hierro,2020,11,"EL PINAR, DEPÓSITO",30,30,30,30,1,15.843333333333334,12.473333333333333,19.236666666666668,82,0,0,0
C916Q,El Hierro,2020,12,"EL PINAR, DEPÓSITO",31,31,31,31,1,11.703225806451613,8.774193548387096,14.658064516129032,264.6,0,0,0
C916Q,El Hierro,2021,1,"EL PINAR, DEPÓSITO",31,31,31,31,1,12.435483870967742,8.948387096774194,15.932258064516128,146,0,0,0
C916Q,El Hierro,2021,2,"EL PINAR, DEPÓSITO",28,28,28,28,1,11.67142857142857,7.678571428571429,15.67142857142857,89.8,0,0,0
C916Q,El Hierro,2021,3,"EL PINAR, DEPÓSITO",31,31,31,31,1,11.819354838709678,7.987096774193549,15.648387096774194,25.2,0,0,0
C916Q,El Hierro,2021,4,"EL PINAR, DEPÓSITO",30,30,30,30,1,13.19,9.356666666666667,17.036666666666665,26.6,0,0,0
C916Q,El Hierro,2021,5,"EL PINAR, DEPÓSITO",31,31,31,31,1,15.993548387096775,11.63225806451613,20.33225806451613,0,1,0,0
C916Q,El Hierro,2021,6,"EL PINAR, DEPÓSITO",30,30,30,30,1,17.856666666666666,13.246666666666666,22.473333333333333,1,2,0,0
C916Q,El Hierro,2021,7,"EL PINAR, DEPÓSITO",31,31,31,31,1,23.803225806451614,18.348387096774193,29.267741935483873,0,14,0,0
C916Q,El Hierro,2021,8,"EL PINAR, DEPÓSITO",31,31,31,31,1,22.664516129032258,17.696774193548386,27.63225806451613,0,8,4,0
C916Q,El Hierro,2021,9,"EL PINAR, DEPÓSITO",30,30,30,30,1,20.283333333333335,15.923333333333334,24.626666666666665,4.8,4,0,0
C916Q,El Hierro,2021,10,"EL PINAR, DEPÓSITO",31,31,31,31,1,18.538709677419355,13.793548387096774,23.293548387096774,5,4,0,0
C916Q,El Hierro,2021,11,"EL PINAR, DEPÓSITO",30,30,29,29,0.9666666666666667,13.275862068965518,9.710344827586207,16.848275862068967,37.6,0,0,0
C916Q,El Hierro,2021,12,"EL PINAR, DEPÓSITO",31,31,31,31,1,12.348387096774193,8.887096774193548,15.793548387096774,33.2,0,0,0
C916Q,El Hierro,2022,1,"EL PINAR, DEPÓSITO",31,31,31,31,1,11.625806451612902,8.138709677419355,15.106451612903227,38.6,0,0,0
C916Q,El Hierro,2022,2,"EL PINAR, DEPÓSITO",28,28,28,28,1,12.775,8.878571428571428,16.67142857142857,61.4,0,0,0
C916Q,El Hierro,2022,3,"EL PINAR, DEPÓSITO",31,31,31,31,1,11.07741935483871,7.635483870967742,14.512903225806452,86.6,0,0,0
C916Q,El Hierro,2022,4,"EL PINAR, DEPÓSITO",30,30,30,30,1,13.036666666666667,9.086666666666666,16.986666666666668,57.4,0,0,0
C916Q,El Hierro,2022,5,"EL PINAR, DEPÓSITO",31,31,31,31,1,15.44516129032258,10.86774193548387,20.025806451612905,10.4,0,0,0
C916Q,El Hierro,2022,6,"EL PINAR, DEPÓSITO",30,30,30,30,1,17.72,13.046666666666667,22.416666666666668,1,1,0,0
C916Q,El Hierro,2022,7,"EL PINAR, DEPÓSITO",31,31,31,31,1,24.322580645161292,19.07741935483871,29.583870967741934,0.2,12,6,0
C916Q,El Hierro,2022,8,"EL PINAR, DEPÓSITO",31,31,23,31,0.7419354838709677,23.01304347826087,18.469565217391306,27.56086956521739,3.2,9,2,0
C916Q,El Hierro,2022,9,"EL PINAR, DEPÓSITO",30,30,30,30,1,19.79,16.15,23.453333333333333,347.59999999999997,0,0,0
C916Q,El Hierro,2022,10,"EL PINAR, DEPÓSITO",31,31,31,31,1,17.87741935483871,13.429032258064517,22.309677419354838,0.8,1,0,0
C916Q,El Hierro,2022,11,"EL PINAR, DEPÓSITO",30,30,29,30,0.9666666666666667,15.99655172413793,11.258620689655173,20.744827586206895,3,0,0,0
C916Q,El Hierro,2022,12,"EL PINAR, DEPÓSITO",31,31,31,31,1,14.370967741935484,10.703225806451613,18.048387096774192,108.4,0,0,0
C916Q,El Hierro,2023,1,"EL PINAR, DEPÓSITO",31,31,31,31,1,11.564516129032258,8.325806451612904,14.82258064516129,40.4,0,0,0
C916Q,El Hierro,2023,2,"EL PINAR, DEPÓSITO",28,28,28,28,1,10.460714285714285,6.603571428571429,14.317857142857143,40.6,0,0,0
C916Q,El Hierro,2023,3,"EL PINAR, DEPÓSITO",31,31,31,31,1,17.06451612903226,11.835483870967742,22.303225806451614,0.4,1,0,0
C916Q,El Hierro,2023,4,"EL PINAR, DEPÓSITO",30,30,30,30,1,16.206666666666667,11.18,21.223333333333333,2,0,0,0
C916Q,El Hierro,2023,5,"EL PINAR, DEPÓSITO",31,31,31,31,1,15.719354838709677,11.235483870967741,20.216129032258063,0.4,0,0,0
C916Q,El Hierro,2023,6,"EL PINAR, DEPÓSITO",30,30,30,30,1,18.443333333333335,13.73,23.173333333333332,107.4,3,0,0
C916Q,El Hierro,2023,7,"EL PINAR, DEPÓSITO",31,31,31,31,1,22.44516129032258,17.183870967741935,27.73225806451613,0.6,7,2,0
C916Q,El Hierro,2023,8,"EL PINAR, DEPÓSITO",31,31,31,31,1,25.803225806451614,20.580645161290324,31.03548387096774,7,17,5,2
C916Q,El Hierro,2023,9,"EL PINAR, DEPÓSITO",30,30,30,30,1,18.5,14.493333333333334,22.526666666666667,4.8,0,0,0
C916Q,El Hierro,2023,10,"EL PINAR, DEPÓSITO",31,31,31,31,1,21.080645161290324,16.68064516129032,25.467741935483872,30.599999999999998,10,1,0
C916Q,El Hierro,2023,11,"EL PINAR, DEPÓSITO",30,30,30,30,1,17.04,12.783333333333333,21.293333333333333,43.6,0,0,0
C916Q,El Hierro,2023,12,"EL PINAR, DEPÓSITO",31,31,31,31,1,13.62258064516129,9.980645161290322,17.267741935483873,45.6,0,0,0
C916Q,El Hierro,2024,1,"EL PINAR, DEPÓSITO",31,31,31,31,1,14.490322580645161,10.42258064516129,18.561290322580646,5.8,0,0,0
C916Q,El Hierro,2024,2,"EL PINAR, DEPÓSITO",29,29,29,29,1,15.26551724137931,10.689655172413794,19.82758620689655,8.4,0,0,0
C916Q,El Hierro,2024,3,"EL PINAR, DEPÓSITO",31,31,31,31,1,12.92258064516129,9.23225806451613,16.606451612903225,79.6,0,0,0
C916Q,El Hierro,2024,4,"EL PINAR, DEPÓSITO",30,30,30,30,1,16.913333333333334,12.413333333333334,21.416666666666668,6.2,1,0,0
C916Q,El Hierro,2024,5,"EL PINAR, DEPÓSITO",31,31,31,31,1,16.18709677419355,11.935483870967742,20.461290322580645,2.2,0,0,0
C916Q,El Hierro,2024,6,"EL PINAR, DEPÓSITO",30,30,30,30,1,17.366666666666667,12.703333333333333,22.046666666666667,2,0,0,0
C916Q,El Hierro,2024,7,"EL PINAR, DEPÓSITO",31,31,31,31,1,24.261290322580646,19.01290322580645,29.509677419354837,0,12,2,0
C916Q,El Hierro,2024,8,"EL PINAR, DEPÓSITO",31,31,31,31,1,24.454838709677418,19.1,29.793548387096774,1.6,19,0,0
C916Q,El Hierro,2024,9,"EL PINAR, DEPÓSITO",30,30,30,30,1,17.906666666666666,13.72,22.086666666666666,2,0,0,0
C916Q,El Hierro,2024,10,"EL PINAR, DEPÓSITO",31,31,31,31,1,18.241935483870968,13.925806451612903,22.545161290322582,18.2,1,0,0
C916Q,El Hierro,2024,11,"EL PINAR, DEPÓSITO",30,30,30,30,1,16.386666666666667,11.913333333333334,20.883333333333333,71.8,0,0,0
C916Q,El Hierro,2024,12,"EL PINAR, DEPÓSITO",31,31,31,31,1,13.564516129032258,10.129032258064516,16.983870967741936,30.6,0,0,0
C916Q,El Hierro,2025,1,"EL PINAR, DEPÓSITO",31,31,31,31,1,12.141935483870968,7.864516129032258,16.40967741935484,64,0,0,0
C916Q,El Hierro,2025,2,"EL PINAR, DEPÓSITO",28,28,28,28,1,11.825000000000001,7.710714285714285,15.942857142857143,29.599999999999998,0,0,0
C916Q,El Hierro,2025,3,"EL PINAR, DEPÓSITO",31,31,31,31,1,11.229032258064516,7.858064516129033,14.606451612903225,112.6,0,0,0
C916Q,El Hierro,2025,4,"EL PINAR, DEPÓSITO",30,30,30,30,1,12.696666666666667,8.92,16.48,123.8,0,0,0
C916Q,El Hierro,2025,5,"EL PINAR, DEPÓSITO",31,31,31,31,1,14.435483870967742,9.919354838709678,18.96451612903226,6.2,0,0,0
C916Q,El Hierro,2025,6,"EL PINAR, DEPÓSITO",30,30,30,30,1,18.37,13.35,23.393333333333334,1,2,0,0
C916Q,El Hierro,2025,7,"EL PINAR, DEPÓSITO",31,31,31,31,1,22.674193548387098,17.387096774193548,27.96451612903226,0,7,2,0
C916Q,El Hierro,2025,8,"EL PINAR, DEPÓSITO",31,31,31,31,1,24.15806451612903,19.019354838709678,29.280645161290323,2.6,13,2,0
C916Q,El Hierro,2025,9,"EL PINAR, DEPÓSITO",30,30,30,30,1,20.616666666666667,15.986666666666666,25.236666666666668,0.2,4,0,0
C916Q,El Hierro,2025,10,"EL PINAR, DEPÓSITO",31,31,31,31,1,17.638709677419353,13.4,21.883870967741935,19,0,0,0
C916Q,El Hierro,2025,11,"EL PINAR, DEPÓSITO",30,30,30,30,1,15.746666666666666,11.976666666666667,19.53,54,0,0,0
C916Q,El Hierro,2025,12,"EL PINAR, DEPÓSITO",31,31,31,31,1,11.883870967741935,8.596774193548388,15.174193548387096,82.8,0,0,0
C917E,El Hierro,2015,1,"EL PINAR, LA DEHESA",31,31,31,31,1,12.583870967741936,10.225806451612904,14.935483870967742,50.2,0,0,0
C917E,El Hierro,2015,2,"EL PINAR, LA DEHESA",28,28,28,28,1,11.85,9.557142857142857,14.17142857142857,68.6,0,0,0
C917E,El Hierro,2015,3,"EL PINAR, LA DEHESA",31,31,31,30,1,14.703225806451613,10.841935483870968,18.580645161290324,7.2,0,0,0
C917E,El Hierro,2015,4,"EL PINAR, LA DEHESA",30,30,30,30,1,14.613333333333333,10.82,18.406666666666666,12.4,0,0,0
C917E,El Hierro,2015,5,"EL PINAR, LA DEHESA",31,31,31,30,1,19.574193548387097,15.248387096774193,23.90967741935484,0.2,5,3,0
C917E,El Hierro,2015,6,"EL PINAR, LA DEHESA",30,30,30,29,1,18.296666666666667,14.026666666666667,22.583333333333332,3.6,1,0,0
C917E,El Hierro,2015,7,"EL PINAR, LA DEHESA",31,31,31,29,1,24.6,19.60967741935484,29.583870967741934,0.2,12,6,0
C917E,El Hierro,2015,8,"EL PINAR, LA DEHESA",31,31,31,30,1,21.616129032258065,17.370967741935484,25.85483870967742,9.2,4,0,0
C917E,El Hierro,2015,9,"EL PINAR, LA DEHESA",30,30,30,30,1,20.613333333333333,17.046666666666667,24.19,15,0,0,0
C917E,El Hierro,2015,10,"EL PINAR, LA DEHESA",31,31,30,30,0.967741935483871,19.553333333333335,16.490000000000002,22.6,49,4,1,0
C917E,El Hierro,2015,11,"EL PINAR, LA DEHESA",30,30,30,30,1,17.91,14.58,21.240000000000002,1.2000000000000002,0,0,0
C917E,El Hierro,2015,12,"EL PINAR, LA DEHESA",31,31,31,31,1,17.206451612903226,13.716129032258065,20.677419354838708,2,0,0,0
C917E,El Hierro,2016,1,"EL PINAR, LA DEHESA",31,31,31,31,1,16.52258064516129,12.85483870967742,20.18064516129032,2.2,0,0,0
C917E,El Hierro,2016,2,"EL PINAR, LA DEHESA",29,29,29,27,1,14.50344827586207,11.33448275862069,17.66551724137931,15,0,0,0
C917E,El Hierro,2016,3,"EL PINAR, LA DEHESA",31,31,31,31,1,13.564516129032258,10.42258064516129,16.729032258064517,21,0,0,0
C917E,El Hierro,2016,4,"EL PINAR, LA DEHESA",30,30,30,30,1,14.383333333333333,11.08,17.7,12.6,0,0,0
C917E,El Hierro,2016,5,"EL PINAR, LA DEHESA",31,31,31,30,1,15.187096774193549,11.845161290322581,18.516129032258064,3.8,0,0,0
C917E,El Hierro,2016,6,"EL PINAR, LA DEHESA",30,30,30,30,1,20.376666666666665,16.076666666666668,24.686666666666667,3.4,3,1,0
C917E,El Hierro,2016,7,"EL PINAR, LA DEHESA",31,31,31,31,1,24.14516129032258,19.42258064516129,28.85483870967742,0.4,13,5,0
C917E,El Hierro,2016,8,"EL PINAR, LA DEHESA",31,31,31,31,1,25.2,19.503225806451614,30.883870967741935,0,10,7,0
C917E,El Hierro,2016,9,"EL PINAR, LA DEHESA",30,30,30,30,1,20.233333333333334,16.323333333333334,24.12,0.4,2,0,0
C917E,El Hierro,2016,10,"EL PINAR, LA DEHESA",31,31,30,20,0.967741935483871,18.576666666666668,15.173333333333334,21.983333333333334,0.4,0,0,0
C917E,El Hierro,2016,11,"EL PINAR, LA DEHESA",30,30,30,0,1,16.133333333333333,13.263333333333334,19.01,,0,0,0
C917E,El Hierro,2016,12,"EL PINAR, LA DEHESA",31,31,31,0,1,15.548387096774194,12.696774193548388,18.4,,0,0,0
C917E,El Hierro,2017,1,"EL PINAR, LA DEHESA",31,31,30,2,0.967741935483871,14.3,11.306666666666667,17.273333333333333,0,0,0,0
C917E,El Hierro,2017,2,"EL PINAR, LA DEHESA",28,28,28,0,1,13.639285714285714,10.582142857142857,16.72142857142857,,0,0,0
C917E,El Hierro,2017,3,"EL PINAR, LA DEHESA",31,31,31,17,1,16.13225806451613,12.609677419354838,19.648387096774194,15.799999999999999,4,0,0
C917E,El Hierro,2017,4,"EL PINAR, LA DEHESA",30,30,30,30,1,17.776666666666667,14.04,21.51,14.4,2,0,0
C917E,El Hierro,2017,5,"EL PINAR, LA DEHESA",31,31,30,31,0.967741935483871,17.226666666666667,13.686666666666667,20.78,7,0,0,0
C917E,El Hierro,2017,6,"EL PINAR, LA DEHESA",30,30,30,30,1,20.676666666666666,16.263333333333332,25.096666666666668,2.2,4,2,0
C917E,El Hierro,2017,7,"EL PINAR, LA DEHESA",31,31,31,31,1,22.361290322580647,17.706451612903226,27,0.2,8,4,0
C917E,El Hierro,2017,8,"EL PINAR, LA DEHESA",31,31,31,30,1,24.938709677419354,19.990322580645163,29.900000000000002,2.6,13,6,0
C917E,El Hierro,2017,9,"EL PINAR, LA DEHESA",30,30,29,30,0.9666666666666667,21.631034482758622,17.55862068965517,25.70344827586207,13.4,4,0,0
C917E,El Hierro,2017,10,"EL PINAR, LA DEHESA",31,31,31,31,1,21.348387096774193,17.706451612903226,25.006451612903227,12.2,7,0,0
C917E,El Hierro,2017,11,"EL PINAR, LA DEHESA",30,30,30,30,1,18.23,15.106666666666667,21.346666666666668,60.4,2,0,0
C917E,El Hierro,2017,12,"EL PINAR, LA DEHESA",31,31,31,31,1,14.583870967741936,11.35483870967742,17.822580645161292,65.2,0,0,0
C917E,El Hierro,2018,1,"EL PINAR, LA DEHESA",31,31,31,31,1,14.119354838709677,11.209677419354838,17.045161290322582,40.8,0,0,0
C917E,El Hierro,2018,2,"EL PINAR, LA DEHESA",28,28,28,28,1,12.278571428571428,9.717857142857143,14.825,109.2,0,0,0
C917E,El Hierro,2018,3,"EL PINAR, LA DEHESA",31,31,31,31,1,14.238709677419354,10.993548387096775,17.48709677419355,21.2,0,0,0
C917E,El Hierro,2018,4,"EL PINAR, LA DEHESA",30,30,30,30,1,13.913333333333334,10.833333333333334,16.983333333333334,14.200000000000001,0,0,0
C917E,El Hierro,2018,5,"EL PINAR, LA DEHESA",31,31,31,31,1,14.629032258064516,11.641935483870968,17.62258064516129,6.6000000000000005,0,0,0
C917E,El Hierro,2018,6,"EL PINAR, LA DEHESA",30,30,30,30,1,17.303333333333335,13.353333333333333,21.23,10.2,0,0,0
C917E,El Hierro,2018,7,"EL PINAR, LA DEHESA",31,31,31,31,1,21.003225806451614,16.325806451612902,25.66774193548387,0,3,1,0
C917E,El Hierro,2018,8,"EL PINAR, LA DEHESA",31,31,31,31,1,22.31935483870968,17.8,26.848387096774193,0.8,7,2,0
C917E,El Hierro,2018,9,"EL PINAR, LA DEHESA",30,30,30,30,1,21.25,17.17,25.333333333333332,0,6,0,0
C917E,El Hierro,2018,10,"EL PINAR, LA DEHESA",31,31,31,31,1,18.1,14.896774193548387,21.3,64.2,0,0,0
C917E,El Hierro,2018,11,"EL PINAR, LA DEHESA",30,30,30,30,1,15.443333333333333,12.66,18.223333333333333,44.2,0,0,0
C917E,El Hierro,2018,12,"EL PINAR, LA DEHESA",31,31,31,31,1,17.406451612903226,13.464516129032258,21.351612903225806,0,0,0,0
C917E,El Hierro,2019,1,"EL PINAR, LA DEHESA",31,31,31,31,1,13.725806451612904,10.487096774193548,16.970967741935485,25.6,0,0,0
C917E,El Hierro,2019,2,"EL PINAR, LA DEHESA",28,28,26,28,0.9285714285714286,16.323076923076922,12.626923076923077,20.034615384615385,15.4,0,0,0
C917E,El Hierro,2019,3,"EL PINAR, LA DEHESA",31,31,31,31,1,14.429032258064517,11.238709677419354,17.62258064516129,30.6,0,0,0
C917E,El Hierro,2019,4,"EL PINAR, LA DEHESA",30,30,30,30,1,13.933333333333334,10.546666666666667,17.32,38,0,0,0
C917E,El Hierro,2019,5,"EL PINAR, LA DEHESA",31,31,31,31,1,16.75483870967742,12.345161290322581,21.190322580645162,7,0,0,0
C917E,El Hierro,2019,6,"EL PINAR, LA DEHESA",30,30,30,30,1,18.263333333333332,14.336666666666666,22.19,3.8,1,0,0
C917E,El Hierro,2019,7,"EL PINAR, LA DEHESA",31,31,31,31,1,19.751612903225805,15.619354838709677,23.89032258064516,0.2,1,0,0
C917E,El Hierro,2019,8,"EL PINAR, LA DEHESA",31,31,31,31,1,24.01290322580645,19.206451612903226,28.825806451612902,0.4,11,4,0
C917E,El Hierro,2019,9,"EL PINAR, LA DEHESA",30,30,30,30,1,20.203333333333333,15.906666666666666,24.486666666666668,8.4,1,0,0
C917E,El Hierro,2019,10,"EL PINAR, LA DEHESA",31,31,31,31,1,20.63225806451613,16.874193548387098,24.39677419354839,27.2,8,3,0
C917E,El Hierro,2019,11,"EL PINAR, LA DEHESA",30,30,30,30,1,16.84,13.956666666666667,19.736666666666668,56.8,2,0,0
C917E,El Hierro,2019,12,"EL PINAR, LA DEHESA",31,31,31,31,1,15.92258064516129,12.535483870967742,19.303225806451614,28,0,0,0
C917E,El Hierro,2020,1,"EL PINAR, LA DEHESA",31,31,31,31,1,14.425806451612903,10.76774193548387,18.064516129032256,9.2,1,0,0
C917E,El Hierro,2020,2,"EL PINAR, LA DEHESA",29,29,29,29,1,18.213793103448275,14.068965517241379,22.382758620689657,0,0,0,0
C917E,El Hierro,2020,3,"EL PINAR, LA DEHESA",31,31,31,31,1,15.55483870967742,11.658064516129032,19.451612903225808,29.2,0,0,0
C917E,El Hierro,2020,4,"EL PINAR, LA DEHESA",30,30,30,30,1,15.783333333333333,12.066666666666666,19.5,21,0,0,0
C917E,El Hierro,2020,5,"EL PINAR, LA DEHESA",31,31,31,31,1,18.57741935483871,14.55483870967742,22.62258064516129,2.4,6,1,0
C917E,El Hierro,2020,6,"EL PINAR, LA DEHESA",30,30,30,30,1,18.466666666666665,14.866666666666667,22.06,33.4,1,0,0
C917E,El Hierro,2020,7,"EL PINAR, LA DEHESA",31,31,31,31,1,24.974193548387095,19.02258064516129,30.912903225806453,0,9,5,0
C917E,El Hierro,2020,8,"EL PINAR, LA DEHESA",31,31,31,31,1,24.251612903225805,19.925806451612903,28.56774193548387,1.2,13,6,2
C917E,El Hierro,2020,9,"EL PINAR, LA DEHESA",30,20,20,20,0.6666666666666666,23.63,18.91,28.355,0.4,5,2,0
C917E,El Hierro,2020,11,"EL PINAR, LA DEHESA",30,18,18,18,0.6,18.288888888888888,14.833333333333334,21.727777777777778,41.4,1,0,0
C917E,El Hierro,2020,12,"EL PINAR, LA DEHESA",31,31,31,31,1,14.390322580645162,11.832258064516129,16.93225806451613,124,0,0,0
C917E,El Hierro,2021,1,"EL PINAR, LA DEHESA",31,31,31,31,1,14.393548387096775,11.193548387096774,17.574193548387097,43,0,0,0
C917E,El Hierro,2021,2,"EL PINAR, LA DEHESA",28,28,28,28,1,13.657142857142857,10.29642857142857,17.014285714285712,46,0,0,0
C917E,El Hierro,2021,3,"EL PINAR, LA DEHESA",31,31,31,31,1,13.580645161290322,10.496774193548386,16.638709677419357,23,0,0,0
C917E,El Hierro,2021,4,"EL PINAR, LA DEHESA",30,30,30,30,1,15.42,11.896666666666667,18.93,17.400000000000002,0,0,0
C917E,El Hierro,2021,5,"EL PINAR, LA DEHESA",31,31,31,31,1,16.68064516129032,13.09032258064516,20.27741935483871,1.2000000000000002,1,0,0
C917E,El Hierro,2021,6,"EL PINAR, LA DEHESA",30,30,30,30,1,18.74,14.7,22.773333333333333,4.4,4,0,0
C917E,El Hierro,2021,7,"EL PINAR, LA DEHESA",31,31,31,31,1,23.31935483870968,18.46451612903226,28.183870967741935,1.2,10,4,0
C917E,El Hierro,2021,8,"EL PINAR, LA DEHESA",31,31,31,31,1,23.516129032258064,19.009677419354837,28.009677419354837,0.8,11,3,2
C917E,El Hierro,2021,9,"EL PINAR, LA DEHESA",30,30,30,30,1,21.773333333333333,17.793333333333333,25.763333333333332,7.2,5,2,0
C917E,El Hierro,2021,10,"EL PINAR, LA DEHESA",31,31,31,31,1,20.36774193548387,16.34193548387097,24.39677419354839,4.8,7,1,0
C917E,El Hierro,2021,11,"EL PINAR, LA DEHESA",30,30,30,30,1,16.053333333333335,13.13,18.976666666666667,25.8,0,0,0
C917E,El Hierro,2021,12,"EL PINAR, LA DEHESA",31,31,31,31,1,14.851612903225806,11.961290322580645,17.74516129032258,32.8,0,0,0
C917E,El Hierro,2022,1,"EL PINAR, LA DEHESA",31,31,31,31,1,14.651612903225807,11.603225806451613,17.693548387096776,44.4,0,0,0
C917E,El Hierro,2022,2,"EL PINAR, LA DEHESA",28,28,28,28,1,14.957142857142857,11.675,18.24642857142857,51.6,0,0,0
C917E,El Hierro,2022,3,"EL PINAR, LA DEHESA",31,31,31,31,1,12.59032258064516,10.006451612903225,15.180645161290322,55.4,0,0,0
C917E,El Hierro,2022,4,"EL PINAR, LA DEHESA",30,30,30,30,1,14.620000000000001,11.143333333333333,18.063333333333333,26.6,1,0,0
C917E,El Hierro,2022,5,"EL PINAR, LA DEHESA",31,31,31,31,1,16.738709677419354,12.980645161290322,20.509677419354837,4.8,0,0,0
C917E,El Hierro,2022,6,"EL PINAR, LA DEHESA",30,30,30,30,1,18.71,15.006666666666666,22.416666666666668,0.2,3,0,0
C917E,El Hierro,2022,7,"EL PINAR, LA DEHESA",31,31,31,31,1,24.374193548387098,19.18709677419355,29.57741935483871,7,11,7,1
C917E,El Hierro,2022,8,"EL PINAR, LA DEHESA",31,31,31,31,1,24.219354838709677,19.729032258064517,28.725806451612904,9.8,13,6,0
C917E,El Hierro,2022,9,"EL PINAR, LA DEHESA",30,30,30,30,1,20.436666666666667,17.183333333333334,23.686666666666667,161,1,0,0
C917E,El Hierro,2022,10,"EL PINAR, LA DEHESA",31,31,31,31,1,19.561290322580646,16.303225806451614,22.81290322580645,2.4000000000000004,3,0,0
C917E,El Hierro,2022,11,"EL PINAR, LA DEHESA",30,30,30,30,1,18.526666666666667,14.983333333333333,22.09,14.2,0,0,0
C917E,El Hierro,2022,12,"EL PINAR, LA DEHESA",31,31,31,31,1,16.39677419354839,13.361290322580645,19.425806451612903,104.4,0,0,0
C917E,El Hierro,2023,1,"EL PINAR, LA DEHESA",31,31,31,31,1,13.925806451612903,11.283870967741935,16.56451612903226,77,0,0,0
C917E,El Hierro,2023,2,"EL PINAR, LA DEHESA",28,28,28,28,1,12.878571428571428,9.992857142857144,15.753571428571428,73,0,0,0
C917E,El Hierro,2023,3,"EL PINAR, LA DEHESA",31,31,31,31,1,18.770967741935483,14.725806451612904,22.81290322580645,7.6000000000000005,6,0,0
C917E,El Hierro,2023,4,"EL PINAR, LA DEHESA",30,30,27,30,0.9,17.696296296296296,13.192592592592593,22.203703703703702,1.2000000000000002,1,0,0
C917E,El Hierro,2023,5,"EL PINAR, LA DEHESA",31,18,17,17,0.5483870967741935,17.476470588235294,14.388235294117647,20.570588235294117,0,0,0,0
C917E,El Hierro,2023,8,"EL PINAR, LA DEHESA",31,31,20,31,0.6451612903225806,27.41,22.91,31.925,1.8,14,7,2
C917E,El Hierro,2023,9,"EL PINAR, LA DEHESA",30,30,29,30,0.9666666666666667,19.882758620689653,16.69,23.044827586206896,20.8,0,0,0
C917E,El Hierro,2023,10,"EL PINAR, LA DEHESA",31,31,31,31,1,23.783870967741937,20.648387096774194,26.925806451612903,12.600000000000001,16,8,0
C917E,El Hierro,2023,11,"EL PINAR, LA DEHESA",30,30,30,30,1,19.403333333333332,16.453333333333333,22.336666666666666,96,4,0,0
C917E,El Hierro,2023,12,"EL PINAR, LA DEHESA",31,31,31,31,1,16.219354838709677,13.358064516129032,19.093548387096774,16.400000000000002,0,0,0
C917E,El Hierro,2024,1,"EL PINAR, LA DEHESA",31,31,31,15,1,16.961290322580645,14.064516129032258,19.870967741935484,1,0,0,0
C917E,El Hierro,2024,2,"EL PINAR, LA DEHESA",29,29,29,0,1,16.9,13.403448275862068,20.393103448275863,,0,0,0
C917E,El Hierro,2024,3,"EL PINAR, LA DEHESA",31,31,31,0,1,14,11.403225806451612,16.596774193548388,,0,0,0
C917E,El Hierro,2024,4,"EL PINAR, LA DEHESA",30,30,30,6,1,18.69,15.1,22.283333333333335,5,5,1,0
C917E,El Hierro,2024,5,"EL PINAR, LA DEHESA",31,31,31,31,1,17.129032258064516,13.87741935483871,20.374193548387098,14.200000000000001,0,0,0
C917E,El Hierro,2024,6,"EL PINAR, LA DEHESA",30,30,30,30,1,17.773333333333333,14.143333333333333,21.39666666666667,4.6,0,0,0
C917E,El Hierro,2024,7,"EL PINAR, LA DEHESA",31,31,31,31,1,23.3,18.45806451612903,28.141935483870967,2,10,2,0
C917E,El Hierro,2024,8,"EL PINAR, LA DEHESA",31,31,29,31,0.9354838709677419,23.96896551724138,19.03448275862069,28.629032258064516,2,10,1,0
C917E,El Hierro,2024,9,"EL PINAR, LA DEHESA",30,30,29,30,0.9666666666666667,19.00344827586207,15.63103448275862,22.266666666666666,2.2,0,0,0
C917E,El Hierro,2024,10,"EL PINAR, LA DEHESA",31,31,21,31,0.6774193548387096,18.814285714285713,15.295238095238096,22.130434782608695,26.8,0,0,0
C917E,El Hierro,2024,11,"EL PINAR, LA DEHESA",30,30,30,30,1,19.02,15.97,22.066666666666666,31,3,0,0
C917E,El Hierro,2024,12,"EL PINAR, LA DEHESA",31,31,31,31,1,16.183870967741935,13.35483870967742,19,26,1,0,0
C917E,El Hierro,2025,1,"EL PINAR, LA DEHESA",31,31,31,31,1,14.429032258064517,11.296774193548387,17.558064516129033,35.2,0,0,0
C917E,El Hierro,2025,2,"EL PINAR, LA DEHESA",28,28,28,28,1,13.492857142857144,10.785714285714286,16.210714285714285,37,0,0,0
C917E,El Hierro,2025,3,"EL PINAR, LA DEHESA",31,31,31,31,1,12.63225806451613,10.335483870967742,14.912903225806453,77.2,0,0,0
C917E,El Hierro,2025,4,"EL PINAR, LA DEHESA",30,30,30,30,1,13.82,11.443333333333333,16.18,59,0,0,0
C917E,El Hierro,2025,5,"EL PINAR, LA DEHESA",31,31,31,31,1,15.538709677419355,12.280645161290323,18.77741935483871,12.200000000000001,0,0,0
C917E,El Hierro,2025,6,"EL PINAR, LA DEHESA",30,30,30,30,1,18.936666666666667,14.963333333333333,22.913333333333334,0,1,1,0
C917E,El Hierro,2025,7,"EL PINAR, LA DEHESA",31,31,31,31,1,21.961290322580645,17.270967741935483,26.629032258064516,3.8,5,3,0
C917E,El Hierro,2025,8,"EL PINAR, LA DEHESA",31,31,31,31,1,24.232258064516127,19.63225806451613,28.825806451612902,6.800000000000001,10,5,0
C917E,El Hierro,2025,9,"EL PINAR, LA DEHESA",30,30,26,30,0.8666666666666667,20.284615384615385,16.642307692307693,25.16,2.6,1,0,0
C917E,El Hierro,2025,10,"EL PINAR, LA DEHESA",31,31,30,31,0.967741935483871,19.116666666666667,15.903333333333334,22.251612903225805,5.6,0,0,0
C917E,El Hierro,2025,11,"EL PINAR, LA DEHESA",30,30,30,30,1,17.786666666666665,15.053333333333333,20.516666666666666,38.4,3,1,0
C917E,El Hierro,2025,12,"EL PINAR, LA DEHESA",31,31,31,31,1,13.851612903225806,11.67741935483871,16.025806451612905,48,0,0,0
C919K,El Hierro,2015,1,TACORON-LAPILLAS-TORTUGA,31,31,31,30,1,19.02258064516129,15.970967741935484,22.070967741935483,0,0,0,0
C919K,El Hierro,2015,2,TACORON-LAPILLAS-TORTUGA,28,28,28,25,1,17.989285714285714,14.860714285714286,21.132142857142856,15.8,0,0,0
C919K,El Hierro,2015,3,TACORON-LAPILLAS-TORTUGA,31,31,31,31,1,18.767741935483873,15.096774193548388,22.435483870967744,0.6000000000000001,1,0,0
C919K,El Hierro,2015,4,TACORON-LAPILLAS-TORTUGA,30,30,29,30,0.9666666666666667,18.913793103448278,15.220689655172414,22.606896551724137,0.8,0,0,0
C919K,El Hierro,2015,5,TACORON-LAPILLAS-TORTUGA,31,31,31,31,1,21.729032258064517,17.583870967741934,25.858064516129033,0,4,0,0
C919K,El Hierro,2015,6,TACORON-LAPILLAS-TORTUGA,30,30,30,30,1,21.876666666666665,18.38,25.38,0,0,0,0
C919K,El Hierro,2015,7,TACORON-LAPILLAS-TORTUGA,31,31,31,30,1,24.283870967741937,20.587096774193547,28,0,25,0,0
C919K,El Hierro,2015,8,TACORON-LAPILLAS-TORTUGA,31,31,31,31,1,25.029032258064515,21.64516129032258,28.419354838709676,0.4,30,2,0
C919K,El Hierro,2015,9,TACORON-LAPILLAS-TORTUGA,30,30,30,29,1,24.983333333333334,21.66,28.32,3.8,30,0,0
C919K,El Hierro,2015,10,TACORON-LAPILLAS-TORTUGA,31,31,31,31,1,24.63225806451613,21.316129032258065,27.951612903225808,48.6,25,2,0
C919K,El Hierro,2015,11,TACORON-LAPILLAS-TORTUGA,30,30,30,30,1,23.14,20.026666666666667,26.273333333333333,7.8,12,0,0
C919K,El Hierro,2015,12,TACORON-LAPILLAS-TORTUGA,31,31,31,27,1,21.838709677419356,18.787096774193547,24.874193548387098,1.4,7,0,0
C919K,El Hierro,2016,1,TACORON-LAPILLAS-TORTUGA,31,31,31,31,1,20.951612903225808,17.516129032258064,24.396774193548385,2.2,3,0,0
C919K,El Hierro,2016,2,TACORON-LAPILLAS-TORTUGA,29,29,29,29,1,19.417241379310344,15.813793103448276,23.010344827586206,21.8,0,0,0
C919K,El Hierro,2016,3,TACORON-LAPILLAS-TORTUGA,31,31,31,31,1,18.912903225806453,15.425806451612903,22.39677419354839,3.8000000000000003,0,0,0
C919K,El Hierro,2016,4,TACORON-LAPILLAS-TORTUGA,30,30,29,30,0.9666666666666667,19.837931034482757,16.5,23.16551724137931,7.4,0,0,0
C919K,El Hierro,2016,5,TACORON-LAPILLAS-TORTUGA,31,31,31,31,1,20.583870967741937,16.941935483870967,24.219354838709677,0.2,0,0,0
C919K,El Hierro,2016,6,TACORON-LAPILLAS-TORTUGA,30,30,30,30,1,22.33,18.743333333333332,25.93,0,4,0,0
C919K,El Hierro,2016,7,TACORON-LAPILLAS-TORTUGA,31,31,31,31,1,23.716129032258063,20.35483870967742,27.07741935483871,0,21,0,0
C919K,El Hierro,2016,8,TACORON-LAPILLAS-TORTUGA,31,31,31,31,1,25.051612903225806,21.31935483870968,28.806451612903228,0,29,0,0
C919K,El Hierro,2016,9,TACORON-LAPILLAS-TORTUGA,30,30,30,30,1,23.83,20.596666666666668,27.056666666666665,2.4,26,0,0
C919K,El Hierro,2016,10,TACORON-LAPILLAS-TORTUGA,31,31,31,31,1,23.40967741935484,19.980645161290322,26.83225806451613,32,16,0,0
C919K,El Hierro,2016,11,TACORON-LAPILLAS-TORTUGA,30,30,30,30,1,21.52,18.35333333333333,24.683333333333334,53.599999999999994,2,0,0
C919K,El Hierro,2016,12,TACORON-LAPILLAS-TORTUGA,31,31,20,31,0.6451612903225806,21.255,18.015,24.47,24.7,1,0,0
C919K,El Hierro,2017,1,TACORON-LAPILLAS-TORTUGA,31,31,0,31,0,,,,0.4,0,0,0
C919K,El Hierro,2017,2,TACORON-LAPILLAS-TORTUGA,28,13,0,13,0,,,,8.2,0,0,0
C919K,El Hierro,2017,3,TACORON-LAPILLAS-TORTUGA,31,15,15,15,0.4838709677419355,19.04,15.333333333333334,22.753333333333334,0,0,0,0
C919K,El Hierro,2017,4,TACORON-LAPILLAS-TORTUGA,30,30,30,30,1,20.996666666666666,17.383333333333333,24.64,21.6,1,0,0
C919K,El Hierro,2017,5,TACORON-LAPILLAS-TORTUGA,31,31,31,31,1,21.78709677419355,18.358064516129033,25.24838709677419,0,1,0,0
C919K,El Hierro,2017,6,TACORON-LAPILLAS-TORTUGA,30,30,30,30,1,23.33,19.75,26.91,0,11,0,0
C919K,El Hierro,2017,7,TACORON-LAPILLAS-TORTUGA,31,31,31,31,1,24.106451612903225,20.370967741935484,27.861290322580647,0,20,0,0
C919K,El Hierro,2017,8,TACORON-LAPILLAS-TORTUGA,31,31,31,31,1,25.003225806451614,21.62258064516129,28.387096774193548,0,31,0,0
C919K,El Hierro,2017,9,TACORON-LAPILLAS-TORTUGA,30,30,29,30,0.9666666666666667,24.624137931034483,21.30344827586207,27.944827586206895,0,29,0,0
C919K,El Hierro,2017,10,TACORON-LAPILLAS-TORTUGA,31,31,31,30,1,24.98709677419355,21.14516129032258,28.816129032258065,0,25,2,0
C919K,El Hierro,2017,11,TACORON-LAPILLAS-TORTUGA,30,30,30,11,1,22.906666666666666,19.616666666666667,26.203333333333333,9.799999999999999,11,0,0
C919K,El Hierro,2017,12,TACORON-LAPILLAS-TORTUGA,31,31,31,31,1,20.070967741935483,17.138709677419357,23.009677419354837,39,0,0,0
C919K,El Hierro,2018,1,TACORON-LAPILLAS-TORTUGA,31,31,31,29,1,19.948387096774194,16.238709677419354,23.664516129032258,0.2,0,0,0
C919K,El Hierro,2018,2,TACORON-LAPILLAS-TORTUGA,28,28,28,28,1,18.357142857142858,15.075,21.635714285714286,29.4,0,0,0
C919K,El Hierro,2018,3,TACORON-LAPILLAS-TORTUGA,31,31,31,31,1,19.677419354838708,16.11935483870968,23.24516129032258,6.4,0,0,0
C919K,El Hierro,2018,4,TACORON-LAPILLAS-TORTUGA,30,30,30,30,1,19.85,16.116666666666667,23.573333333333334,0.6000000000000001,0,0,0
C919K,El Hierro,2018,5,TACORON-LAPILLAS-TORTUGA,31,31,31,31,1,20.138709677419357,16.73548387096774,23.558064516129033,0,0,0,0
C919K,El Hierro,2018,6,TACORON-LAPILLAS-TORTUGA,30,30,30,30,1,21.35,17.94,24.76,0,0,0,0
C919K,El Hierro,2018,7,TACORON-LAPILLAS-TORTUGA,31,31,31,31,1,22.81935483870968,19.49032258064516,26.151612903225807,0,7,0,0
C919K,El Hierro,2018,8,TACORON-LAPILLAS-TORTUGA,31,31,31,31,1,24.07741935483871,20.60967741935484,27.54193548387097,0,25,0,0
C919K,El Hierro,2018,9,TACORON-LAPILLAS-TORTUGA,30,30,30,27,1,24.516666666666666,20.94,28.10333333333333,0,23,0,0
C919K,El Hierro,2018,10,TACORON-LAPILLAS-TORTUGA,31,31,31,6,1,23.361290322580643,20.1,26.641935483870967,1.2,17,0,0
C919K,El Hierro,2018,11,TACORON-LAPILLAS-TORTUGA,30,30,30,30,1,21.386666666666667,18.123333333333335,24.666666666666668,10.4,1,0,0
C919K,El Hierro,2018,12,TACORON-LAPILLAS-TORTUGA,31,31,31,31,1,21.68064516129032,18.07741935483871,25.280645161290323,0,5,0,0
C919K,El Hierro,2019,1,TACORON-LAPILLAS-TORTUGA,31,31,31,31,1,19.10322580645161,16.20967741935484,22.006451612903227,0.8,0,0,0
C919K,El Hierro,2019,2,TACORON-LAPILLAS-TORTUGA,28,28,28,28,1,20.50357142857143,16.625,24.37857142857143,2.2,3,0,0
C919K,El Hierro,2019,3,TACORON-LAPILLAS-TORTUGA,31,31,31,31,1,19.45806451612903,15.764516129032257,23.15806451612903,8.200000000000001,0,0,0
C919K,El Hierro,2019,4,TACORON-LAPILLAS-TORTUGA,30,30,29,30,0.9666666666666667,19.606896551724137,15.951724137931034,23.26896551724138,6.6,0,0,0
C919K,El Hierro,2019,5,TACORON-LAPILLAS-TORTUGA,31,31,31,31,1,20.616129032258065,17.125806451612902,24.116129032258065,0,0,0,0
C919K,El Hierro,2019,6,TACORON-LAPILLAS-TORTUGA,30,30,30,30,1,22.576666666666668,19.07,26.063333333333333,0,4,0,0
C919K,El Hierro,2019,7,TACORON-LAPILLAS-TORTUGA,31,31,30,31,0.967741935483871,23.346666666666668,19.82,26.88,0,11,0,0
C919K,El Hierro,2019,8,TACORON-LAPILLAS-TORTUGA,31,31,31,31,1,24.448387096774194,21.112903225806452,27.787096774193547,0.2,28,0,0
C919K,El Hierro,2019,9,TACORON-LAPILLAS-TORTUGA,30,30,30,30,1,23.843333333333334,20.526666666666667,27.17,2,27,0,0
C919K,El Hierro,2019,10,TACORON-LAPILLAS-TORTUGA,31,31,31,31,1,23.719354838709677,20.36774193548387,27.051612903225806,5.6,18,0,0
C919K,El Hierro,2019,11,TACORON-LAPILLAS-TORTUGA,30,30,30,30,1,22.5,19.03,25.97,0,8,0,0
C919K,El Hierro,2019,12,TACORON-LAPILLAS-TORTUGA,31,31,22,31,0.7096774193548387,20.272727272727273,17.104545454545455,23.436363636363637,8.4,0,0,0
C919K,El Hierro,2020,1,TACORON-LAPILLAS-TORTUGA,31,31,30,31,0.967741935483871,19.57,16.203333333333333,22.933333333333334,0.2,2,0,0
C919K,El Hierro,2020,2,TACORON-LAPILLAS-TORTUGA,29,29,29,29,1,21.420689655172414,17.572413793103447,25.29310344827586,0,5,0,0
C919K,El Hierro,2020,3,TACORON-LAPILLAS-TORTUGA,31,31,31,31,1,20.074193548387097,16.490322580645163,23.664516129032258,4.2,1,0,0
C919K,El Hierro,2020,4,TACORON-LAPILLAS-TORTUGA,30,30,30,30,1,20.303333333333335,17.056666666666665,23.53333333333333,5,0,0,0
C919K,El Hierro,2020,5,TACORON-LAPILLAS-TORTUGA,31,31,31,31,1,21.748387096774195,18,25.496774193548386,0,0,0,0
C919K,El Hierro,2020,6,TACORON-LAPILLAS-TORTUGA,30,30,30,30,1,23.073333333333334,19.993333333333332,26.166666666666668,12.2,15,0,0
C919K,El Hierro,2020,7,TACORON-LAPILLAS-TORTUGA,31,31,31,31,1,23.912903225806453,20.641935483870967,27.161290322580644,0,26,0,0
C919K,El Hierro,2020,8,TACORON-LAPILLAS-TORTUGA,31,31,31,31,1,25.093548387096774,21.52258064516129,28.693548387096776,0,30,1,0
C919K,El Hierro,2020,9,TACORON-LAPILLAS-TORTUGA,30,30,30,29,1,25.236666666666668,21.78,28.68,0.2,30,0,0
C919K,El Hierro,2020,10,TACORON-LAPILLAS-TORTUGA,31,31,11,0,0.3548387096774194,24.98181818181818,21.90909090909091,28.054545454545455,,11,0,0
C919K,El Hierro,2020,11,TACORON-LAPILLAS-TORTUGA,30,30,18,18,0.6,22.53333333333333,19.5,25.58888888888889,11.200000000000001,10,0,0
C919K,El Hierro,2020,12,TACORON-LAPILLAS-TORTUGA,31,31,31,31,1,20.15806451612903,17.4,22.916129032258066,31,0,0,0
C919K,El Hierro,2021,1,TACORON-LAPILLAS-TORTUGA,31,31,31,31,1,18.770967741935483,16.151612903225807,21.393548387096775,15.8,0,0,0
C919K,El Hierro,2021,2,TACORON-LAPILLAS-TORTUGA,28,28,28,28,1,18.85,15.664285714285715,22.014285714285716,16,0,0,0
C919K,El Hierro,2021,3,TACORON-LAPILLAS-TORTUGA,31,31,31,31,1,19.416129032258066,16.10322580645161,22.738709677419354,1.4,0,0,0
C919K,El Hierro,2021,4,TACORON-LAPILLAS-TORTUGA,30,30,30,30,1,20.61,17.35333333333333,23.85333333333333,1.2,0,0,0
C919K,El Hierro,2021,5,TACORON-LAPILLAS-TORTUGA,31,14,14,13,0.45161290322580644,20.935714285714287,17.435714285714287,24.464285714285715,0,0,0,0
C919K,El Hierro,2021,6,TACORON-LAPILLAS-TORTUGA,30,30,30,30,1,22.213333333333335,19.023333333333333,25.406666666666666,0,3,0,0
C919K,El Hierro,2021,7,TACORON-LAPILLAS-TORTUGA,31,31,31,31,1,23.325806451612902,20.04193548387097,26.593548387096774,0,15,0,0
C919K,El Hierro,2021,8,TACORON-LAPILLAS-TORTUGA,31,31,31,31,1,24.874193548387098,21.316129032258065,28.429032258064517,0,30,1,0
C919K,El Hierro,2021,9,TACORON-LAPILLAS-TORTUGA,30,30,30,30,1,24.876666666666665,21.746666666666666,28.003333333333334,0,30,0,0
C919K,El Hierro,2021,10,TACORON-LAPILLAS-TORTUGA,31,31,31,31,1,23.719354838709677,20.429032258064517,26.99032258064516,0,21,0,0
C919K,El Hierro,2021,11,TACORON-LAPILLAS-TORTUGA,30,30,30,30,1,21.34,18.51,24.193333333333335,14.799999999999999,0,0,0
C919K,El Hierro,2021,12,TACORON-LAPILLAS-TORTUGA,31,31,31,31,1,20.580645161290324,17.638709677419357,23.509677419354837,4.6,2,0,0
C919K,El Hierro,2022,1,TACORON-LAPILLAS-TORTUGA,31,31,29,31,0.9354838709677419,20.131034482758622,17.348275862068967,22.90344827586207,16.6,2,0,0
C919K,El Hierro,2022,2,TACORON-LAPILLAS-TORTUGA,28,28,28,28,1,20.35,16.82857142857143,23.87857142857143,16,1,0,0
C919K,El Hierro,2022,3,TACORON-LAPILLAS-TORTUGA,31,31,31,31,1,19.174193548387098,15.832258064516129,22.525806451612905,12.8,0,0,0
C919K,El Hierro,2022,4,TACORON-LAPILLAS-TORTUGA,30,30,30,30,1,19.796666666666667,16.466666666666665,23.14,6.4,0,0,0
C919K,El Hierro,2022,5,TACORON-LAPILLAS-TORTUGA,31,31,31,31,1,21.196774193548386,18.003225806451614,24.387096774193548,1.2,0,0,0
C919K,El Hierro,2022,6,TACORON-LAPILLAS-TORTUGA,30,30,30,30,1,22.276666666666667,19.1,25.456666666666667,0,3,0,0
C919K,El Hierro,2022,7,TACORON-LAPILLAS-TORTUGA,31,31,31,31,1,24.006451612903227,20.696774193548386,27.309677419354838,0,19,1,0
C919K,El Hierro,2022,8,TACORON-LAPILLAS-TORTUGA,31,31,31,31,1,24.561290322580646,21.151612903225807,27.967741935483872,0.6,29,0,0
C919K,El Hierro,2022,9,TACORON-LAPILLAS-TORTUGA,30,30,30,30,1,24.37,21.543333333333333,27.21,75.8,30,0,0
C919K,El Hierro,2022,10,TACORON-LAPILLAS-TORTUGA,31,31,31,31,1,23.793548387096774,20.616129032258065,26.98709677419355,0.2,23,0,0
C919K,El Hierro,2022,11,TACORON-LAPILLAS-TORTUGA,30,30,30,30,1,22.743333333333332,19.580000000000002,25.91,0,8,0,0
C919K,El Hierro,2022,12,TACORON-LAPILLAS-TORTUGA,31,31,31,31,1,21.322580645161292,18.51290322580645,24.135483870967743,33.4,4,0,0
C919K,El Hierro,2023,1,TACORON-LAPILLAS-TORTUGA,31,31,31,31,1,20.18064516129032,17.219354838709677,23.148387096774194,2.8,0,0,0
C919K,El Hierro,2023,2,TACORON-LAPILLAS-TORTUGA,28,28,28,28,1,18.70357142857143,15.503571428571428,21.9,17,0,0,0
C919K,El Hierro,2023,3,TACORON-LAPILLAS-TORTUGA,31,31,31,31,1,21.725806451612904,17.883870967741935,25.56774193548387,0,4,1,1
C919K,El Hierro,2023,4,TACORON-LAPILLAS-TORTUGA,30,30,30,30,1,21.66,17.746666666666666,25.58,0,3,0,0
C919K,El Hierro,2023,5,TACORON-LAPILLAS-TORTUGA,31,31,31,31,1,21.783870967741937,18.767741935483873,24.793548387096774,0.2,5,0,0
C919K,El Hierro,2023,6,TACORON-LAPILLAS-TORTUGA,30,30,30,30,1,23.753333333333334,20.62,26.883333333333333,5.6,23,0,0
C919K,El Hierro,2023,7,TACORON-LAPILLAS-TORTUGA,31,31,31,31,1,25.10322580645161,21.83225806451613,28.383870967741935,0,31,1,0
C919K,El Hierro,2023,8,TACORON-LAPILLAS-TORTUGA,31,31,31,31,1,26.98709677419355,23.07741935483871,30.887096774193548,2.8000000000000003,31,2,0
C919K,El Hierro,2023,9,TACORON-LAPILLAS-TORTUGA,30,30,30,30,1,24.89,22.153333333333332,27.636666666666667,0.4,30,0,0
C919K,El Hierro,2023,10,TACORON-LAPILLAS-TORTUGA,31,31,31,31,1,27.27741935483871,23.803225806451614,30.780645161290323,2.8,31,9,1
C919K,El Hierro,2023,11,TACORON-LAPILLAS-TORTUGA,30,30,30,30,1,23.823333333333334,20.863333333333333,26.77,7.4,23,1,0
C919K,El Hierro,2023,12,TACORON-LAPILLAS-TORTUGA,31,31,31,31,1,21.674193548387098,18.929032258064517,24.44516129032258,15.4,8,0,0
C919K,El Hierro,2024,1,TACORON-LAPILLAS-TORTUGA,31,31,31,31,1,21.309677419354838,18.767741935483873,23.838709677419356,3.1999999999999997,4,0,0
C919K,El Hierro,2024,2,TACORON-LAPILLAS-TORTUGA,29,29,29,29,1,21.617241379310347,18.56206896551724,24.658620689655173,0.2,5,0,0
C919K,El Hierro,2024,3,TACORON-LAPILLAS-TORTUGA,31,31,31,31,1,20.058064516129033,17.07741935483871,23.038709677419355,23.2,0,0,0
C919K,El Hierro,2024,4,TACORON-LAPILLAS-TORTUGA,30,30,30,30,1,22.173333333333332,18.713333333333335,25.623333333333335,0,5,0,0
C919K,El Hierro,2024,5,TACORON-LAPILLAS-TORTUGA,31,11,11,11,0.3548387096774194,21.518181818181816,18.336363636363636,24.663636363636364,0,0,0,0
C919K,El Hierro,2024,9,TACORON-LAPILLAS-TORTUGA,30,7,7,7,0.23333333333333334,23.557142857142857,20.814285714285713,26.257142857142856,0,7,0,0
C919K,El Hierro,2024,10,TACORON-LAPILLAS-TORTUGA,31,31,30,31,0.967741935483871,23.406666666666666,20.706666666666667,26.129032258064516,0,22,0,0
C919K,El Hierro,2024,11,TACORON-LAPILLAS-TORTUGA,30,20,20,20,0.6666666666666666,22.685,19.63,25.755,8.6,6,0,0
C919K,El Hierro,2024,12,TACORON-LAPILLAS-TORTUGA,31,17,17,17,0.5483870967741935,21.011764705882353,18.394117647058824,23.611764705882354,1,2,0,0
C919K,El Hierro,2025,1,TACORON-LAPILLAS-TORTUGA,31,31,31,31,1,19.706451612903226,16.822580645161292,22.593548387096774,7.2,0,0,0
C919K,El Hierro,2025,2,TACORON-LAPILLAS-TORTUGA,28,28,28,28,1,19.364285714285714,16.260714285714286,22.457142857142856,2.6,0,0,0
C919K,El Hierro,2025,3,TACORON-LAPILLAS-TORTUGA,31,31,31,31,1,19.12258064516129,16.177419354838708,22.080645161290324,24.8,0,0,0
C919K,El Hierro,2025,4,TACORON-LAPILLAS-TORTUGA,30,30,29,30,0.9666666666666667,19.617241379310343,16.916666666666668,22.362068965517242,24.4,0,0,0
C919K,El Hierro,2025,5,TACORON-LAPILLAS-TORTUGA,31,31,31,31,1,20.59032258064516,17.806451612903224,23.364516129032257,1,0,0,0
C919K,El Hierro,2025,6,TACORON-LAPILLAS-TORTUGA,30,30,30,30,1,22.39666666666667,19.386666666666667,25.406666666666666,0.4,5,0,0
C919K,El Hierro,2025,7,TACORON-LAPILLAS-TORTUGA,31,31,31,31,1,23.903225806451612,21.025806451612905,26.796774193548387,0,28,0,0
C919K,El Hierro,2025,8,TACORON-LAPILLAS-TORTUGA,31,31,31,31,1,24.893548387096775,21.87741935483871,27.903225806451612,0,31,0,0
C919K,El Hierro,2025,9,TACORON-LAPILLAS-TORTUGA,30,30,30,30,1,25.006666666666668,21.986666666666668,28.02,0,28,2,0
C919K,El Hierro,2025,10,TACORON-LAPILLAS-TORTUGA,31,31,31,31,1,23.690322580645162,21.129032258064516,26.251612903225805,1.2,30,0,0
C919K,El Hierro,2025,11,TACORON-LAPILLAS-TORTUGA,30,30,30,30,1,22.71666666666667,19.78,25.673333333333332,12.6,11,0,0
C919K,El Hierro,2025,12,TACORON-LAPILLAS-TORTUGA,31,31,31,31,1,20.093548387096774,17.28709677419355,22.903225806451612,12.6,0,0,0
C925F,El Hierro,2015,1,"SAN ANDRÉS, VALVERDE",31,31,24,31,0.7741935483870968,8.966666666666667,6.85,11.0875,37.6,0,0,0
C925F,El Hierro,2015,2,"SAN ANDRÉS, VALVERDE",28,28,21,28,0.75,8.528571428571428,6.357142857142857,10.719047619047618,112.6,0,0,0
C925F,El Hierro,2015,3,"SAN ANDRÉS, VALVERDE",31,31,31,31,1,10.719354838709677,6.774193548387097,14.667741935483871,16,0,0,0
C925F,El Hierro,2015,4,"SAN ANDRÉS, VALVERDE",30,30,30,30,1,11.316666666666666,6.91,15.723333333333333,16.8,0,0,0
C925F,El Hierro,2015,5,"SAN ANDRÉS, VALVERDE",31,31,30,31,0.967741935483871,16.92,11.196666666666667,22.633333333333333,0.8,1,0,0
C925F,El Hierro,2015,6,"SAN ANDRÉS, VALVERDE",30,30,29,30,0.9666666666666667,15.782758620689656,10.986206896551725,20.575862068965517,2.4,0,0,0
C925F,El Hierro,2015,7,"SAN ANDRÉS, VALVERDE",31,31,31,31,1,20.38064516129032,15.429032258064517,25.33225806451613,4.6,6,0,0
C925F,El Hierro,2015,8,"SAN ANDRÉS, VALVERDE",31,31,31,31,1,18.454838709677418,14.170967741935485,22.74516129032258,17.9,0,0,0
C925F,El Hierro,2015,9,"SAN ANDRÉS, VALVERDE",30,30,30,30,1,17.85333333333333,13.963333333333333,21.756666666666668,19.2,0,0,0
C925F,El Hierro,2015,10,"SAN ANDRÉS, VALVERDE",31,31,30,31,0.967741935483871,16.28,13.08,19.473333333333333,243.8,2,0,0
C925F,El Hierro,2015,11,"SAN ANDRÉS, VALVERDE",30,30,30,30,1,13.846666666666668,10.54,17.17,17.4,0,0,0
C925F,El Hierro,2015,12,"SAN ANDRÉS, VALVERDE",31,31,31,31,1,12.561290322580644,9.109677419354838,16,14.6,0,0,0
C925F,El Hierro,2016,1,"SAN ANDRÉS, VALVERDE",31,31,31,31,1,12.661290322580646,7.925806451612903,17.4,12,0,0,0
C925F,El Hierro,2016,2,"SAN ANDRÉS, VALVERDE",29,29,29,29,1,10.489655172413793,7.2172413793103445,13.772413793103448,62.6,0,0,0
C925F,El Hierro,2016,3,"SAN ANDRÉS, VALVERDE",31,31,31,31,1,10.012903225806452,6.896774193548387,13.12258064516129,42.8,0,0,0
C925F,El Hierro,2016,4,"SAN ANDRÉS, VALVERDE",30,30,30,30,1,11.216666666666667,7.676666666666667,14.76,37.2,0,0,0
C925F,El Hierro,2016,5,"SAN ANDRÉS, VALVERDE",31,31,31,31,1,11.712903225806452,8.548387096774194,14.87741935483871,35.4,0,0,0
C925F,El Hierro,2016,6,"SAN ANDRÉS, VALVERDE",30,30,30,30,1,17.16,12.31,22.013333333333332,8.4,2,0,0
C925F,El Hierro,2016,7,"SAN ANDRÉS, VALVERDE",31,31,31,31,1,20.196774193548386,14.919354838709678,25.47741935483871,3.4000000000000004,6,0,0
C925F,El Hierro,2016,8,"SAN ANDRÉS, VALVERDE",31,31,31,31,1,22.38064516129032,16.467741935483872,28.293548387096774,0.4,7,1,0
C925F,El Hierro,2016,9,"SAN ANDRÉS, VALVERDE",30,30,30,30,1,17.36,12.71,22.006666666666668,3.6,0,0,0
C925F,El Hierro,2016,10,"SAN ANDRÉS, VALVERDE",31,31,31,31,1,15.570967741935483,11.670967741935483,19.448387096774194,86,0,0,0
C925F,El Hierro,2016,11,"SAN ANDRÉS, VALVERDE",30,30,30,30,1,12.513333333333334,9.566666666666666,15.453333333333333,104,0,0,0
C925F,El Hierro,2016,12,"SAN ANDRÉS, VALVERDE",31,31,31,31,1,11.319354838709678,8.570967741935483,14.07741935483871,133.4,0,0,0
C925F,El Hierro,2017,1,"SAN ANDRÉS, VALVERDE",31,31,31,31,1,9.938709677419356,6.974193548387097,12.916129032258064,24,0,0,0
C925F,El Hierro,2017,2,"SAN ANDRÉS, VALVERDE",28,28,28,28,1,9.960714285714285,6.635714285714286,13.3,71.6,0,0,0
C925F,El Hierro,2017,3,"SAN ANDRÉS, VALVERDE",31,31,31,31,1,11.55483870967742,7.97741935483871,15.148387096774194,35.2,0,0,0
C925F,El Hierro,2017,4,"SAN ANDRÉS, VALVERDE",30,30,30,30,1,14.22,9.43,19.006666666666668,45.4,0,0,0
C925F,El Hierro,2017,5,"SAN ANDRÉS, VALVERDE",31,31,31,31,1,13.77741935483871,9.996774193548386,17.56774193548387,18,0,0,0
C925F,El Hierro,2017,6,"SAN ANDRÉS, VALVERDE",30,30,30,30,1,17.386666666666667,12.826666666666666,21.94,3,3,0,0
C925F,El Hierro,2017,7,"SAN ANDRÉS, VALVERDE",31,31,31,31,1,19.116129032258065,14.174193548387096,24.048387096774192,4.6000000000000005,7,0,0
C925F,El Hierro,2017,8,"SAN ANDRÉS, VALVERDE",31,31,31,31,1,22.75483870967742,17.51290322580645,27.990322580645163,1.8,11,0,0
C925F,El Hierro,2017,9,"SAN ANDRÉS, VALVERDE",30,30,30,30,1,18.42,13.843333333333334,22.97,13.6,0,0,0
C925F,El Hierro,2017,10,"SAN ANDRÉS, VALVERDE",31,31,31,31,1,17.941935483870967,13.654838709677419,22.225806451612904,6.8,3,0,0
C925F,El Hierro,2017,11,"SAN ANDRÉS, VALVERDE",30,30,30,30,1,15.356666666666667,12.086666666666666,18.64,54.4,0,0,0
C925F,El Hierro,2017,12,"SAN ANDRÉS, VALVERDE",31,31,31,31,1,10.780645161290323,8.183870967741935,13.370967741935484,60.4,0,0,0
C925F,El Hierro,2018,1,"SAN ANDRÉS, VALVERDE",31,31,31,31,1,10.306451612903226,7.225806451612903,13.406451612903226,70.2,0,0,0
C925F,El Hierro,2018,2,"SAN ANDRÉS, VALVERDE",28,28,28,28,1,8.696428571428571,6.139285714285714,11.235714285714286,187.6,0,0,0
C925F,El Hierro,2018,3,"SAN ANDRÉS, VALVERDE",31,31,31,31,1,11.57741935483871,7.925806451612903,15.216129032258065,35.6,0,0,0
C925F,El Hierro,2018,4,"SAN ANDRÉS, VALVERDE",30,30,30,30,1,10.503333333333334,7.493333333333333,13.506666666666666,35.2,0,0,0
C925F,El Hierro,2018,5,"SAN ANDRÉS, VALVERDE",31,31,31,31,1,10.883870967741935,8.448387096774194,13.329032258064517,13.8,0,0,0
C925F,El Hierro,2018,6,"SAN ANDRÉS, VALVERDE",30,30,30,30,1,14.65,10.423333333333334,18.886666666666667,15.8,0,0,0
C925F,El Hierro,2018,7,"SAN ANDRÉS, VALVERDE",31,31,31,31,1,17.635483870967743,13.141935483870968,22.125806451612902,0.8,2,0,0
C925F,El Hierro,2018,8,"SAN ANDRÉS, VALVERDE",31,31,31,31,1,19.29032258064516,14.761290322580646,23.81935483870968,4,5,0,0
C925F,El Hierro,2018,9,"SAN ANDRÉS, VALVERDE",30,30,30,30,1,17.84,13.58,22.076666666666668,0,0,0,0
C925F,El Hierro,2018,10,"SAN ANDRÉS, VALVERDE",31,31,31,31,1,15.203225806451613,11.522580645161291,18.87741935483871,92.2,0,0,0
C925F,El Hierro,2018,11,"SAN ANDRÉS, VALVERDE",30,30,30,30,1,12.14,9.166666666666666,15.11,129.6,0,0,0
C925F,El Hierro,2018,12,"SAN ANDRÉS, VALVERDE",31,31,31,31,1,12.512903225806452,8.183870967741935,16.858064516129033,0,0,0,0
C925F,El Hierro,2019,1,"SAN ANDRÉS, VALVERDE",31,31,31,31,1,9.235483870967743,6.193548387096774,12.26774193548387,40.2,0,0,0
C925F,El Hierro,2019,2,"SAN ANDRÉS, VALVERDE",28,28,28,28,1,11.414285714285715,7.421428571428572,15.385714285714286,31.400000000000002,0,0,0
C925F,El Hierro,2019,3,"SAN ANDRÉS, VALVERDE",31,31,31,31,1,10.432258064516128,6.732258064516129,14.138709677419355,78,0,0,0
C925F,El Hierro,2019,4,"SAN ANDRÉS, VALVERDE",30,30,30,30,1,10.803333333333333,7.336666666666667,14.293333333333333,74.6,0,0,0
C925F,El Hierro,2019,5,"SAN ANDRÉS, VALVERDE",31,31,31,31,1,13.803225806451612,9.087096774193549,18.532258064516128,6,0,0,0
C925F,El Hierro,2019,6,"SAN ANDRÉS, VALVERDE",30,30,30,30,1,14.99,11.15,18.846666666666668,7.800000000000001,0,0,0
C925F,El Hierro,2019,7,"SAN ANDRÉS, VALVERDE",31,31,31,31,1,16.04193548387097,12.070967741935483,20.006451612903227,3.4,0,0,0
C925F,El Hierro,2019,8,"SAN ANDRÉS, VALVERDE",31,31,31,31,1,21.616129032258065,15.964516129032258,27.274193548387096,0.8,7,0,0
C925F,El Hierro,2019,9,"SAN ANDRÉS, VALVERDE",30,29,29,28,0.9666666666666667,17.555172413793105,12.944827586206896,22.186206896551724,7.4,1,0,0
C925F,El Hierro,2020,11,"SAN ANDRÉS, VALVERDE",30,19,19,19,0.6333333333333333,14.75263157894737,11.721052631578948,17.8,82.8,0,0,0
C925F,El Hierro,2020,12,"SAN ANDRÉS, VALVERDE",31,31,31,31,1,10.793548387096774,8.458064516129033,13.135483870967741,279.4,0,0,0
C925F,El Hierro,2021,1,"SAN ANDRÉS, VALVERDE",31,31,31,31,1,11.406451612903226,7.767741935483871,15.05483870967742,144.2,0,0,0
C925F,El Hierro,2021,2,"SAN ANDRÉS, VALVERDE",28,28,28,28,1,10.35,6.575,14.121428571428572,102.2,0,0,0
C925F,El Hierro,2021,3,"SAN ANDRÉS, VALVERDE",31,31,31,31,1,10.245161290322581,7.2935483870967746,13.196774193548388,53.4,0,0,0
C925F,El Hierro,2021,4,"SAN ANDRÉS, VALVERDE",30,30,30,30,1,12.273333333333333,8.459999999999999,16.076666666666668,20.400000000000002,0,0,0
C925F,El Hierro,2021,5,"SAN ANDRÉS, VALVERDE",31,31,31,31,1,13.37741935483871,9.735483870967741,17.00967741935484,3.8,0,0,0
C925F,El Hierro,2021,6,"SAN ANDRÉS, VALVERDE",30,30,30,30,1,15.71,11.543333333333333,19.866666666666667,2.2,0,0,0
C925F,El Hierro,2021,7,"SAN ANDRÉS, VALVERDE",31,31,31,31,1,19.86774193548387,14.64516129032258,25.1,9,5,0,0
C925F,El Hierro,2021,8,"SAN ANDRÉS, VALVERDE",31,31,31,31,1,20.638709677419353,15.938709677419356,25.335483870967742,3.8,6,2,0
C925F,El Hierro,2021,9,"SAN ANDRÉS, VALVERDE",30,30,30,30,1,19.043333333333333,14.696666666666667,23.38,7,3,0,0
C925F,El Hierro,2021,10,"SAN ANDRÉS, VALVERDE",31,31,31,31,1,17.438709677419354,12.77741935483871,22.10967741935484,12.799999999999999,0,0,0
C925F,El Hierro,2021,11,"SAN ANDRÉS, VALVERDE",30,30,30,30,1,12.7,9.46,15.95,41.199999999999996,0,0,0
C925F,El Hierro,2021,12,"SAN ANDRÉS, VALVERDE",31,31,31,31,1,11.45483870967742,8.319354838709678,14.593548387096774,32.6,0,0,0
C925F,El Hierro,2022,1,"SAN ANDRÉS, VALVERDE",31,31,31,31,1,10.290322580645162,7.241935483870968,13.348387096774193,95.2,0,0,0
C925F,El Hierro,2022,2,"SAN ANDRÉS, VALVERDE",28,28,28,28,1,11.157142857142857,7.867857142857143,14.457142857142857,74,0,0,0
C925F,El Hierro,2022,3,"SAN ANDRÉS, VALVERDE",31,31,31,31,1,9.712903225806452,7.093548387096774,12.335483870967742,96.4,0,0,0
C925F,El Hierro,2022,4,"SAN ANDRÉS, VALVERDE",30,30,30,30,1,11.546666666666667,7.78,15.296666666666667,58,0,0,0
C925F,El Hierro,2022,5,"SAN ANDRÉS, VALVERDE",31,31,31,31,1,14.03225806451613,9.709677419354838,18.364516129032257,1.6,0,0,0
C925F,El Hierro,2022,6,"SAN ANDRÉS, VALVERDE",30,30,30,30,1,15.55,11.576666666666666,19.54,4.4,0,0,0
C925F,El Hierro,2022,7,"SAN ANDRÉS, VALVERDE",31,31,31,31,1,20.954838709677418,15.2,26.693548387096772,10.8,7,1,0
C925F,El Hierro,2022,8,"SAN ANDRÉS, VALVERDE",31,31,31,31,1,21.758064516129032,16.79032258064516,26.741935483870968,3.6,13,0,0
C925F,El Hierro,2022,9,"SAN ANDRÉS, VALVERDE",30,30,30,30,1,17.866666666666667,14.236666666666666,21.496666666666666,327.2,0,0,0
C925F,El Hierro,2022,10,"SAN ANDRÉS, VALVERDE",31,31,31,31,1,16.519354838709678,12.40967741935484,20.651612903225807,4.8,0,0,0
C925F,El Hierro,2022,11,"SAN ANDRÉS, VALVERDE",30,30,30,30,1,14.546666666666667,10,19.086666666666666,13.200000000000001,0,0,0
C925F,El Hierro,2022,12,"SAN ANDRÉS, VALVERDE",31,31,31,31,1,12.977419354838709,9.87741935483871,16.1,151.6,0,0,0
C925F,El Hierro,2023,1,"SAN ANDRÉS, VALVERDE",31,31,31,31,1,10.193548387096774,7.441935483870967,12.935483870967742,120.2,0,0,0
C925F,El Hierro,2023,2,"SAN ANDRÉS, VALVERDE",28,28,28,28,1,9.335714285714285,6.057142857142857,12.632142857142858,75.2,0,0,0
C925F,El Hierro,2023,3,"SAN ANDRÉS, VALVERDE",31,31,31,31,1,14.696774193548388,9.287096774193548,20.12258064516129,17.200000000000003,0,0,0
C925F,El Hierro,2023,4,"SAN ANDRÉS, VALVERDE",30,30,29,30,0.9666666666666667,14.313793103448276,8.89655172413793,19.74137931034483,3.8,0,0,0
C925F,El Hierro,2023,5,"SAN ANDRÉS, VALVERDE",31,31,31,31,1,13.635483870967741,9.57741935483871,17.68709677419355,8.2,0,0,0
C925F,El Hierro,2023,6,"SAN ANDRÉS, VALVERDE",30,30,30,30,1,17.86,12.959999999999999,22.776666666666667,41.8,2,0,0
C925F,El Hierro,2023,7,"SAN ANDRÉS, VALVERDE",31,31,31,31,1,19.664516129032258,14.812903225806451,24.503225806451614,1,5,0,0
C925F,El Hierro,2023,8,"SAN ANDRÉS, VALVERDE",31,31,31,31,1,23.10967741935484,17.751612903225805,28.46451612903226,5.8,8,3,0
C925F,El Hierro,2023,9,"SAN ANDRÉS, VALVERDE",30,30,30,30,1,17.54,13.53,21.546666666666667,26.2,0,0,0
C925F,El Hierro,2023,10,"SAN ANDRÉS, VALVERDE",31,31,31,31,1,19.596774193548388,14.964516129032258,24.229032258064517,37.199999999999996,1,0,0
C925F,El Hierro,2023,11,"SAN ANDRÉS, VALVERDE",30,30,30,30,1,15.5,11.446666666666667,19.573333333333334,69.2,0,0,0
C925F,El Hierro,2023,12,"SAN ANDRÉS, VALVERDE",31,31,31,31,1,12.403225806451612,9.112903225806452,15.696774193548388,72.8,0,0,0
C925F,El Hierro,2024,1,"SAN ANDRÉS, VALVERDE",31,31,31,31,1,13.258064516129032,9.435483870967742,17.058064516129033,19.2,0,0,0
C925F,El Hierro,2024,2,"SAN ANDRÉS, VALVERDE",29,29,29,29,1,13.10344827586207,9.127586206896552,17.089655172413792,22.8,0,0,0
C925F,El Hierro,2024,3,"SAN ANDRÉS, VALVERDE",31,31,31,31,1,11.261290322580646,8.041935483870969,14.493548387096775,69.60000000000001,0,0,0
C925F,El Hierro,2024,4,"SAN ANDRÉS, VALVERDE",30,30,30,30,1,15.403333333333332,10.816666666666666,20,9.8,0,0,0
C925F,El Hierro,2024,5,"SAN ANDRÉS, VALVERDE",31,31,31,31,1,14.241935483870968,10.509677419354839,17.98709677419355,12.200000000000001,0,0,0
C925F,El Hierro,2024,6,"SAN ANDRÉS, VALVERDE",30,30,30,30,1,14.743333333333334,11.11,18.39666666666667,12.2,0,0,0
C925F,El Hierro,2024,7,"SAN ANDRÉS, VALVERDE",31,31,31,31,1,20.425806451612903,15.087096774193549,25.770967741935483,5.8,5,0,0
C925F,El Hierro,2024,8,"SAN ANDRÉS, VALVERDE",31,31,31,31,1,21.467741935483872,15.832258064516129,27.103225806451615,2,4,0,0
C925F,El Hierro,2024,9,"SAN ANDRÉS, VALVERDE",30,30,30,30,1,16.486666666666668,12.57,20.39666666666667,4,0,0,0
C925F,El Hierro,2024,10,"SAN ANDRÉS, VALVERDE",31,31,30,31,0.967741935483871,16.746666666666666,12.654838709677419,20.816666666666666,34,0,0,0
C925F,El Hierro,2024,11,"SAN ANDRÉS, VALVERDE",30,30,30,30,1,15.85,11.783333333333333,19.913333333333334,23.8,0,0,0
C925F,El Hierro,2024,12,"SAN ANDRÉS, VALVERDE",31,31,31,31,1,12.335483870967742,9.429032258064517,15.248387096774193,37.6,0,0,0
C925F,El Hierro,2025,1,"SAN ANDRÉS, VALVERDE",31,31,31,31,1,10.916129032258064,7.287096774193548,14.558064516129033,61.4,0,0,0
C925F,El Hierro,2025,2,"SAN ANDRÉS, VALVERDE",28,28,28,28,1,10.632142857142856,6.632142857142857,14.642857142857142,56,0,0,0
C925F,El Hierro,2025,3,"SAN ANDRÉS, VALVERDE",31,31,31,31,1,9.77741935483871,6.858064516129033,12.69032258064516,159.2,0,0,0
C925F,El Hierro,2025,4,"SAN ANDRÉS, VALVERDE",30,30,30,30,1,11.01,8.29,13.73,98.4,0,0,0
C925F,El Hierro,2025,5,"SAN ANDRÉS, VALVERDE",31,31,31,31,1,12.803225806451612,9.27741935483871,16.348387096774193,20.8,0,0,0
C925F,El Hierro,2025,6,"SAN ANDRÉS, VALVERDE",30,30,30,30,1,15.986666666666666,11.32,20.66,1.2000000000000002,0,0,0
C925F,El Hierro,2025,7,"SAN ANDRÉS, VALVERDE",31,31,31,31,1,19.174193548387098,14.03225806451613,24.31935483870968,11.6,4,0,0
C925F,El Hierro,2025,8,"SAN ANDRÉS, VALVERDE",31,31,17,31,0.5483870967741935,20.8,16.235294117647058,25.370588235294118,12.2,5,0,0
C925F,El Hierro,2025,9,"SAN ANDRÉS, VALVERDE",30,30,30,30,1,18.403333333333332,14.193333333333333,22.636666666666667,3.6,3,0,0
C925F,El Hierro,2025,10,"SAN ANDRÉS, VALVERDE",31,31,31,31,1,16.89032258064516,12.53225806451613,21.23548387096774,27,0,0,0
C925F,El Hierro,2025,11,"SAN ANDRÉS, VALVERDE",30,30,30,30,1,14.503333333333334,11.343333333333334,17.666666666666668,123.6,0,0,0
C925F,El Hierro,2025,12,"SAN ANDRÉS, VALVERDE",31,31,31,31,1,10.519354838709678,7.980645161290322,13.07741935483871,90.8,0,0,0
C929I,El Hierro,2015,1,HIERRO AEROPUERTO,31,31,31,31,1,18.719354838709677,17.516129032258064,19.93548387096774,6.5,0,0,0
C929I,El Hierro,2015,2,HIERRO AEROPUERTO,28,28,28,28,1,17.585714285714285,16.17142857142857,19.014285714285712,35.1,0,0,0
C929I,El Hierro,2015,3,HIERRO AEROPUERTO,31,31,31,31,1,18.37741935483871,16.64516129032258,20.116129032258065,3.4,0,0,0
C929I,El Hierro,2015,4,HIERRO AEROPUERTO,30,30,30,30,1,19.306666666666665,17.18,21.446666666666665,8.200000000000001,0,0,0
C929I,El Hierro,2015,5,HIERRO AEROPUERTO,31,31,31,31,1,21.03548387096774,19.038709677419355,23.038709677419355,0.1,3,0,0
C929I,El Hierro,2015,6,HIERRO AEROPUERTO,30,30,29,30,0.9666666666666667,22.051724137931036,20.131034482758622,23.96551724137931,0.2,19,0,0
C929I,El Hierro,2015,7,HIERRO AEROPUERTO,31,31,31,31,1,23.980645161290322,22,25.954838709677418,0,31,0,0
C929I,El Hierro,2015,8,HIERRO AEROPUERTO,31,31,31,31,1,25.1,23.070967741935483,27.129032258064516,11.5,31,0,0
C929I,El Hierro,2015,9,HIERRO AEROPUERTO,30,30,30,30,1,25.743333333333332,23.64,27.83,9.5,30,1,0
C929I,El Hierro,2015,10,HIERRO AEROPUERTO,31,31,31,31,1,24.374193548387098,22.048387096774192,26.693548387096776,57.3,28,2,0
C929I,El Hierro,2015,11,HIERRO AEROPUERTO,30,30,30,30,1,22.76,21.03333333333333,24.496666666666666,1.7999999999999998,23,0,0
C929I,El Hierro,2015,12,HIERRO AEROPUERTO,31,31,31,31,1,21.338709677419356,18.970967741935485,23.72258064516129,6.699999999999999,8,0,0
C929I,El Hierro,2016,1,HIERRO AEROPUERTO,31,31,31,31,1,20.545161290322582,18.47741935483871,22.6,8.9,2,0,0
C929I,El Hierro,2016,2,HIERRO AEROPUERTO,29,29,29,29,1,19.25862068965517,17.78965517241379,20.724137931034484,6.5,0,0,0
C929I,El Hierro,2016,3,HIERRO AEROPUERTO,31,31,31,31,1,18.903225806451612,17.18064516129032,20.63225806451613,7.3,0,0,0
C929I,El Hierro,2016,4,HIERRO AEROPUERTO,30,30,30,30,1,19.973333333333333,17.653333333333332,22.29,7,0,0,0
C929I,El Hierro,2016,5,HIERRO AEROPUERTO,31,31,31,31,1,20.858064516129033,18.780645161290323,22.94516129032258,14.3,0,0,0
C929I,El Hierro,2016,6,HIERRO AEROPUERTO,30,30,30,30,1,22.823333333333334,20.956666666666667,24.72,0.1,27,0,0
C929I,El Hierro,2016,7,HIERRO AEROPUERTO,31,31,30,31,0.967741935483871,23.433333333333334,21.52,25.323333333333334,0.5,30,0,0
C929I,El Hierro,2016,8,HIERRO AEROPUERTO,31,31,31,31,1,24.674193548387098,22.980645161290322,26.364516129032257,0,31,0,0
C929I,El Hierro,2016,9,HIERRO AEROPUERTO,30,30,30,30,1,24.626666666666665,23.08,26.14666666666667,0.3,30,0,0
C929I,El Hierro,2016,10,HIERRO AEROPUERTO,31,31,31,31,1,23.75483870967742,21.703225806451613,25.79032258064516,49,27,0,0
C929I,El Hierro,2016,11,HIERRO AEROPUERTO,30,30,30,30,1,21.733333333333334,19.99,23.486666666666668,27.2,13,0,0
C929I,El Hierro,2016,12,HIERRO AEROPUERTO,31,31,31,31,1,20.87741935483871,18.95806451612903,22.8,27.6,4,0,0
C929I,El Hierro,2017,1,HIERRO AEROPUERTO,31,31,31,31,1,19.664516129032258,17.77741935483871,21.545161290322582,6.7,0,0,0
C929I,El Hierro,2017,2,HIERRO AEROPUERTO,28,28,28,28,1,19.1,17.303571428571427,20.9,22.5,0,0,0
C929I,El Hierro,2017,3,HIERRO AEROPUERTO,31,31,31,31,1,19.467741935483872,17.438709677419354,21.48709677419355,8.8,1,0,0
C929I,El Hierro,2017,4,HIERRO AEROPUERTO,30,30,30,30,1,21.053333333333335,18.476666666666667,23.64,11,3,0,0
C929I,El Hierro,2017,5,HIERRO AEROPUERTO,31,31,31,31,1,22.009677419354837,19.77741935483871,24.248387096774195,6.6000000000000005,16,0,0
C929I,El Hierro,2017,6,HIERRO AEROPUERTO,30,30,30,30,1,22.966666666666665,21.193333333333335,24.753333333333334,0,30,0,0
C929I,El Hierro,2017,7,HIERRO AEROPUERTO,31,31,31,31,1,23.39032258064516,21.651612903225807,25.11935483870968,0.3,30,0,0
C929I,El Hierro,2017,8,HIERRO AEROPUERTO,31,31,31,31,1,24.490322580645163,22.690322580645162,26.283870967741937,0.1,30,0,0
C929I,El Hierro,2017,9,HIERRO AEROPUERTO,30,30,30,30,1,24.273333333333333,22.75,25.796666666666667,0.6000000000000001,30,0,0
C929I,El Hierro,2017,10,HIERRO AEROPUERTO,31,31,31,31,1,24.461290322580645,22.348387096774193,26.57741935483871,0.6,30,0,0
C929I,El Hierro,2017,11,HIERRO AEROPUERTO,30,30,30,30,1,22.47,20.74,24.206666666666667,24.599999999999998,20,0,0
C929I,El Hierro,2017,12,HIERRO AEROPUERTO,31,31,31,31,1,20.032258064516128,18.593548387096774,21.47741935483871,13.3,1,0,0
C929I,El Hierro,2018,1,HIERRO AEROPUERTO,31,31,31,31,1,18.95806451612903,17.51290322580645,20.42258064516129,10.1,0,0,0
C929I,El Hierro,2018,2,HIERRO AEROPUERTO,28,28,28,28,1,17.87142857142857,15.978571428571428,19.732142857142858,83.2,0,0,0
C929I,El Hierro,2018,3,HIERRO AEROPUERTO,31,31,31,31,1,19.564516129032256,17.532258064516128,21.59032258064516,4,0,0,0
C929I,El Hierro,2018,4,HIERRO AEROPUERTO,30,30,30,30,1,19.33,17.556666666666665,21.1,3.4,0,0,0
C929I,El Hierro,2018,5,HIERRO AEROPUERTO,31,31,31,31,1,19.97741935483871,18.10967741935484,21.84516129032258,0.2,0,0,0
C929I,El Hierro,2018,6,HIERRO AEROPUERTO,30,30,30,30,1,21.52,19.65,23.406666666666666,2.3000000000000003,11,0,0
C929I,El Hierro,2018,7,HIERRO AEROPUERTO,31,31,31,31,1,22.870967741935484,21.048387096774192,24.68709677419355,0,31,0,0
C929I,El Hierro,2018,8,HIERRO AEROPUERTO,31,31,31,31,1,23.84516129032258,22.019354838709678,25.658064516129034,1.4,31,0,0
C929I,El Hierro,2018,9,HIERRO AEROPUERTO,30,30,30,30,1,24.166666666666668,22.256666666666668,26.1,0,30,0,0
C929I,El Hierro,2018,10,HIERRO AEROPUERTO,31,31,31,31,1,23.138709677419353,20.85483870967742,25.43548387096774,33.4,20,0,0
C929I,El Hierro,2018,11,HIERRO AEROPUERTO,30,30,30,30,1,20.883333333333333,19.013333333333332,22.746666666666666,39,8,0,0
C929I,El Hierro,2018,12,HIERRO AEROPUERTO,31,31,31,31,1,20.467741935483872,18.454838709677418,22.48709677419355,0.2,2,0,0
C929I,El Hierro,2019,1,HIERRO AEROPUERTO,31,31,31,31,1,18.690322580645162,16.806451612903228,20.60322580645161,6.3,0,0,0
C929I,El Hierro,2019,2,HIERRO AEROPUERTO,28,28,28,28,1,19.25,16.646428571428572,21.835714285714285,3.7,1,0,0
C929I,El Hierro,2019,3,HIERRO AEROPUERTO,31,31,31,31,1,18.858064516129033,17.174193548387098,20.55483870967742,20,0,0,0
C929I,El Hierro,2019,4,HIERRO AEROPUERTO,30,30,30,30,1,19.366666666666667,17.51,21.23,35.300000000000004,0,0,0
C929I,El Hierro,2019,5,HIERRO AEROPUERTO,31,31,31,31,1,20.835483870967742,19.074193548387097,22.606451612903225,0,0,0,0
C929I,El Hierro,2019,6,HIERRO AEROPUERTO,30,30,30,30,1,22.403333333333332,20.27,24.53,1.4,17,0,0
C929I,El Hierro,2019,7,HIERRO AEROPUERTO,31,31,31,31,1,23.31290322580645,21.490322580645163,25.141935483870967,0,31,0,0
C929I,El Hierro,2019,8,HIERRO AEROPUERTO,31,31,31,31,1,24.141935483870967,22.351612903225806,25.94516129032258,0,31,0,0
C929I,El Hierro,2019,9,HIERRO AEROPUERTO,30,30,30,30,1,24.013333333333332,22.256666666666668,25.756666666666668,5.1,30,0,0
C929I,El Hierro,2019,10,HIERRO AEROPUERTO,31,31,31,31,1,23.558064516129033,21.635483870967743,25.467741935483872,3.3000000000000003,29,0,0
C929I,El Hierro,2019,11,HIERRO AEROPUERTO,30,30,30,30,1,21.766666666666666,20.253333333333334,23.266666666666666,2.2,20,0,0
C929I,El Hierro,2019,12,HIERRO AEROPUERTO,31,31,29,31,0.9354838709677419,20.25862068965517,18.165517241379312,22.36551724137931,7,1,0,0
C929I,El Hierro,2020,1,HIERRO AEROPUERTO,31,31,31,31,1,19.129032258064516,16.919354838709676,21.34193548387097,1.1,0,0,0
C929I,El Hierro,2020,2,HIERRO AEROPUERTO,29,29,29,29,1,20.29310344827586,17.99310344827586,22.593103448275862,0.3,0,0,0
C929I,El Hierro,2020,3,HIERRO AEROPUERTO,31,31,31,31,1,19.241935483870968,17.37741935483871,21.10322580645161,7.6,0,0,0
C929I,El Hierro,2020,4,HIERRO AEROPUERTO,30,30,30,30,1,20.726666666666667,18.413333333333334,23.063333333333333,9.2,1,0,0
C929I,El Hierro,2020,5,HIERRO AEROPUERTO,31,31,31,31,1,21.60322580645161,19.37741935483871,23.83225806451613,0.6000000000000001,5,0,0
C929I,El Hierro,2020,6,HIERRO AEROPUERTO,30,30,30,30,1,23.13,21.04,25.223333333333333,9.3,28,0,0
C929I,El Hierro,2020,7,HIERRO AEROPUERTO,31,31,31,31,1,23.348387096774193,21.43548387096774,25.251612903225805,0,31,0,0
C929I,El Hierro,2020,8,HIERRO AEROPUERTO,31,31,31,31,1,24.193548387096776,22.39677419354839,25.9741935483871,0,31,0,0
C929I,El Hierro,2020,9,HIERRO AEROPUERTO,30,30,30,30,1,24.596666666666668,22.78,26.406666666666666,4,30,0,0
C929I,El Hierro,2020,10,HIERRO AEROPUERTO,31,31,31,31,1,23.68709677419355,21.683870967741935,25.693548387096776,11.6,29,0,0
C929I,El Hierro,2020,11,HIERRO AEROPUERTO,30,30,30,30,1,21.993333333333332,19.616666666666667,24.373333333333335,29.900000000000002,16,0,0
C929I,El Hierro,2020,12,HIERRO AEROPUERTO,31,31,31,31,1,19.822580645161292,18.038709677419355,21.6,36.5,0,0,0
C929I,El Hierro,2021,1,HIERRO AEROPUERTO,31,31,31,31,1,19.141935483870967,17.15483870967742,21.141935483870967,20.099999999999998,0,0,0
C929I,El Hierro,2021,2,HIERRO AEROPUERTO,28,28,28,28,1,18.82857142857143,16.589285714285715,21.039285714285715,15.899999999999999,0,0,0
C929I,El Hierro,2021,3,HIERRO AEROPUERTO,31,31,31,31,1,19.348387096774193,17.43225806451613,21.26451612903226,6,0,0,0
C929I,El Hierro,2021,4,HIERRO AEROPUERTO,30,30,30,30,1,20.666666666666668,18.3,23.023333333333333,4.7,1,0,0
C929I,El Hierro,2021,5,HIERRO AEROPUERTO,31,31,31,31,1,20.93548387096774,19.225806451612904,22.651612903225807,2.4,1,0,0
C929I,El Hierro,2021,6,HIERRO AEROPUERTO,30,30,30,30,1,21.91,20,23.813333333333333,0.3,17,0,0
C929I,El Hierro,2021,7,HIERRO AEROPUERTO,31,31,31,31,1,22.748387096774195,21.051612903225806,24.438709677419354,0.30000000000000004,31,0,0
C929I,El Hierro,2021,8,HIERRO AEROPUERTO,31,31,31,31,1,24.27741935483871,22.11935483870968,26.43225806451613,0.5,31,0,0
C929I,El Hierro,2021,9,HIERRO AEROPUERTO,30,30,30,30,1,25.04,23.06,27.026666666666667,0.6,30,0,0
C929I,El Hierro,2021,10,HIERRO AEROPUERTO,31,31,31,31,1,23.5,21.719354838709677,25.3,1.7,31,0,0
C929I,El Hierro,2021,11,HIERRO AEROPUERTO,30,30,30,30,1,21.446666666666665,19.693333333333335,23.183333333333334,3.7,15,0,0
C929I,El Hierro,2021,12,HIERRO AEROPUERTO,31,31,31,31,1,20.070967741935483,18.032258064516128,22.083870967741937,9.799999999999999,0,0,0
C929I,El Hierro,2022,1,HIERRO AEROPUERTO,31,31,31,31,1,19.54516129032258,17.25161290322581,21.829032258064515,15.1,0,0,0
C929I,El Hierro,2022,2,HIERRO AEROPUERTO,28,28,28,28,1,19.360714285714284,17.28214285714286,21.47142857142857,33.4,0,0,0
C929I,El Hierro,2022,3,HIERRO AEROPUERTO,31,31,31,31,1,18.874193548387098,16.98709677419355,20.76451612903226,28.9,0,0,0
C929I,El Hierro,2022,4,HIERRO AEROPUERTO,30,30,30,30,1,19.65,17.746666666666666,21.55,12.299999999999999,0,0,0
C929I,El Hierro,2022,5,HIERRO AEROPUERTO,31,31,31,31,1,21.24838709677419,19.11935483870968,23.36774193548387,0.4,5,0,0
C929I,El Hierro,2022,6,HIERRO AEROPUERTO,30,30,30,30,1,22.123333333333335,20.38,23.876666666666665,0,27,0,0
C929I,El Hierro,2022,7,HIERRO AEROPUERTO,31,31,31,31,1,23.406451612903226,21.28709677419355,25.532258064516128,0.4,28,0,0
C929I,El Hierro,2022,8,HIERRO AEROPUERTO,31,31,31,31,1,24,21.948387096774194,26.061290322580646,0,31,0,0
C929I,El Hierro,2022,9,HIERRO AEROPUERTO,30,30,30,30,1,24.523333333333333,22.586666666666666,26.433333333333334,64.5,30,0,0
C929I,El Hierro,2022,10,HIERRO AEROPUERTO,31,31,31,31,1,23.532258064516128,21.65806451612903,25.387096774193548,0,28,0,0
C929I,El Hierro,2022,11,HIERRO AEROPUERTO,30,30,30,30,1,22.72,21.169999999999998,24.25,0.5,27,0,0
C929I,El Hierro,2022,12,HIERRO AEROPUERTO,31,31,31,31,1,21.009677419354837,18.40967741935484,23.61935483870968,77.6,4,0,0
C929I,El Hierro,2023,1,HIERRO AEROPUERTO,31,31,31,31,1,19.56451612903226,17.93225806451613,21.183870967741935,3.8000000000000003,1,0,0
C929I,El Hierro,2023,2,HIERRO AEROPUERTO,28,28,28,28,1,18.70357142857143,16.50357142857143,20.9,13.5,0,0,0
C929I,El Hierro,2023,3,HIERRO AEROPUERTO,31,31,31,31,1,20.93548387096774,18.738709677419354,23.125806451612902,0.3,4,0,0
C929I,El Hierro,2023,4,HIERRO AEROPUERTO,30,30,30,30,1,20.843333333333334,18.803333333333335,22.883333333333333,0.9,2,0,0
C929I,El Hierro,2023,5,HIERRO AEROPUERTO,31,31,31,31,1,21.693548387096776,19.670967741935485,23.706451612903226,7.8999999999999995,11,0,0
C929I,El Hierro,2023,6,HIERRO AEROPUERTO,30,30,30,30,1,23.97,21.64666666666667,26.303333333333335,18.4,28,0,0
C929I,El Hierro,2023,7,HIERRO AEROPUERTO,31,31,31,31,1,24.548387096774192,22.71290322580645,26.38064516129032,0,31,0,0
C929I,El Hierro,2023,8,HIERRO AEROPUERTO,31,31,31,31,1,25.61935483870968,23.587096774193547,27.661290322580644,3.8,31,0,0
C929I,El Hierro,2023,9,HIERRO AEROPUERTO,30,30,30,30,1,25.2,23.296666666666667,27.1,0.4,30,0,0
C929I,El Hierro,2023,10,HIERRO AEROPUERTO,31,31,31,31,1,26.53548387096774,23.358064516129033,29.706451612903226,9.7,31,4,0
C929I,El Hierro,2023,11,HIERRO AEROPUERTO,30,30,30,30,1,23.28333333333333,21.15,25.406666666666666,15.6,23,0,0
C929I,El Hierro,2023,12,HIERRO AEROPUERTO,31,31,31,31,1,21.34516129032258,19.267741935483873,23.425806451612903,28.599999999999998,16,0,0
C929I,El Hierro,2024,1,HIERRO AEROPUERTO,31,31,31,31,1,21.116129032258065,18.509677419354837,23.693548387096776,3,2,0,0
C929I,El Hierro,2024,2,HIERRO AEROPUERTO,29,29,29,29,1,20.70689655172414,18.29310344827586,23.127586206896552,1.2,1,0,0
C929I,El Hierro,2024,3,HIERRO AEROPUERTO,31,31,31,31,1,20.070967741935483,17.85483870967742,22.3,17.599999999999998,0,0,0
C929I,El Hierro,2024,4,HIERRO AEROPUERTO,30,30,30,30,1,21.57,19.106666666666666,24.02,0.5,7,0,0
C929I,El Hierro,2024,5,HIERRO AEROPUERTO,31,31,31,31,1,21.52258064516129,19.72258064516129,23.33225806451613,0.5,10,0,0
C929I,El Hierro,2024,6,HIERRO AEROPUERTO,30,30,30,30,1,22.296666666666667,20.533333333333335,24.063333333333333,0.6000000000000001,27,0,0
C929I,El Hierro,2024,7,HIERRO AEROPUERTO,31,31,31,31,1,23.225806451612904,21.27741935483871,25.183870967741935,0.1,30,0,0
C929I,El Hierro,2024,8,HIERRO AEROPUERTO,31,31,31,31,1,24.39032258064516,22.529032258064515,26.261290322580646,1.4,31,0,0
C929I,El Hierro,2024,9,HIERRO AEROPUERTO,30,30,30,30,1,23.876666666666665,22.063333333333333,25.676666666666666,0,30,0,0
C929I,El Hierro,2024,10,HIERRO AEROPUERTO,31,31,31,31,1,23.448387096774194,21.612903225806452,25.29032258064516,1,28,0,0
C929I,El Hierro,2024,11,HIERRO AEROPUERTO,30,30,30,30,1,22.716666666666665,19.983333333333334,25.426666666666666,12.700000000000001,14,0,0
C929I,El Hierro,2024,12,HIERRO AEROPUERTO,31,31,31,31,1,20.761290322580646,18.94516129032258,22.56451612903226,6.199999999999999,8,0,0
C929I,El Hierro,2025,1,HIERRO AEROPUERTO,31,31,31,31,1,19.60322580645161,17.503225806451614,21.7,14.1,0,0,0
C929I,El Hierro,2025,2,HIERRO AEROPUERTO,28,28,28,28,1,19.192857142857143,17.339285714285715,21.05,5,0,0,0
C929I,El Hierro,2025,3,HIERRO AEROPUERTO,31,31,31,31,1,19,16.516129032258064,21.483870967741936,51.9,0,0,0
C929I,El Hierro,2025,4,HIERRO AEROPUERTO,30,30,30,30,1,19.733333333333334,17.653333333333332,21.796666666666667,53.4,0,0,0
C929I,El Hierro,2025,5,HIERRO AEROPUERTO,31,31,31,31,1,21.029032258064515,18.961290322580645,23.10967741935484,8.7,5,0,0
C929I,El Hierro,2025,6,HIERRO AEROPUERTO,30,30,30,30,1,22.596666666666668,20.666666666666668,24.496666666666666,0,27,0,0
C929I,El Hierro,2025,7,HIERRO AEROPUERTO,31,31,31,31,1,23.85483870967742,21.809677419354838,25.906451612903226,0.9,31,0,0
C929I,El Hierro,2025,8,HIERRO AEROPUERTO,31,31,31,31,1,24.72258064516129,22.95806451612903,26.496774193548386,0.3,31,0,0
C929I,El Hierro,2025,9,HIERRO AEROPUERTO,30,30,30,30,1,24.776666666666667,22.726666666666667,26.816666666666666,0.1,30,1,0
C929I,El Hierro,2025,10,HIERRO AEROPUERTO,31,31,31,31,1,23.938709677419354,21.92258064516129,25.93225806451613,3.3,31,0,0
C929I,El Hierro,2025,11,HIERRO AEROPUERTO,30,30,30,30,1,22.536666666666665,20.35333333333333,24.726666666666667,32.5,20,0,0
C929I,El Hierro,2025,12,HIERRO AEROPUERTO,31,31,31,31,1,19.683870967741935,17.893548387096775,21.46451612903226,12.3,1,0,0
